timestamp,language,text,model,latency_seconds,status,output_file
2026-02-24 17:39:11.440805,english,Turn on bedroom air purifier 1.,ElevenLabs,1.2562849521636963,Success,../outputs/elevenlabs/english/english_0.mp3
2026-02-24 17:39:11.440805,english,Turn on bedroom air purifier 1.,Sarvam,1.4370205402374268,Success,../outputs/sarvam/english/english_0.wav
2026-02-24 17:39:14.148112,english,Turn on buzzer control in bedroom air purifier 1.,ElevenLabs,1.4049136638641357,Success,../outputs/elevenlabs/english/english_1.mp3
2026-02-24 17:39:14.148112,english,Turn on buzzer control in bedroom air purifier 1.,Sarvam,1.7626051902770996,Success,../outputs/sarvam/english/english_1.wav
2026-02-24 17:39:17.328006,english,Set fan speed 4 in bedroom air purifier 1.,ElevenLabs,1.2875967025756836,Success,../outputs/elevenlabs/english/english_2.mp3
2026-02-24 17:39:17.328006,english,Set fan speed 4 in bedroom air purifier 1.,Sarvam,1.612640380859375,Success,../outputs/sarvam/english/english_2.wav
2026-02-24 17:39:20.239044,english,Set night mode in bedroom air purifier 1.,ElevenLabs,1.5492019653320312,Success,../outputs/elevenlabs/english/english_3.mp3
2026-02-24 17:39:20.239044,english,Set night mode in bedroom air purifier 1.,Sarvam,1.8161852359771729,Success,../outputs/sarvam/english/english_3.wav
2026-02-24 17:39:23.619902,english,Set switch off timer 60 minutes in bedroom air purifier 1.,ElevenLabs,1.4536209106445312,Success,../outputs/elevenlabs/english/english_4.mp3
2026-02-24 17:39:23.619902,english,Set switch off timer 60 minutes in bedroom air purifier 1.,Sarvam,2.1024837493896484,Success,../outputs/sarvam/english/english_4.wav
2026-02-24 17:39:27.185005,english,Set ring led brightness to 40 in bedroom air purifier 1.,ElevenLabs,1.3752024173736572,Success,../outputs/elevenlabs/english/english_5.mp3
2026-02-24 17:39:27.185005,english,Set ring led brightness to 40 in bedroom air purifier 1.,Sarvam,2.2104387283325195,Success,../outputs/sarvam/english/english_5.wav
2026-02-24 17:39:30.784009,english,Turn on turbo mode and turn off buzzer control in bedroom air purifier 1.,ElevenLabs,1.4666178226470947,Success,../outputs/elevenlabs/english/english_6.mp3
2026-02-24 17:39:30.784009,english,Turn on turbo mode and turn off buzzer control in bedroom air purifier 1.,Sarvam,2.368981122970581,Success,../outputs/sarvam/english/english_6.wav
2026-02-24 17:39:34.634523,english,Set switch off timer 720 minutes in bedroom air purifier 1.,ElevenLabs,1.4988279342651367,Success,../outputs/elevenlabs/english/english_7.mp3
2026-02-24 17:39:34.634523,english,Set switch off timer 720 minutes in bedroom air purifier 1.,Sarvam,2.798443078994751,Success,../outputs/sarvam/english/english_7.wav
2026-02-24 17:39:38.942798,english,Turn on the air purifier in dining room.,ElevenLabs,1.2264196872711182,Success,../outputs/elevenlabs/english/english_8.mp3
2026-02-24 17:39:38.942798,english,Turn on the air purifier in dining room.,Sarvam,1.721008062362671,Success,../outputs/sarvam/english/english_8.wav
2026-02-24 17:39:41.906017,english,What is the status of my bedroom air purifier 1?,ElevenLabs,1.3307771682739258,Success,../outputs/elevenlabs/english/english_9.mp3
2026-02-24 17:39:41.906017,english,What is the status of my bedroom air purifier 1?,Sarvam,1.920046329498291,Success,../outputs/sarvam/english/english_9.wav
2026-02-24 17:39:45.169127,english,Turn on dining room air purifier 1.,ElevenLabs,1.2059071063995361,Success,../outputs/elevenlabs/english/english_10.mp3
2026-02-24 17:39:45.169127,english,Turn on dining room air purifier 1.,Sarvam,1.5920186042785645,Success,../outputs/sarvam/english/english_10.wav
2026-02-24 17:39:47.979488,english,Set ring led brightness 70 in dining room air purifier 1.,ElevenLabs,1.47430419921875,Success,../outputs/elevenlabs/english/english_11.mp3
2026-02-24 17:39:47.979488,english,Set ring led brightness 70 in dining room air purifier 1.,Sarvam,2.153395175933838,Success,../outputs/sarvam/english/english_11.wav
2026-02-24 17:39:51.617898,english,Turn on heater power in dining room air purifier 1.,ElevenLabs,1.3033380508422852,Success,../outputs/elevenlabs/english/english_12.mp3
2026-02-24 17:39:51.617898,english,Turn on heater power in dining room air purifier 1.,Sarvam,1.8215351104736328,Success,../outputs/sarvam/english/english_12.wav
2026-02-24 17:39:54.756706,english,Set night mode in dining room air purifier 1.,ElevenLabs,1.2714817523956299,Success,../outputs/elevenlabs/english/english_13.mp3
2026-02-24 17:39:54.756706,english,Set night mode in dining room air purifier 1.,Sarvam,1.6519768238067627,Success,../outputs/sarvam/english/english_13.wav
2026-02-24 17:39:57.690159,english,Set switch off timer 180 minutes in dining room air purifier 1.,ElevenLabs,1.5919387340545654,Success,../outputs/elevenlabs/english/english_14.mp3
2026-02-24 17:39:57.690159,english,Set switch off timer 180 minutes in dining room air purifier 1.,Sarvam,2.683570384979248,Success,../outputs/sarvam/english/english_14.wav
2026-02-24 17:40:01.975660,english,Turn on buzzer control in dining room air purifier 1.,ElevenLabs,1.3343634605407715,Success,../outputs/elevenlabs/english/english_15.mp3
2026-02-24 17:40:01.975660,english,Turn on buzzer control in dining room air purifier 1.,Sarvam,2.122076988220215,Success,../outputs/sarvam/english/english_15.wav
2026-02-24 17:40:05.445404,english,Set fan speed 3 in dining room air purifier 1.,ElevenLabs,1.514941692352295,Success,../outputs/elevenlabs/english/english_16.mp3
2026-02-24 17:40:05.445404,english,Set fan speed 3 in dining room air purifier 1.,Sarvam,1.8546266555786133,Success,../outputs/sarvam/english/english_16.wav
2026-02-24 17:40:08.830005,english,Turn on dining room air purifier 1.,ElevenLabs,1.2327344417572021,Success,../outputs/elevenlabs/english/english_17.mp3
2026-02-24 17:40:08.830005,english,Turn on dining room air purifier 1.,Sarvam,1.4162883758544922,Success,../outputs/sarvam/english/english_17.wav
2026-02-24 17:40:11.498936,english,Set ring led brightness to 200 in dining room air purifier 1.,ElevenLabs,1.398679256439209,Success,../outputs/elevenlabs/english/english_18.mp3
2026-02-24 17:40:11.498936,english,Set ring led brightness to 200 in dining room air purifier 1.,Sarvam,2.2421112060546875,Success,../outputs/sarvam/english/english_18.wav
2026-02-24 17:40:15.152649,english,Set switch off timer 180 minutes in dining room air purifier 100.,ElevenLabs,1.518730878829956,Success,../outputs/elevenlabs/english/english_19.mp3
2026-02-24 17:40:15.152649,english,Set switch off timer 180 minutes in dining room air purifier 100.,Sarvam,2.661181688308716,Success,../outputs/sarvam/english/english_19.wav
2026-02-24 17:40:19.345847,english,Turn on the living room air purifier 1.,ElevenLabs,1.2168939113616943,Success,../outputs/elevenlabs/english/english_20.mp3
2026-02-24 17:40:19.345847,english,Turn on the living room air purifier 1.,Sarvam,1.515456199645996,Success,../outputs/sarvam/english/english_20.wav
2026-02-24 17:40:22.088356,english,Set switch off timer 60 minutes in living room air purifier 1.,ElevenLabs,1.4488096237182617,Success,../outputs/elevenlabs/english/english_21.mp3
2026-02-24 17:40:22.088356,english,Set switch off timer 60 minutes in living room air purifier 1.,Sarvam,2.3037164211273193,Success,../outputs/sarvam/english/english_21.wav
2026-02-24 17:40:25.850540,english,Turn on night mode in the living room air purifier 1.,ElevenLabs,1.3752846717834473,Success,../outputs/elevenlabs/english/english_22.mp3
2026-02-24 17:40:25.850540,english,Turn on night mode in the living room air purifier 1.,Sarvam,1.6130743026733398,Success,../outputs/sarvam/english/english_22.wav
2026-02-24 17:40:28.852312,english,Turn off fan power of the living room air purifier 1.,ElevenLabs,1.3220744132995605,Success,../outputs/elevenlabs/english/english_23.mp3
2026-02-24 17:40:28.852312,english,Turn off fan power of the living room air purifier 1.,Sarvam,1.8269233703613281,Success,../outputs/sarvam/english/english_23.wav
2026-02-24 17:40:32.016044,english,Turn on fan power and set fan speed 4 in living room air purifier 1.,ElevenLabs,1.575624942779541,Success,../outputs/elevenlabs/english/english_24.mp3
2026-02-24 17:40:32.016044,english,Turn on fan power and set fan speed 4 in living room air purifier 1.,Sarvam,2.235548496246338,Success,../outputs/sarvam/english/english_24.wav
2026-02-24 17:40:35.841454,english,Set fan speed 8 in living room air purifier 1.,ElevenLabs,1.3222296237945557,Success,../outputs/elevenlabs/english/english_25.mp3
2026-02-24 17:40:35.841454,english,Set fan speed 8 in living room air purifier 1.,Sarvam,1.7428951263427734,Success,../outputs/sarvam/english/english_25.wav
2026-02-24 17:40:38.921090,english,Turn off living room air purifier 1.,ElevenLabs,1.2347607612609863,Success,../outputs/elevenlabs/english/english_26.mp3
2026-02-24 17:40:38.921090,english,Turn off living room air purifier 1.,Sarvam,1.6854569911956787,Success,../outputs/sarvam/english/english_26.wav
2026-02-24 17:40:41.853225,english,Turn off living room air purifier 1.,ElevenLabs,1.339562177658081,Success,../outputs/elevenlabs/english/english_27.mp3
2026-02-24 17:40:41.853225,english,Turn off living room air purifier 1.,Sarvam,1.5030896663665771,Success,../outputs/sarvam/english/english_27.wav
2026-02-24 17:40:44.706622,english,Set fan speed 2 in living room air purifier 1.,ElevenLabs,1.3224997520446777,Success,../outputs/elevenlabs/english/english_28.mp3
2026-02-24 17:40:44.706622,english,Set fan speed 2 in living room air purifier 1.,Sarvam,1.7307801246643066,Success,../outputs/sarvam/english/english_28.wav
2026-02-24 17:40:47.772536,english,What devices do I have in my bedroom?,ElevenLabs,1.2599880695343018,Success,../outputs/elevenlabs/english/english_29.mp3
2026-02-24 17:40:47.772536,english,What devices do I have in my bedroom?,Sarvam,1.429499864578247,Success,../outputs/sarvam/english/english_29.wav
2026-02-24 17:40:50.476556,english,Turn on the AC in the bedroom,ElevenLabs,1.2096312046051025,Success,../outputs/elevenlabs/english/english_30.mp3
2026-02-24 17:40:50.476556,english,Turn on the AC in the bedroom,Sarvam,1.0492708683013916,Success,../outputs/sarvam/english/english_30.wav
2026-02-24 17:40:52.748465,english,Set temperature 18 degrees in the bedroom AC,ElevenLabs,1.3313086032867432,Success,../outputs/elevenlabs/english/english_31.mp3
2026-02-24 17:40:52.748465,english,Set temperature 18 degrees in the bedroom AC,Sarvam,1.840881586074829,Success,../outputs/sarvam/english/english_31.wav
2026-02-24 17:40:55.933147,english,Turn on display mode in the bedroom AC.,ElevenLabs,1.2860658168792725,Success,../outputs/elevenlabs/english/english_32.mp3
2026-02-24 17:40:55.933147,english,Turn on display mode in the bedroom AC.,Sarvam,1.5112957954406738,Success,../outputs/sarvam/english/english_32.wav
2026-02-24 17:40:58.742452,english,Turn on the ac in the dining room.,ElevenLabs,1.2011919021606445,Success,../outputs/elevenlabs/english/english_33.mp3
2026-02-24 17:40:58.742452,english,Turn on the ac in the dining room.,Sarvam,1.109905481338501,Success,../outputs/sarvam/english/english_33.wav
2026-02-24 17:41:01.066109,english,Turn on office AC 2.,ElevenLabs,1.2518296241760254,Success,../outputs/elevenlabs/english/english_34.mp3
2026-02-24 17:41:01.066109,english,Turn on office AC 2.,Sarvam,1.196293830871582,Success,../outputs/sarvam/english/english_34.wav
2026-02-24 17:41:03.525430,english,Set dry mode in bedroom ac.,ElevenLabs,1.2354226112365723,Success,../outputs/elevenlabs/english/english_35.mp3
2026-02-24 17:41:03.525430,english,Set dry mode in bedroom ac.,Sarvam,1.3685805797576904,Success,../outputs/sarvam/english/english_35.wav
2026-02-24 17:41:06.155458,english,Turn on sleep mode in bedroom ac.,ElevenLabs,1.2299699783325195,Success,../outputs/elevenlabs/english/english_36.mp3
2026-02-24 17:41:06.155458,english,Turn on sleep mode in bedroom ac.,Sarvam,1.1816024780273438,Success,../outputs/sarvam/english/english_36.wav
2026-02-24 17:41:08.592030,english,Set vertical swing to position 5 in bedroom ac.,ElevenLabs,1.4337694644927979,Success,../outputs/elevenlabs/english/english_37.mp3
2026-02-24 17:41:08.592030,english,Set vertical swing to position 5 in bedroom ac.,Sarvam,1.923370361328125,Success,../outputs/sarvam/english/english_37.wav
2026-02-24 17:41:11.960110,english,Turn on sky high color in bedroom ac.,ElevenLabs,1.3405053615570068,Success,../outputs/elevenlabs/english/english_38.mp3
2026-02-24 17:41:11.960110,english,Turn on sky high color in bedroom ac.,Sarvam,2.0597658157348633,Success,../outputs/sarvam/english/english_38.wav
2026-02-24 17:41:15.372643,english,Turn on living room AC 2 and set it's horizontal swing to position 2.,ElevenLabs,1.5271315574645996,Success,../outputs/elevenlabs/english/english_39.mp3
2026-02-24 17:41:15.372643,english,Turn on living room AC 2 and set it's horizontal swing to position 2.,Sarvam,2.225322723388672,Success,../outputs/sarvam/english/english_39.wav
2026-02-24 17:41:19.137391,english,Turn on turbo mode in living room AC 2.,ElevenLabs,1.2488746643066406,Success,../outputs/elevenlabs/english/english_40.mp3
2026-02-24 17:41:19.137391,english,Turn on turbo mode in living room AC 2.,Sarvam,1.4395356178283691,Success,../outputs/sarvam/english/english_40.wav
2026-02-24 17:41:21.839769,english,Turn on child lock in bedroom ac.,ElevenLabs,1.183833122253418,Success,../outputs/elevenlabs/english/english_41.mp3
2026-02-24 17:41:21.839769,english,Turn on child lock in bedroom ac.,Sarvam,1.314295768737793,Success,../outputs/sarvam/english/english_41.wav
2026-02-24 17:41:24.349995,english,Set fan speed high in office AC 2.,ElevenLabs,1.238053321838379,Success,../outputs/elevenlabs/english/english_42.mp3
2026-02-24 17:41:24.349995,english,Set fan speed high in office AC 2.,Sarvam,1.4490132331848145,Success,../outputs/sarvam/english/english_42.wav
2026-02-24 17:41:27.047088,english,Set horizontal swing to auto in bedroom ac.,ElevenLabs,1.2928385734558105,Success,../outputs/elevenlabs/english/english_43.mp3
2026-02-24 17:41:27.047088,english,Set horizontal swing to auto in bedroom ac.,Sarvam,1.7466681003570557,Success,../outputs/sarvam/english/english_43.wav
2026-02-24 17:41:30.098182,english,Set temperature 30 degrees in the living room AC 2.,ElevenLabs,1.3274874687194824,Success,../outputs/elevenlabs/english/english_44.mp3
2026-02-24 17:41:30.098182,english,Set temperature 30 degrees in the living room AC 2.,Sarvam,1.6167213916778564,Success,../outputs/sarvam/english/english_44.wav
2026-02-24 17:41:33.057446,english,Turn on yoga room AC 1 and set it's switch off timer to 20 minutes.,ElevenLabs,1.565992832183838,Success,../outputs/elevenlabs/english/english_45.mp3
2026-02-24 17:41:33.057446,english,Turn on yoga room AC 1 and set it's switch off timer to 20 minutes.,Sarvam,2.420850992202759,Success,../outputs/sarvam/english/english_45.wav
2026-02-24 17:41:37.057817,english,Turn on humicon mode in yoga room AC 1.,ElevenLabs,1.3301539421081543,Success,../outputs/elevenlabs/english/english_46.mp3
2026-02-24 17:41:37.057817,english,Turn on humicon mode in yoga room AC 1.,Sarvam,1.6475915908813477,Success,../outputs/sarvam/english/english_46.wav
2026-02-24 17:41:40.047005,english,Turn off child lock mode in bedroom ac.,ElevenLabs,1.2551829814910889,Success,../outputs/elevenlabs/english/english_47.mp3
2026-02-24 17:41:40.047005,english,Turn off child lock mode in bedroom ac.,Sarvam,1.6548352241516113,Success,../outputs/sarvam/english/english_47.wav
2026-02-24 17:41:42.969287,english,Turn on eco mode in the ac in bedroom.,ElevenLabs,1.3603956699371338,Success,../outputs/elevenlabs/english/english_48.mp3
2026-02-24 17:41:42.969287,english,Turn on eco mode in the ac in bedroom.,Sarvam,1.3247573375701904,Success,../outputs/sarvam/english/english_48.wav
2026-02-24 17:41:45.667548,english,Set light intensity low in the ac in bedroom.,ElevenLabs,1.3251943588256836,Success,../outputs/elevenlabs/english/english_49.mp3
2026-02-24 17:41:45.667548,english,Set light intensity low in the ac in bedroom.,Sarvam,1.8252489566802979,Success,../outputs/sarvam/english/english_49.wav
2026-02-25 16:51:49.447006,english,Turn on AC,ElevenLabs,1.4386768341064453,Success,../outputs/elevenlabs/english/english_50.mp3
2026-02-25 16:51:49.447006,english,Turn on AC,Sarvam,2.0017783641815186,Success,../outputs/sarvam/english/english_50.wav
2026-02-25 17:59:08.302468,english,turn on ac,ElevenLabs,2.0179202556610107,Success,../outputs/elevenlabs/english/english_51.mp3
2026-02-25 17:59:08.302468,english,turn on ac,Sarvam,1.0756936073303223,Success,../outputs/sarvam/english/english_51.wav
2026-02-25 20:49:42.285376,english,Turn on yoga room AC 1 and set it's switch off timer to 20 minutes.,ElevenLabs,0.37814927101135254,"{""detail"":{""status"":""quota_exceeded"",""message"":""This request exceeds your API key (dsc-poc-key) quota.""}}",../outputs/elevenlabs/english/english_52.mp3
2026-02-25 20:49:42.285376,english,Turn on yoga room AC 1 and set it's switch off timer to 20 minutes.,Sarvam,3.8312695026397705,Success,../outputs/sarvam/english/english_52.wav
2026-02-26 00:59:25.710883,english,Set temperature 30 degrees in the living room AC 2.,ElevenLabs,1.0102119445800781,"{""detail"":{""status"":""quota_exceeded"",""message"":""This request exceeds your API key (dsc-poc-key) quota.""}}",../outputs/elevenlabs/english/english_53.mp3
2026-02-26 00:59:25.710883,english,Set temperature 30 degrees in the living room AC 2.,Sarvam,1.6543059349060059,Success,../outputs/sarvam/english/english_53.wav
2026-02-26 01:19:30.690630,english,Set temperature 30 degrees in the living room AC 2.,ElevenLabs,0.5135798454284668,"{""detail"":{""status"":""quota_exceeded"",""message"":""This request exceeds your API key (dsc-poc-key) quota.""}}",../outputs/elevenlabs/english/english_54.mp3
2026-02-26 01:19:30.690630,english,Set temperature 30 degrees in the living room AC 2.,Sarvam,0.17667555809020996,"{""error"":{""message"":""Validation Error(s):\n- speaker: Input should be 'anushka', 'abhilash', 'manisha', 'vidya', 'arya', 'karun', 'hitesh', 'aditya', 'ritu', 'priya', 'neha', 'rahul', 'pooja', 'rohan', 'simran', 'kavya', 'amit', 'dev', 'ishita', 'shreya', 'ratan', 'varun', 'manan', 'sumit', 'roopa', 'kabir', 'aayan', 'shubh', 'ashutosh', 'advait', 'amelia', 'sophia', 'anand', 'tanya', 'tarun', 'sunny', 'mani', 'gokul', 'vijay', 'shruti', 'suhani', 'mohit', 'kavitha', 'rehan', 'soham' or 'rupali'"",""code"":""invalid_request_error"",""request_id"":""20260225_fc6f6eae-f8eb-4795-bc2a-a55032db952b""}}",../outputs/sarvam/english/english_54.wav
2026-02-26 01:20:40.736484,english,Turn on humicon mode in yoga room AC 1.,ElevenLabs,0.23853707313537598,"{""detail"":{""status"":""quota_exceeded"",""message"":""This request exceeds your API key (dsc-poc-key) quota.""}}",../outputs/elevenlabs/english/english_55.mp3
2026-02-26 01:20:40.736484,english,Turn on humicon mode in yoga room AC 1.,Sarvam,0.20676589012145996,"{""error"":{""message"":""Validation Error(s):\n- speaker: Input should be 'anushka', 'abhilash', 'manisha', 'vidya', 'arya', 'karun', 'hitesh', 'aditya', 'ritu', 'priya', 'neha', 'rahul', 'pooja', 'rohan', 'simran', 'kavya', 'amit', 'dev', 'ishita', 'shreya', 'ratan', 'varun', 'manan', 'sumit', 'roopa', 'kabir', 'aayan', 'shubh', 'ashutosh', 'advait', 'amelia', 'sophia', 'anand', 'tanya', 'tarun', 'sunny', 'mani', 'gokul', 'vijay', 'shruti', 'suhani', 'mohit', 'kavitha', 'rehan', 'soham' or 'rupali'"",""code"":""invalid_request_error"",""request_id"":""20260225_405cf38c-03f5-4dfa-b91c-b05251498183""}}",../outputs/sarvam/english/english_55.wav
2026-02-26 01:36:07.934819,english,turn on ac,ElevenLabs,0.44691038131713867,"{""detail"":{""status"":""quota_exceeded"",""message"":""This request exceeds your API key (dsc-poc-key) quota.""}}",../outputs/elevenlabs/english/english_50.mp3
2026-02-26 01:36:07.934819,english,turn on ac,Sarvam,0.15363478660583496,"{""error"":{""message"":""Validation Error(s):\n- speaker: Input should be 'anushka', 'abhilash', 'manisha', 'vidya', 'arya', 'karun', 'hitesh', 'aditya', 'ritu', 'priya', 'neha', 'rahul', 'pooja', 'rohan', 'simran', 'kavya', 'amit', 'dev', 'ishita', 'shreya', 'ratan', 'varun', 'manan', 'sumit', 'roopa', 'kabir', 'aayan', 'shubh', 'ashutosh', 'advait', 'amelia', 'sophia', 'anand', 'tanya', 'tarun', 'sunny', 'mani', 'gokul', 'vijay', 'shruti', 'suhani', 'mohit', 'kavitha', 'rehan', 'soham' or 'rupali'"",""code"":""invalid_request_error"",""request_id"":""20260225_4b0b55d0-eb63-4d69-926b-3a9c5ad7fb85""}}",../outputs/sarvam/english/english_50.wav
2026-02-26 02:16:49.450816,english,Turn on eco mode in the ac in bedroom.,ElevenLabs,0.4323885440826416,"{""detail"":{""status"":""quota_exceeded"",""message"":""This request exceeds your API key (dsc-poc-key) quota.""}}",../outputs/elevenlabs/english/english_50.mp3
2026-02-26 02:16:49.450816,english,Turn on eco mode in the ac in bedroom.,Sarvam,0.17548203468322754,"{""error"":{""message"":""Validation Error(s):\n- speaker: Input should be 'anushka', 'abhilash', 'manisha', 'vidya', 'arya', 'karun', 'hitesh', 'aditya', 'ritu', 'priya', 'neha', 'rahul', 'pooja', 'rohan', 'simran', 'kavya', 'amit', 'dev', 'ishita', 'shreya', 'ratan', 'varun', 'manan', 'sumit', 'roopa', 'kabir', 'aayan', 'shubh', 'ashutosh', 'advait', 'amelia', 'sophia', 'anand', 'tanya', 'tarun', 'sunny', 'mani', 'gokul', 'vijay', 'shruti', 'suhani', 'mohit', 'kavitha', 'rehan', 'soham' or 'rupali'"",""code"":""invalid_request_error"",""request_id"":""20260225_35a73bc7-152c-4a6d-8ccb-841f349e23cb""}}",../outputs/sarvam/english/english_50.wav
2026-02-26 10:32:40.979656,english,Turn on eco mode in the ac in bedroom.,ElevenLabs,0.9004738330841064,"{""detail"":{""status"":""quota_exceeded"",""message"":""This request exceeds your API key (dsc-poc-key) quota.""}}",../outputs/elevenlabs/english/english_50.mp3
2026-02-26 10:32:40.979656,english,Turn on eco mode in the ac in bedroom.,Sarvam,0.45439767837524414,"{""error"":{""message"":""Validation Error(s):\n- speaker: Input should be 'anushka', 'abhilash', 'manisha', 'vidya', 'arya', 'karun', 'hitesh', 'aditya', 'ritu', 'priya', 'neha', 'rahul', 'pooja', 'rohan', 'simran', 'kavya', 'amit', 'dev', 'ishita', 'shreya', 'ratan', 'varun', 'manan', 'sumit', 'roopa', 'kabir', 'aayan', 'shubh', 'ashutosh', 'advait', 'amelia', 'sophia', 'anand', 'tanya', 'tarun', 'sunny', 'mani', 'gokul', 'vijay', 'shruti', 'suhani', 'mohit', 'kavitha', 'rehan', 'soham' or 'rupali'"",""code"":""invalid_request_error"",""request_id"":""20260226_05bfc659-a59c-41cc-8749-e613726c2340""}}",../outputs/sarvam/english/english_50.wav
2026-02-26 10:40:59.872954,english,Turn on eco mode in the ac in bedroom.,ElevenLabs,0.2439866065979004,"{""detail"":{""status"":""quota_exceeded"",""message"":""This request exceeds your API key (dsc-poc-key) quota.""}}",../outputs/elevenlabs/english/english_50.mp3
2026-02-26 10:40:59.872954,english,Turn on eco mode in the ac in bedroom.,Sarvam,0.2958664894104004,"{""error"":{""message"":""Validation Error(s):\n- speaker: Input should be 'anushka', 'abhilash', 'manisha', 'vidya', 'arya', 'karun', 'hitesh', 'aditya', 'ritu', 'priya', 'neha', 'rahul', 'pooja', 'rohan', 'simran', 'kavya', 'amit', 'dev', 'ishita', 'shreya', 'ratan', 'varun', 'manan', 'sumit', 'roopa', 'kabir', 'aayan', 'shubh', 'ashutosh', 'advait', 'amelia', 'sophia', 'anand', 'tanya', 'tarun', 'sunny', 'mani', 'gokul', 'vijay', 'shruti', 'suhani', 'mohit', 'kavitha', 'rehan', 'soham' or 'rupali'"",""code"":""invalid_request_error"",""request_id"":""20260226_7623496b-1c1f-4faa-a9b5-f154059250bc""}}",../outputs/sarvam/english/english_50.wav
2026-02-26 12:38:35.091541,english,Turn on eco mode in the ac in bedroom.,ElevenLabs,0.9782888889312744,"{""detail"":{""status"":""quota_exceeded"",""message"":""This request exceeds your API key (dsc-poc-key) quota.""}}",../outputs/elevenlabs/english/english_50.mp3
2026-02-26 12:38:35.091541,english,Turn on eco mode in the ac in bedroom.,Sarvam,0.3628549575805664,"{""error"":{""message"":""Validation Error(s):\n- speaker: Input should be 'anushka', 'abhilash', 'manisha', 'vidya', 'arya', 'karun', 'hitesh', 'aditya', 'ritu', 'priya', 'neha', 'rahul', 'pooja', 'rohan', 'simran', 'kavya', 'amit', 'dev', 'ishita', 'shreya', 'ratan', 'varun', 'manan', 'sumit', 'roopa', 'kabir', 'aayan', 'shubh', 'ashutosh', 'advait', 'amelia', 'sophia', 'anand', 'tanya', 'tarun', 'sunny', 'mani', 'gokul', 'vijay', 'shruti', 'suhani', 'mohit', 'kavitha', 'rehan', 'soham' or 'rupali'"",""code"":""invalid_request_error"",""request_id"":""20260226_0c2689b1-c2da-4595-a7c7-3367eb54507c""}}",../outputs/sarvam/english/english_50.wav
2026-02-26 13:42:43.733257,english,Turn on bedroom AC 2.,ElevenLabs,0.1945803165435791,"{""detail"":{""status"":""quota_exceeded"",""message"":""This request exceeds your API key (dsc-poc-key) quota.""}}",../outputs/elevenlabs/english/english_50.mp3
2026-02-26 13:42:43.733257,english,Turn on bedroom AC 2.,Sarvam,1.653008222579956,Success,../outputs/sarvam/english/english_50.wav
2026-02-26 13:42:45.590907,english,Set vertical swing to position 4 and horizontal swing to position 3 in bedroom AC 2.,ElevenLabs,0.1673896312713623,"{""detail"":{""status"":""quota_exceeded"",""message"":""This request exceeds your API key (dsc-poc-key) quota.""}}",../outputs/elevenlabs/english/english_51.mp3
2026-02-26 13:42:45.590907,english,Set vertical swing to position 4 and horizontal swing to position 3 in bedroom AC 2.,Sarvam,4.880445241928101,Success,../outputs/sarvam/english/english_51.wav
2026-02-26 13:42:50.652869,english,Turn on eco mode in bedroom AC 2.,ElevenLabs,0.4973573684692383,"{""detail"":{""status"":""quota_exceeded"",""message"":""This request exceeds your API key (dsc-poc-key) quota.""}}",../outputs/elevenlabs/english/english_52.mp3
2026-02-26 13:42:50.652869,english,Turn on eco mode in bedroom AC 2.,Sarvam,1.6738569736480713,Success,../outputs/sarvam/english/english_52.wav
2026-02-26 13:42:52.834621,english,Set fan speed to medium in bedroom AC 2.,ElevenLabs,0.25083255767822266,"{""detail"":{""status"":""quota_exceeded"",""message"":""This request exceeds your API key (dsc-poc-key) quota.""}}",../outputs/elevenlabs/english/english_53.mp3
2026-02-26 13:42:52.834621,english,Set fan speed to medium in bedroom AC 2.,Sarvam,2.1859800815582275,Success,../outputs/sarvam/english/english_53.wav
2026-02-26 13:42:55.286496,english,Turn on dining room AC 1 and set it's moonlight to future forward.,ElevenLabs,0.16765999794006348,"{""detail"":{""status"":""quota_exceeded"",""message"":""This request exceeds your API key (dsc-poc-key) quota.""}}",../outputs/elevenlabs/english/english_54.mp3
2026-02-26 13:42:55.286496,english,Turn on dining room AC 1 and set it's moonlight to future forward.,Sarvam,3.1979219913482666,Success,../outputs/sarvam/english/english_54.wav
2026-02-26 13:42:58.673610,english,Set temperature 50 degrees in dining room AC 1.,ElevenLabs,0.26119399070739746,"{""detail"":{""status"":""quota_exceeded"",""message"":""This request exceeds your API key (dsc-poc-key) quota.""}}",../outputs/elevenlabs/english/english_55.mp3
2026-02-26 13:42:58.673610,english,Set temperature 50 degrees in dining room AC 1.,Sarvam,2.946082353591919,Success,../outputs/sarvam/english/english_55.wav
2026-02-26 13:43:01.890933,english,Set variable capacity C1 in dining room AC 1.,ElevenLabs,0.24607419967651367,"{""detail"":{""status"":""quota_exceeded"",""message"":""This request exceeds your API key (dsc-poc-key) quota.""}}",../outputs/elevenlabs/english/english_56.mp3
2026-02-26 13:43:01.890933,english,Set variable capacity C1 in dining room AC 1.,Sarvam,3.1495418548583984,Success,../outputs/sarvam/english/english_56.wav
2026-02-26 13:43:05.299076,english,Turn on sleep mode in dining room AC 1.,ElevenLabs,0.18086934089660645,"{""detail"":{""status"":""quota_exceeded"",""message"":""This request exceeds your API key (dsc-poc-key) quota.""}}",../outputs/elevenlabs/english/english_57.mp3
2026-02-26 13:43:05.299076,english,Turn on sleep mode in dining room AC 1.,Sarvam,2.020043134689331,Success,../outputs/sarvam/english/english_57.wav
2026-02-26 13:43:07.507416,english,Turn on the AC in study and set it to silent mode.,ElevenLabs,0.31644630432128906,"{""detail"":{""status"":""quota_exceeded"",""message"":""This request exceeds your API key (dsc-poc-key) quota.""}}",../outputs/elevenlabs/english/english_58.mp3
2026-02-26 13:43:07.507416,english,Turn on the AC in study and set it to silent mode.,Sarvam,2.692251205444336,Success,../outputs/sarvam/english/english_58.wav
2026-02-26 13:43:10.526519,english,Set switch off timer 100 minutes for the AC in the study and set it's moonlight to balance.,ElevenLabs,0.2655184268951416,"{""detail"":{""status"":""quota_exceeded"",""message"":""This request exceeds your API key (dsc-poc-key) quota.""}}",../outputs/elevenlabs/english/english_59.mp3
2026-02-26 13:43:10.526519,english,Set switch off timer 100 minutes for the AC in the study and set it's moonlight to balance.,Sarvam,4.0195558071136475,Success,../outputs/sarvam/english/english_59.wav
2026-02-26 13:43:14.822055,english,Turn off the study AC 1.,ElevenLabs,0.179107666015625,"{""detail"":{""status"":""quota_exceeded"",""message"":""This request exceeds your API key (dsc-poc-key) quota.""}}",../outputs/elevenlabs/english/english_60.mp3
2026-02-26 13:43:14.822055,english,Turn off the study AC 1.,Sarvam,1.501272439956665,Success,../outputs/sarvam/english/english_60.wav
2026-02-26 13:43:16.512779,english,Turn on the water heater in the kitchen.,ElevenLabs,0.2579948902130127,"{""detail"":{""status"":""quota_exceeded"",""message"":""This request exceeds your API key (dsc-poc-key) quota.""}}",../outputs/elevenlabs/english/english_61.mp3
2026-02-26 13:43:16.512779,english,Turn on the water heater in the kitchen.,Sarvam,2.145216226577759,Success,../outputs/sarvam/english/english_61.wav
2026-02-26 13:43:18.927494,english,Turn on kitchen AC 3 and set to fan mode.,ElevenLabs,0.19599056243896484,"{""detail"":{""status"":""quota_exceeded"",""message"":""This request exceeds your API key (dsc-poc-key) quota.""}}",../outputs/elevenlabs/english/english_62.mp3
2026-02-26 13:43:18.927494,english,Turn on kitchen AC 3 and set to fan mode.,Sarvam,2.9612128734588623,Success,../outputs/sarvam/english/english_62.wav
2026-02-26 13:43:22.098276,english,Turn on display mode in kitchen AC 3.,ElevenLabs,0.1715836524963379,"{""detail"":{""status"":""quota_exceeded"",""message"":""This request exceeds your API key (dsc-poc-key) quota.""}}",../outputs/elevenlabs/english/english_63.mp3
2026-02-26 13:43:22.098276,english,Turn on display mode in kitchen AC 3.,Sarvam,2.1193408966064453,Success,../outputs/sarvam/english/english_63.wav
2026-02-26 13:43:24.396720,english,Turn on kids room AC 1 and turn on humicon mode in that.,ElevenLabs,0.18556642532348633,"{""detail"":{""status"":""quota_exceeded"",""message"":""This request exceeds your API key (dsc-poc-key) quota.""}}",../outputs/elevenlabs/english/english_64.mp3
2026-02-26 13:43:24.396720,english,Turn on kids room AC 1 and turn on humicon mode in that.,Sarvam,2.338710308074951,Success,../outputs/sarvam/english/english_64.wav
2026-02-26 13:43:26.930678,english,Set fan speed auto in kids room AC 1.,ElevenLabs,0.17016363143920898,"{""detail"":{""status"":""quota_exceeded"",""message"":""This request exceeds your API key (dsc-poc-key) quota.""}}",../outputs/elevenlabs/english/english_65.mp3
2026-02-26 13:43:26.930678,english,Set fan speed auto in kids room AC 1.,Sarvam,2.310997247695923,Success,../outputs/sarvam/english/english_65.wav
2026-02-26 13:43:29.423819,english,Turn on office AC 1 and set it's variable capacity to C5.,ElevenLabs,0.7796123027801514,"{""detail"":{""status"":""quota_exceeded"",""message"":""This request exceeds your API key (dsc-poc-key) quota.""}}",../outputs/elevenlabs/english/english_66.mp3
2026-02-26 13:43:29.423819,english,Turn on office AC 1 and set it's variable capacity to C5.,Sarvam,4.073522090911865,Success,../outputs/sarvam/english/english_66.wav
2026-02-26 13:43:34.294004,english,Set switch off timer to 1000 minutes in my office AC 1.,ElevenLabs,0.20758819580078125,"{""detail"":{""status"":""quota_exceeded"",""message"":""This request exceeds your API key (dsc-poc-key) quota.""}}",../outputs/elevenlabs/english/english_67.mp3
2026-02-26 13:43:34.294004,english,Set switch off timer to 1000 minutes in my office AC 1.,Sarvam,2.6787514686584473,Success,../outputs/sarvam/english/english_67.wav
2026-02-26 13:43:37.192885,english,Turn on silent mode in office AC 1.,ElevenLabs,0.1995992660522461,"{""detail"":{""status"":""quota_exceeded"",""message"":""This request exceeds your API key (dsc-poc-key) quota.""}}",../outputs/elevenlabs/english/english_68.mp3
2026-02-26 13:43:37.192885,english,Turn on silent mode in office AC 1.,Sarvam,1.9317409992218018,Success,../outputs/sarvam/english/english_68.wav
2026-02-26 13:43:39.334290,english,Turn on all ACs in living room.,ElevenLabs,0.3710455894470215,"{""detail"":{""status"":""quota_exceeded"",""message"":""This request exceeds your API key (dsc-poc-key) quota.""}}",../outputs/elevenlabs/english/english_69.mp3
2026-02-26 13:44:25.784381,english,Turn on all ACs in living room.,ElevenLabs,0.1732170581817627,"{""detail"":{""status"":""quota_exceeded"",""message"":""This request exceeds your API key (dsc-poc-key) quota.""}}",../outputs/elevenlabs/english/english_69.mp3
2026-02-26 13:44:25.784381,english,Turn on all ACs in living room.,Sarvam,1.9542949199676514,Success,../outputs/sarvam/english/english_69.wav
2026-02-26 13:44:27.927400,english,Turn on the AC in dining room.,ElevenLabs,0.1495964527130127,"{""detail"":{""status"":""quota_exceeded"",""message"":""This request exceeds your API key (dsc-poc-key) quota.""}}",../outputs/elevenlabs/english/english_70.mp3
2026-02-26 13:44:27.927400,english,Turn on the AC in dining room.,Sarvam,1.4687721729278564,Success,../outputs/sarvam/english/english_70.wav
2026-02-26 13:44:29.557842,english,Turn on the AC in dining room.,ElevenLabs,0.159637451171875,"{""detail"":{""status"":""quota_exceeded"",""message"":""This request exceeds your API key (dsc-poc-key) quota.""}}",../outputs/elevenlabs/english/english_71.mp3
2026-02-26 13:44:29.557842,english,Turn on the AC in dining room.,Sarvam,1.6492893695831299,Success,../outputs/sarvam/english/english_71.wav
2026-02-26 13:44:31.375823,english,Turn on child lock mode in dining room AC 1.,ElevenLabs,0.18181204795837402,"{""detail"":{""status"":""quota_exceeded"",""message"":""This request exceeds your API key (dsc-poc-key) quota.""}}",../outputs/elevenlabs/english/english_72.mp3
2026-02-26 13:44:31.375823,english,Turn on child lock mode in dining room AC 1.,Sarvam,2.3775222301483154,Success,../outputs/sarvam/english/english_72.wav
2026-02-26 13:44:33.950162,english,Set moonlight to dream on in dining room AC 1.,ElevenLabs,0.1775050163269043,"{""detail"":{""status"":""quota_exceeded"",""message"":""This request exceeds your API key (dsc-poc-key) quota.""}}",../outputs/elevenlabs/english/english_73.mp3
2026-02-26 13:44:33.950162,english,Set moonlight to dream on in dining room AC 1.,Sarvam,2.3605196475982666,Success,../outputs/sarvam/english/english_73.wav
2026-02-26 13:44:36.501705,english,Turn on kitchen AC 2 and set it to 18 degrees.,ElevenLabs,0.16397333145141602,"{""detail"":{""status"":""quota_exceeded"",""message"":""This request exceeds your API key (dsc-poc-key) quota.""}}",../outputs/elevenlabs/english/english_74.mp3
2026-02-26 13:44:36.501705,english,Turn on kitchen AC 2 and set it to 18 degrees.,Sarvam,2.2836804389953613,Success,../outputs/sarvam/english/english_74.wav
2026-02-26 13:44:38.959383,english,Turn on turbo mode in kitchen AC 2.,ElevenLabs,0.16040349006652832,"{""detail"":{""status"":""quota_exceeded"",""message"":""This request exceeds your API key (dsc-poc-key) quota.""}}",../outputs/elevenlabs/english/english_75.mp3
2026-02-26 17:58:15.780546,english,Turn on bedroom AC 2.,ElevenLabs,5.568083047866821,Success,../outputs/elevenlabs/english/english_50.mp3
2026-02-26 17:58:15.780546,english,Turn on bedroom AC 2.,Sarvam,1.5286259651184082,Success,../outputs/sarvam/english/english_50.wav
2026-02-26 17:58:22.890264,english,Set vertical swing to position 4 and horizontal swing to position 3 in bedroom AC 2.,ElevenLabs,1.7271349430084229,Success,../outputs/elevenlabs/english/english_51.mp3
2026-02-26 17:58:22.890264,english,Set vertical swing to position 4 and horizontal swing to position 3 in bedroom AC 2.,Sarvam,4.095668315887451,Success,../outputs/sarvam/english/english_51.wav
2026-02-27 13:50:18.053506,hindi,बेडरूम एयर प्यूरीफायर 1 चालू करें।,ElevenLabs,1.2976946830749512,Success,../outputs/elevenlabs/hindi/hindi_0.mp3
2026-02-27 13:50:18.053506,hindi,बेडरूम एयर प्यूरीफायर 1 चालू करें।,Sarvam,1.9395923614501953,Success,../outputs/sarvam/hindi/hindi_0.wav
2026-02-27 13:50:21.303811,hindi,बेडरूम एयर प्यूरीफायर 1 में बजर कंट्रोल चालू करें।,ElevenLabs,1.4304485321044922,Success,../outputs/elevenlabs/hindi/hindi_1.mp3
2026-02-27 13:50:21.303811,hindi,बेडरूम एयर प्यूरीफायर 1 में बजर कंट्रोल चालू करें।,Sarvam,2.1188955307006836,Success,../outputs/sarvam/hindi/hindi_1.wav
2026-02-27 13:50:24.867294,hindi,बेडरूम एयर प्यूरीफायर 1 में फैन स्पीड 4 सेट करें।,ElevenLabs,1.4298310279846191,Success,../outputs/elevenlabs/hindi/hindi_2.mp3
2026-02-27 13:50:24.867294,hindi,बेडरूम एयर प्यूरीफायर 1 में फैन स्पीड 4 सेट करें।,Sarvam,2.1378390789031982,Success,../outputs/sarvam/hindi/hindi_2.wav
2026-02-27 13:50:28.452009,hindi,बेडरूम एयर प्यूरीफायर 1 में नाइट मोड सेट करें।,ElevenLabs,1.4848558902740479,Success,../outputs/elevenlabs/hindi/hindi_3.mp3
2026-02-27 13:50:28.452009,hindi,बेडरूम एयर प्यूरीफायर 1 में नाइट मोड सेट करें।,Sarvam,2.387758493423462,Success,../outputs/sarvam/hindi/hindi_3.wav
2026-02-27 13:50:32.353767,hindi,बेडरूम एयर प्यूरीफायर 1 में 60 मिनट का स्विच ऑफ टाइमर सेट करें।,ElevenLabs,1.5091679096221924,Success,../outputs/elevenlabs/hindi/hindi_4.mp3
2026-02-27 13:50:32.353767,hindi,बेडरूम एयर प्यूरीफायर 1 में 60 मिनट का स्विच ऑफ टाइमर सेट करें।,Sarvam,3.023837089538574,Success,../outputs/sarvam/hindi/hindi_4.wav
2026-02-27 13:50:36.902775,hindi,बेडरूम एयर प्यूरीफायर 1 में रिंग एलईडी ब्राइटनेस 40 पर सेट करें।,ElevenLabs,1.7564256191253662,Success,../outputs/elevenlabs/hindi/hindi_5.mp3
2026-02-27 13:50:36.902775,hindi,बेडरूम एयर प्यूरीफायर 1 में रिंग एलईडी ब्राइटनेस 40 पर सेट करें।,Sarvam,2.9783902168273926,Success,../outputs/sarvam/hindi/hindi_5.wav
2026-02-27 13:50:41.650573,hindi,बेडरूम एयर प्यूरीफायर 1 में टर्बो मोड चालू करें और बजर कंट्रोल बंद करें।,ElevenLabs,1.5474462509155273,Success,../outputs/elevenlabs/hindi/hindi_6.mp3
2026-02-27 13:50:41.650573,hindi,बेडरूम एयर प्यूरीफायर 1 में टर्बो मोड चालू करें और बजर कंट्रोल बंद करें।,Sarvam,3.2098543643951416,Success,../outputs/sarvam/hindi/hindi_6.wav
2026-02-27 13:50:46.420951,hindi,बेडरूम एयर प्यूरीफायर 1 में 720 मिनट का स्विच ऑफ टाइमर सेट करें।,ElevenLabs,1.8896446228027344,Success,../outputs/elevenlabs/hindi/hindi_7.mp3
2026-02-27 13:50:46.420951,hindi,बेडरूम एयर प्यूरीफायर 1 में 720 मिनट का स्विच ऑफ टाइमर सेट करें।,Sarvam,3.7106192111968994,Success,../outputs/sarvam/hindi/hindi_7.wav
2026-02-27 13:50:52.032590,hindi,डाइनिंग रूम में एयर प्यूरीफायर चालू करें।,ElevenLabs,1.3553032875061035,Success,../outputs/elevenlabs/hindi/hindi_8.mp3
2026-02-27 13:50:52.032590,hindi,डाइनिंग रूम में एयर प्यूरीफायर चालू करें।,Sarvam,2.1458988189697266,Success,../outputs/sarvam/hindi/hindi_8.wav
2026-02-27 13:50:55.547891,hindi,मेरे बेडरूम एयर प्यूरीफायर 1 की स्थिति क्या है?,ElevenLabs,1.5131871700286865,Success,../outputs/elevenlabs/hindi/hindi_9.mp3
2026-02-27 13:50:55.547891,hindi,मेरे बेडरूम एयर प्यूरीफायर 1 की स्थिति क्या है?,Sarvam,2.0693612098693848,Success,../outputs/sarvam/hindi/hindi_9.wav
2026-02-27 13:50:59.160418,hindi,डाइनिंग रूम एयर प्यूरीफायर 1 चालू करें।,ElevenLabs,1.596219539642334,Success,../outputs/elevenlabs/hindi/hindi_10.mp3
2026-02-27 13:50:59.160418,hindi,डाइनिंग रूम एयर प्यूरीफायर 1 चालू करें।,Sarvam,1.975954294204712,Success,../outputs/sarvam/hindi/hindi_10.wav
2026-02-27 13:51:02.758772,hindi,डाइनिंग रूम एयर प्यूरीफायर 1 में रिंग एलईडी ब्राइटनेस 70 सेट करें।,ElevenLabs,2.6054298877716064,Success,../outputs/elevenlabs/hindi/hindi_11.mp3
2026-02-27 13:51:02.758772,hindi,डाइनिंग रूम एयर प्यूरीफायर 1 में रिंग एलईडी ब्राइटनेस 70 सेट करें।,Sarvam,2.935072422027588,Success,../outputs/sarvam/hindi/hindi_11.wav
2026-02-27 13:51:08.312834,hindi,डाइनिंग रूम एयर प्यूरीफायर 1 में हीटर पावर चालू करें।,ElevenLabs,1.5638978481292725,Success,../outputs/elevenlabs/hindi/hindi_12.mp3
2026-02-27 13:51:08.312834,hindi,डाइनिंग रूम एयर प्यूरीफायर 1 में हीटर पावर चालू करें।,Sarvam,2.711293935775757,Success,../outputs/sarvam/hindi/hindi_12.wav
2026-02-27 13:51:12.604364,hindi,डाइनिंग रूम एयर प्यूरीफायर 1 में नाइट मोड सेट करें।,ElevenLabs,1.441075325012207,Success,../outputs/elevenlabs/hindi/hindi_13.mp3
2026-02-27 13:51:12.604364,hindi,डाइनिंग रूम एयर प्यूरीफायर 1 में नाइट मोड सेट करें।,Sarvam,1.7477858066558838,Success,../outputs/sarvam/hindi/hindi_13.wav
2026-02-27 13:51:15.808822,hindi,डाइनिंग रूम एयर प्यूरीफायर 1 में 180 मिनट का स्विच ऑफ टाइमर सेट करें।,ElevenLabs,1.6776888370513916,Success,../outputs/elevenlabs/hindi/hindi_14.mp3
2026-02-27 13:51:15.808822,hindi,डाइनिंग रूम एयर प्यूरीफायर 1 में 180 मिनट का स्विच ऑफ टाइमर सेट करें।,Sarvam,2.766489267349243,Success,../outputs/sarvam/hindi/hindi_14.wav
2026-02-27 13:51:20.271000,hindi,डाइनिंग रूम एयर प्यूरीफायर 1 में बजर कंट्रोल चालू करें।,ElevenLabs,1.3704426288604736,Success,../outputs/elevenlabs/hindi/hindi_15.mp3
2026-02-27 13:51:20.271000,hindi,डाइनिंग रूम एयर प्यूरीफायर 1 में बजर कंट्रोल चालू करें।,Sarvam,2.087940216064453,Success,../outputs/sarvam/hindi/hindi_15.wav
2026-02-27 13:51:23.742141,hindi,डाइनिंग रूम एयर प्यूरीफायर 1 में फैन स्पीड 3 सेट करें।,ElevenLabs,1.4051275253295898,Success,../outputs/elevenlabs/hindi/hindi_16.mp3
2026-02-27 13:51:23.742141,hindi,डाइनिंग रूम एयर प्यूरीफायर 1 में फैन स्पीड 3 सेट करें।,Sarvam,2.113269329071045,Success,../outputs/sarvam/hindi/hindi_16.wav
2026-02-27 13:51:27.274173,hindi,डाइनिंग रूम एयर प्यूरीफायर 1 चालू करें।,ElevenLabs,1.3343782424926758,Success,../outputs/elevenlabs/hindi/hindi_17.mp3
2026-02-27 13:51:27.274173,hindi,डाइनिंग रूम एयर प्यूरीफायर 1 चालू करें।,Sarvam,1.8186659812927246,Success,../outputs/sarvam/hindi/hindi_17.wav
2026-02-27 13:51:30.440659,hindi,डाइनिंग रूम एयर प्यूरीफायर 1 में रिंग एलईडी ब्राइटनेस 200 पर सेट करें।,ElevenLabs,1.7543673515319824,Success,../outputs/elevenlabs/hindi/hindi_18.mp3
2026-02-27 13:51:30.440659,hindi,डाइनिंग रूम एयर प्यूरीफायर 1 में रिंग एलईडी ब्राइटनेस 200 पर सेट करें।,Sarvam,2.868190288543701,Success,../outputs/sarvam/hindi/hindi_18.wav
2026-02-27 13:51:35.086726,hindi,डाइनिंग रूम एयर प्यूरीफायर 100 में 180 मिनट का स्विच ऑफ टाइमर सेट करें।,ElevenLabs,1.8053486347198486,Success,../outputs/elevenlabs/hindi/hindi_19.mp3
2026-02-27 13:51:35.086726,hindi,डाइनिंग रूम एयर प्यूरीफायर 100 में 180 मिनट का स्विच ऑफ टाइमर सेट करें।,Sarvam,3.206653594970703,Success,../outputs/sarvam/hindi/hindi_19.wav
2026-02-27 13:51:40.118074,hindi,लिविंग रूम एयर प्यूरीफायर 1 चालू करें।,ElevenLabs,1.3898718357086182,Success,../outputs/elevenlabs/hindi/hindi_20.mp3
2026-02-27 13:51:40.118074,hindi,लिविंग रूम एयर प्यूरीफायर 1 चालू करें।,Sarvam,1.805173397064209,Success,../outputs/sarvam/hindi/hindi_20.wav
2026-02-27 13:51:43.321431,hindi,लिविंग रूम एयर प्यूरीफायर 1 में 60 मिनट का स्विच ऑफ टाइमर सेट करें।,ElevenLabs,1.9170336723327637,Success,../outputs/elevenlabs/hindi/hindi_21.mp3
2026-02-27 13:51:43.321431,hindi,लिविंग रूम एयर प्यूरीफायर 1 में 60 मिनट का स्विच ऑफ टाइमर सेट करें।,Sarvam,3.1282336711883545,Success,../outputs/sarvam/hindi/hindi_21.wav
2026-02-27 13:51:48.382128,hindi,लिविंग रूम एयर प्यूरीफायर 1 में नाइट मोड चालू करें।,ElevenLabs,1.4226787090301514,Success,../outputs/elevenlabs/hindi/hindi_22.mp3
2026-02-27 13:51:48.382128,hindi,लिविंग रूम एयर प्यूरीफायर 1 में नाइट मोड चालू करें।,Sarvam,2.267629384994507,Success,../outputs/sarvam/hindi/hindi_22.wav
2026-02-27 13:51:52.086709,hindi,लिविंग रूम एयर प्यूरीफायर 1 की फैन पावर बंद करें।,ElevenLabs,1.5876657962799072,Success,../outputs/elevenlabs/hindi/hindi_23.mp3
2026-02-27 13:51:52.086709,hindi,लिविंग रूम एयर प्यूरीफायर 1 की फैन पावर बंद करें।,Sarvam,1.983853816986084,Success,../outputs/sarvam/hindi/hindi_23.wav
2026-02-27 13:51:55.672229,hindi,लिविंग रूम एयर प्यूरीफायर 1 में फैन पावर चालू करें और फैन स्पीड 4 सेट करें।,ElevenLabs,1.7332301139831543,Success,../outputs/elevenlabs/hindi/hindi_24.mp3
2026-02-27 13:51:55.672229,hindi,लिविंग रूम एयर प्यूरीफायर 1 में फैन पावर चालू करें और फैन स्पीड 4 सेट करें।,Sarvam,2.801516532897949,Success,../outputs/sarvam/hindi/hindi_24.wav
2026-02-27 13:52:00.240059,tamil,படுக்கையறை ஏர் ப்யூரிஃபையர் 1 ஐ இயக்கவும்.,ElevenLabs,1.3242449760437012,Success,../outputs/elevenlabs/tamil/tamil_0.mp3
2026-02-27 13:52:00.240059,tamil,படுக்கையறை ஏர் ப்யூரிஃபையர் 1 ஐ இயக்கவும்.,Sarvam,1.7025001049041748,Success,../outputs/sarvam/tamil/tamil_0.wav
2026-02-27 13:52:03.281308,tamil,படுக்கையறை ஏர் ப்யூரிஃபையர் 1 இல் பஸ்சர் கட்டுப்பாட்டை இயக்கவும்.,ElevenLabs,1.4984617233276367,Success,../outputs/elevenlabs/tamil/tamil_1.mp3
2026-02-27 13:52:03.281308,tamil,படுக்கையறை ஏர் ப்யூரிஃபையர் 1 இல் பஸ்சர் கட்டுப்பாட்டை இயக்கவும்.,Sarvam,2.7527506351470947,Success,../outputs/sarvam/tamil/tamil_1.wav
2026-02-27 13:52:07.560072,tamil,படுக்கையறை ஏர் ப்யூரிஃபையர் 1 இல் பேன் வேகம் 4 அமைக்கவும்.,ElevenLabs,1.4925553798675537,Success,../outputs/elevenlabs/tamil/tamil_2.mp3
2026-02-27 13:52:07.560072,tamil,படுக்கையறை ஏர் ப்யூரிஃபையர் 1 இல் பேன் வேகம் 4 அமைக்கவும்.,Sarvam,2.308363199234009,Success,../outputs/sarvam/tamil/tamil_2.wav
2026-02-27 13:52:11.379838,tamil,படுக்கையறை ஏர் ப்யூரிஃபையர் 1 இல் நைட் மோடு அமைக்கவும்.,ElevenLabs,1.3550145626068115,Success,../outputs/elevenlabs/tamil/tamil_3.mp3
2026-02-27 13:52:11.379838,tamil,படுக்கையறை ஏர் ப்யூரிஃபையர் 1 இல் நைட் மோடு அமைக்கவும்.,Sarvam,2.000896692276001,Success,../outputs/sarvam/tamil/tamil_3.wav
2026-02-27 13:52:14.746200,tamil,படுக்கையறை ஏர் ப்யூரிஃபையர் 1 இல் 60 நிமிட ஸ்விட்ச் ஆஃப் டைமரை அமைக்கவும்.,ElevenLabs,1.6790573596954346,Success,../outputs/elevenlabs/tamil/tamil_4.mp3
2026-02-27 13:52:14.746200,tamil,படுக்கையறை ஏர் ப்யூரிஃபையர் 1 இல் 60 நிமிட ஸ்விட்ச் ஆஃப் டைமரை அமைக்கவும்.,Sarvam,3.200295925140381,Success,../outputs/sarvam/tamil/tamil_4.wav
2026-02-27 13:52:19.642581,tamil,படுக்கையறை ஏர் ப்யூரிஃபையர் 1 இல் ரிங் எல்இடி பிரைட்ட்னஸ் 40 ஆக அமைக்கவும்.,ElevenLabs,1.7807998657226562,Success,../outputs/elevenlabs/tamil/tamil_5.mp3
2026-02-27 13:52:19.642581,tamil,படுக்கையறை ஏர் ப்யூரிஃபையர் 1 இல் ரிங் எல்இடி பிரைட்ட்னஸ் 40 ஆக அமைக்கவும்.,Sarvam,3.7059199810028076,Success,../outputs/sarvam/tamil/tamil_5.wav
2026-02-27 13:52:25.137921,tamil,படுக்கையறை ஏர் ப்யூரிஃபையர் 1 இல் டர்போ மோடு இயக்கி பஸ்சர் கட்டுப்பாட்டை அணைக்கவும்.,ElevenLabs,1.687903642654419,Success,../outputs/elevenlabs/tamil/tamil_6.mp3
2026-02-27 13:52:25.137921,tamil,படுக்கையறை ஏர் ப்யூரிஃபையர் 1 இல் டர்போ மோடு இயக்கி பஸ்சர் கட்டுப்பாட்டை அணைக்கவும்.,Sarvam,4.6791651248931885,Success,../outputs/sarvam/tamil/tamil_6.wav
2026-02-27 13:52:31.539018,tamil,படுக்கையறை ஏர் ப்யூரிஃபையர் 1 இல் 720 நிமிட ஸ்விட்ச் ஆஃப் டைமரை அமைக்கவும்.,ElevenLabs,1.9378490447998047,Success,../outputs/elevenlabs/tamil/tamil_7.mp3
2026-02-27 13:52:31.539018,tamil,படுக்கையறை ஏர் ப்யூரிஃபையர் 1 இல் 720 நிமிட ஸ்விட்ச் ஆஃப் டைமரை அமைக்கவும்.,Sarvam,5.749449729919434,Success,../outputs/sarvam/tamil/tamil_7.wav
2026-02-27 13:52:39.246498,tamil,உணவறையில் ஏர் ப்யூரிஃபையரை இயக்கவும்.,ElevenLabs,1.3084380626678467,Success,../outputs/elevenlabs/tamil/tamil_8.mp3
2026-02-27 13:52:39.246498,tamil,உணவறையில் ஏர் ப்யூரிஃபையரை இயக்கவும்.,Sarvam,1.7997033596038818,Success,../outputs/sarvam/tamil/tamil_8.wav
2026-02-27 13:52:42.372155,tamil,என் படுக்கையறை ஏர் ப்யூரிஃபையர் 1 இன் நிலை என்ன?,ElevenLabs,1.5186047554016113,Success,../outputs/elevenlabs/tamil/tamil_9.mp3
2026-02-27 13:52:42.372155,tamil,என் படுக்கையறை ஏர் ப்யூரிஃபையர் 1 இன் நிலை என்ன?,Sarvam,2.650653839111328,Success,../outputs/sarvam/tamil/tamil_9.wav
2026-02-27 13:52:46.558132,tamil,உணவறை ஏர் ப்யூரிஃபையர் 1 ஐ இயக்கவும்.,ElevenLabs,1.3039014339447021,Success,../outputs/elevenlabs/tamil/tamil_10.mp3
2026-02-27 13:52:46.558132,tamil,உணவறை ஏர் ப்யூரிஃபையர் 1 ஐ இயக்கவும்.,Sarvam,1.8041670322418213,Success,../outputs/sarvam/tamil/tamil_10.wav
2026-02-27 13:52:49.684408,tamil,உணவறை ஏர் ப்யூரிஃபையர் 1 இல் ரிங் எல்இடி பிரைட்ட்னஸ் 70 அமைக்கவும்.,ElevenLabs,1.5772373676300049,Success,../outputs/elevenlabs/tamil/tamil_11.mp3
2026-02-27 13:52:49.684408,tamil,உணவறை ஏர் ப்யூரிஃபையர் 1 இல் ரிங் எல்இடி பிரைட்ட்னஸ் 70 அமைக்கவும்.,Sarvam,2.4316294193267822,Success,../outputs/sarvam/tamil/tamil_11.wav
2026-02-27 13:52:53.708433,tamil,உணவறை ஏர் ப்யூரிஃபையர் 1 இல் ஹீட்டர் பவரை இயக்கவும்.,ElevenLabs,1.434014081954956,Success,../outputs/elevenlabs/tamil/tamil_12.mp3
2026-02-27 13:52:53.708433,tamil,உணவறை ஏர் ப்யூரிஃபையர் 1 இல் ஹீட்டர் பவரை இயக்கவும்.,Sarvam,2.5007898807525635,Success,../outputs/sarvam/tamil/tamil_12.wav
2026-02-27 13:52:57.660352,tamil,உணவறை ஏர் ப்யூரிஃபையர் 1 இல் நைட் மோடு அமைக்கவும்.,ElevenLabs,1.5426130294799805,Success,../outputs/elevenlabs/tamil/tamil_13.mp3
2026-02-27 13:52:57.660352,tamil,உணவறை ஏர் ப்யூரிஃபையர் 1 இல் நைட் மோடு அமைக்கவும்.,Sarvam,1.8333492279052734,Success,../outputs/sarvam/tamil/tamil_13.wav
2026-02-27 13:53:01.062685,tamil,உணவறை ஏர் ப்யூரிஃபையர் 1 இல் 180 நிமிட ஸ்விட்ச் ஆஃப் டைமரை அமைக்கவும்.,ElevenLabs,1.6671099662780762,Success,../outputs/elevenlabs/tamil/tamil_14.mp3
2026-02-27 13:53:01.062685,tamil,உணவறை ஏர் ப்யூரிஃபையர் 1 இல் 180 நிமிட ஸ்விட்ச் ஆஃப் டைமரை அமைக்கவும்.,Sarvam,3.5586652755737305,Success,../outputs/sarvam/tamil/tamil_14.wav
2026-02-27 13:53:06.307452,tamil,உணவறை ஏர் ப்யூரிஃபையர் 1 இல் பஸ்சர் கட்டுப்பாட்டை இயக்கவும்.,ElevenLabs,1.4687526226043701,Success,../outputs/elevenlabs/tamil/tamil_15.mp3
2026-02-27 13:53:06.307452,tamil,உணவறை ஏர் ப்யூரிஃபையர் 1 இல் பஸ்சர் கட்டுப்பாட்டை இயக்கவும்.,Sarvam,6.230545520782471,Success,../outputs/sarvam/tamil/tamil_15.wav
2026-02-27 13:53:14.023887,tamil,உணவறை ஏர் ப்யூரிஃபையர் 1 இல் பேன் வேகம் 3 அமைக்கவும்.,ElevenLabs,1.5297253131866455,Success,../outputs/elevenlabs/tamil/tamil_16.mp3
2026-02-27 13:53:14.023887,tamil,உணவறை ஏர் ப்யூரிஃபையர் 1 இல் பேன் வேகம் 3 அமைக்கவும்.,Sarvam,3.9567060470581055,Success,../outputs/sarvam/tamil/tamil_16.wav
2026-02-27 13:53:19.523302,tamil,உணவறை ஏர் ப்யூரிஃபையர் 1 ஐ இயக்கவும்.,ElevenLabs,1.3562383651733398,Success,../outputs/elevenlabs/tamil/tamil_17.mp3
2026-02-27 13:53:19.523302,tamil,உணவறை ஏர் ப்யூரிஃபையர் 1 ஐ இயக்கவும்.,Sarvam,3.1285417079925537,Success,../outputs/sarvam/tamil/tamil_17.wav
2026-02-27 13:53:24.038314,tamil,உணவறை ஏர் ப்யூரிஃபையர் 1 இல் ரிங் எல்இடி பிரைட்ட்னஸ் 200 ஆக அமைக்கவும்.,ElevenLabs,1.5783696174621582,Success,../outputs/elevenlabs/tamil/tamil_18.mp3
2026-02-27 13:53:24.038314,tamil,உணவறை ஏர் ப்யூரிஃபையர் 1 இல் ரிங் எல்இடி பிரைட்ட்னஸ் 200 ஆக அமைக்கவும்.,Sarvam,3.076953887939453,Success,../outputs/sarvam/tamil/tamil_18.wav
2026-02-27 13:53:28.715746,tamil,உணவறை ஏர் ப்யூரிஃபையர் 100 இல் 180 நிமிட ஸ்விட்ச் ஆஃப் டைமரை அமைக்கவும்.,ElevenLabs,1.5685694217681885,Success,../outputs/elevenlabs/tamil/tamil_19.mp3
2026-02-27 13:53:28.715746,tamil,உணவறை ஏர் ப்யூரிஃபையர் 100 இல் 180 நிமிட ஸ்விட்ச் ஆஃப் டைமரை அமைக்கவும்.,Sarvam,2.7957677841186523,Success,../outputs/sarvam/tamil/tamil_19.wav
2026-02-27 13:53:33.094658,tamil,வசிப்பறை ஏர் ப்யூரிஃபையர் 1 ஐ இயக்கவும்.,ElevenLabs,1.470874547958374,Success,../outputs/elevenlabs/tamil/tamil_20.mp3
2026-02-27 13:53:33.094658,tamil,வசிப்பறை ஏர் ப்யூரிஃபையர் 1 ஐ இயக்கவும்.,Sarvam,1.69498872756958,Success,../outputs/sarvam/tamil/tamil_20.wav
2026-02-27 13:53:36.273560,tamil,வசிப்பறை ஏர் ப்யூரிஃபையர் 1 இல் 60 நிமிட ஸ்விட்ச் ஆஃப் டைமரை அமைக்கவும்.,ElevenLabs,1.715259075164795,Success,../outputs/elevenlabs/tamil/tamil_21.mp3
2026-02-27 13:53:36.273560,tamil,வசிப்பறை ஏர் ப்யூரிஃபையர் 1 இல் 60 நிமிட ஸ்விட்ச் ஆஃப் டைமரை அமைக்கவும்.,Sarvam,2.6380693912506104,Success,../outputs/sarvam/tamil/tamil_21.wav
2026-02-27 13:53:40.637972,tamil,வசிப்பறை ஏர் ப்யூரிஃபையர் 1 இல் நைட் மோடு இயக்கவும்.,ElevenLabs,1.6904380321502686,Success,../outputs/elevenlabs/tamil/tamil_22.mp3
2026-02-27 13:53:40.637972,tamil,வசிப்பறை ஏர் ப்யூரிஃபையர் 1 இல் நைட் மோடு இயக்கவும்.,Sarvam,2.4055161476135254,Success,../outputs/sarvam/tamil/tamil_22.wav
2026-02-27 13:53:44.750571,tamil,வசிப்பறை ஏர் ப்யூரிஃபையர் 1 இன் பேன் பவரை அணைக்கவும்.,ElevenLabs,1.5372512340545654,Success,../outputs/elevenlabs/tamil/tamil_23.mp3
2026-02-27 13:53:44.750571,tamil,வசிப்பறை ஏர் ப்யூரிஃபையர் 1 இன் பேன் பவரை அணைக்கவும்.,Sarvam,2.2292511463165283,Success,../outputs/sarvam/tamil/tamil_23.wav
2026-02-27 13:53:48.526104,tamil,வசிப்பறை ஏர் ப்யூரிஃபையர் 1 இல் பேன் பவரை இயக்கி பேன் வேகம் 4 அமைக்கவும்.,ElevenLabs,1.7174339294433594,Success,../outputs/elevenlabs/tamil/tamil_24.mp3
2026-02-27 13:53:48.526104,tamil,வசிப்பறை ஏர் ப்யூரிஃபையர் 1 இல் பேன் பவரை இயக்கி பேன் வேகம் 4 அமைக்கவும்.,Sarvam,2.8959579467773438,Success,../outputs/sarvam/tamil/tamil_24.wav
2026-02-27 13:53:53.162619,bengali,শয়নকক্ষ এয়ার পিউরিফায়ার 1 চালু করুন।,ElevenLabs,2.5984039306640625,Success,../outputs/elevenlabs/bengali/bengali_0.mp3
2026-02-27 13:53:53.162619,bengali,শয়নকক্ষ এয়ার পিউরিফায়ার 1 চালু করুন।,Sarvam,2.103123188018799,Success,../outputs/sarvam/bengali/bengali_0.wav
2026-02-27 13:53:57.877028,bengali,শয়নকক্ষ এয়ার পিউরিফায়ার 1 এ বাজার নিয়ন্ত্রণ চালু করুন।,ElevenLabs,1.7118523120880127,Success,../outputs/elevenlabs/bengali/bengali_1.mp3
2026-02-27 13:53:57.877028,bengali,শয়নকক্ষ এয়ার পিউরিফায়ার 1 এ বাজার নিয়ন্ত্রণ চালু করুন।,Sarvam,2.486692428588867,Success,../outputs/sarvam/bengali/bengali_1.wav
2026-02-27 13:54:02.088603,bengali,শয়নকক্ষ এয়ার পিউরিফায়ার 1 এ ফ্যানের গতি 4 সেট করুন।,ElevenLabs,1.7858595848083496,Success,../outputs/elevenlabs/bengali/bengali_2.mp3
2026-02-27 13:54:02.088603,bengali,শয়নকক্ষ এয়ার পিউরিফায়ার 1 এ ফ্যানের গতি 4 সেট করুন।,Sarvam,2.615546941757202,Success,../outputs/sarvam/bengali/bengali_2.wav
2026-02-27 13:54:06.505593,bengali,শয়নকক্ষ এয়ার পিউরিফায়ার 1 এ নাইট মোড সেট করুন।,ElevenLabs,1.956270694732666,Success,../outputs/elevenlabs/bengali/bengali_3.mp3
2026-02-27 13:54:06.505593,bengali,শয়নকক্ষ এয়ার পিউরিফায়ার 1 এ নাইট মোড সেট করুন।,Sarvam,2.474559783935547,Success,../outputs/sarvam/bengali/bengali_3.wav
2026-02-27 13:54:10.960008,bengali,শয়নকক্ষ এয়ার পিউরিফায়ার 1 এ 60 মিনিটের সুইচ অফ টাইমার সেট করুন।,ElevenLabs,1.9250233173370361,Success,../outputs/elevenlabs/bengali/bengali_4.mp3
2026-02-27 13:54:10.960008,bengali,শয়নকক্ষ এয়ার পিউরিফায়ার 1 এ 60 মিনিটের সুইচ অফ টাইমার সেট করুন।,Sarvam,3.2491748332977295,Success,../outputs/sarvam/bengali/bengali_4.wav
2026-02-27 13:54:16.161271,bengali,শয়নকক্ষ এয়ার পিউরিফায়ার 1 এ রিং এলইডি উজ্জ্বলতা 40 সেট করুন।,ElevenLabs,2.0736076831817627,Success,../outputs/elevenlabs/bengali/bengali_5.mp3
2026-02-27 13:54:16.161271,bengali,শয়নকক্ষ এয়ার পিউরিফায়ার 1 এ রিং এলইডি উজ্জ্বলতা 40 সেট করুন।,Sarvam,2.7365100383758545,Success,../outputs/sarvam/bengali/bengali_5.wav
2026-02-27 13:54:20.987423,bengali,শয়নকক্ষ এয়ার পিউরিফায়ার 1 এ টার্বো মোড চালু করুন এবং বাজার নিয়ন্ত্রণ বন্ধ করুন।,ElevenLabs,2.1791672706604004,Success,../outputs/elevenlabs/bengali/bengali_6.mp3
2026-02-27 13:54:20.987423,bengali,শয়নকক্ষ এয়ার পিউরিফায়ার 1 এ টার্বো মোড চালু করুন এবং বাজার নিয়ন্ত্রণ বন্ধ করুন।,Sarvam,4.638944864273071,Success,../outputs/sarvam/bengali/bengali_6.wav
2026-02-27 13:54:27.826036,bengali,শয়নকক্ষ এয়ার পিউরিফায়ার 1 এ 720 মিনিটের সুইচ অফ টাইমার সেট করুন।,ElevenLabs,2.0309011936187744,Success,../outputs/elevenlabs/bengali/bengali_7.mp3
2026-02-27 13:54:27.826036,bengali,শয়নকক্ষ এয়ার পিউরিফায়ার 1 এ 720 মিনিটের সুইচ অফ টাইমার সেট করুন।,Sarvam,3.935736894607544,Success,../outputs/sarvam/bengali/bengali_7.wav
2026-02-27 13:54:33.811527,bengali,ডাইনিং রুমে এয়ার পিউরিফায়ার চালু করুন।,ElevenLabs,1.4638371467590332,Success,../outputs/elevenlabs/bengali/bengali_8.mp3
2026-02-27 13:54:33.811527,bengali,ডাইনিং রুমে এয়ার পিউরিফায়ার চালু করুন।,Sarvam,1.7844364643096924,Success,../outputs/sarvam/bengali/bengali_8.wav
2026-02-27 13:54:37.075821,bengali,আমার শয়নকক্ষ এয়ার পিউরিফায়ার 1 এর অবস্থা কী?,ElevenLabs,1.7345566749572754,Success,../outputs/elevenlabs/bengali/bengali_9.mp3
2026-02-27 13:54:37.075821,bengali,আমার শয়নকক্ষ এয়ার পিউরিফায়ার 1 এর অবস্থা কী?,Sarvam,2.41719913482666,Success,../outputs/sarvam/bengali/bengali_9.wav
2026-02-27 13:54:41.244562,bengali,ডাইনিং রুম এয়ার পিউরিফায়ার 1 চালু করুন।,ElevenLabs,1.8871164321899414,Success,../outputs/elevenlabs/bengali/bengali_10.mp3
2026-02-27 13:54:41.244562,bengali,ডাইনিং রুম এয়ার পিউরিফায়ার 1 চালু করুন।,Sarvam,1.732743263244629,Success,../outputs/sarvam/bengali/bengali_10.wav
2026-02-27 13:54:44.880410,bengali,ডাইনিং রুম এয়ার পিউরিফায়ার 1 এ রিং এলইডি উজ্জ্বলতা 70 সেট করুন।,ElevenLabs,1.8816637992858887,Success,../outputs/elevenlabs/bengali/bengali_11.mp3
2026-02-27 13:54:44.880410,bengali,ডাইনিং রুম এয়ার পিউরিফায়ার 1 এ রিং এলইডি উজ্জ্বলতা 70 সেট করুন।,Sarvam,2.635711431503296,Success,../outputs/sarvam/bengali/bengali_11.wav
2026-02-27 13:54:49.412749,bengali,ডাইনিং রুম এয়ার পিউরিফায়ার 1 এ হিটার পাওয়ার চালু করুন।,ElevenLabs,1.778672218322754,Success,../outputs/elevenlabs/bengali/bengali_12.mp3
2026-02-27 13:54:49.412749,bengali,ডাইনিং রুম এয়ার পিউরিফায়ার 1 এ হিটার পাওয়ার চালু করুন।,Sarvam,2.219639778137207,Success,../outputs/sarvam/bengali/bengali_12.wav
2026-02-27 13:54:53.438486,bengali,ডাইনিং রুম এয়ার পিউরিফায়ার 1 এ নাইট মোড সেট করুন।,ElevenLabs,2.0637080669403076,Success,../outputs/elevenlabs/bengali/bengali_13.mp3
2026-02-27 13:54:53.438486,bengali,ডাইনিং রুম এয়ার পিউরিফায়ার 1 এ নাইট মোড সেট করুন।,Sarvam,2.6342687606811523,Success,../outputs/sarvam/bengali/bengali_13.wav
2026-02-27 13:54:58.148860,bengali,ডাইনিং রুম এয়ার পিউরিফায়ার 1 এ 180 মিনিটের সুইচ অফ টাইমার সেট করুন।,ElevenLabs,1.8646519184112549,Success,../outputs/elevenlabs/bengali/bengali_14.mp3
2026-02-27 13:54:58.148860,bengali,ডাইনিং রুম এয়ার পিউরিফায়ার 1 এ 180 মিনিটের সুইচ অফ টাইমার সেট করুন।,Sarvam,4.359515905380249,Success,../outputs/sarvam/bengali/bengali_14.wav
2026-02-27 13:55:04.400286,bengali,ডাইনিং রুম এয়ার পিউরিফায়ার 1 এ বাজার নিয়ন্ত্রণ চালু করুন।,ElevenLabs,1.6100866794586182,Success,../outputs/elevenlabs/bengali/bengali_15.mp3
2026-02-27 13:55:04.400286,bengali,ডাইনিং রুম এয়ার পিউরিফায়ার 1 এ বাজার নিয়ন্ত্রণ চালু করুন।,Sarvam,3.075897455215454,Success,../outputs/sarvam/bengali/bengali_15.wav
2026-02-27 13:55:09.102315,bengali,ডাইনিং রুম এয়ার পিউরিফায়ার 1 এ ফ্যানের গতি 3 সেট করুন।,ElevenLabs,1.9370129108428955,Success,../outputs/elevenlabs/bengali/bengali_16.mp3
2026-02-27 13:55:09.102315,bengali,ডাইনিং রুম এয়ার পিউরিফায়ার 1 এ ফ্যানের গতি 3 সেট করুন।,Sarvam,3.618053436279297,Success,../outputs/sarvam/bengali/bengali_16.wav
2026-02-27 13:55:14.670858,bengali,ডাইনিং রুম এয়ার পিউরিফায়ার 1 চালু করুন।,ElevenLabs,1.3487565517425537,Success,../outputs/elevenlabs/bengali/bengali_17.mp3
2026-02-27 13:55:14.670858,bengali,ডাইনিং রুম এয়ার পিউরিফায়ার 1 চালু করুন।,Sarvam,2.3403165340423584,Success,../outputs/sarvam/bengali/bengali_17.wav
2026-02-27 13:55:18.387772,bengali,ডাইনিং রুম এয়ার পিউরিফায়ার 1 এ রিং এলইডি উজ্জ্বলতা 200 সেট করুন।,ElevenLabs,1.9821388721466064,Success,../outputs/elevenlabs/bengali/bengali_18.mp3
2026-02-27 13:55:18.387772,bengali,ডাইনিং রুম এয়ার পিউরিফায়ার 1 এ রিং এলইডি উজ্জ্বলতা 200 সেট করুন।,Sarvam,3.1481704711914062,Success,../outputs/sarvam/bengali/bengali_18.wav
2026-02-27 13:55:23.534302,bengali,ডাইনিং রুম এয়ার পিউরিফায়ার 100 এ 180 মিনিটের সুইচ অফ টাইমার সেট করুন।,ElevenLabs,1.616079568862915,Success,../outputs/elevenlabs/bengali/bengali_19.mp3
2026-02-27 13:55:23.534302,bengali,ডাইনিং রুম এয়ার পিউরিফায়ার 100 এ 180 মিনিটের সুইচ অফ টাইমার সেট করুন।,Sarvam,3.344953775405884,Success,../outputs/sarvam/bengali/bengali_19.wav
2026-02-27 13:55:28.512856,bengali,লিভিং রুম এয়ার পিউরিফায়ার 1 চালু করুন।,ElevenLabs,1.5950424671173096,Success,../outputs/elevenlabs/bengali/bengali_20.mp3
2026-02-27 13:55:28.512856,bengali,লিভিং রুম এয়ার পিউরিফায়ার 1 চালু করুন।,Sarvam,2.0786237716674805,Success,../outputs/sarvam/bengali/bengali_20.wav
2026-02-27 13:55:32.212221,bengali,লিভিং রুম এয়ার পিউরিফায়ার 1 এ 60 মিনিটের সুইচ অফ টাইমার সেট করুন।,ElevenLabs,1.6721076965332031,Success,../outputs/elevenlabs/bengali/bengali_21.mp3
2026-02-27 13:55:32.212221,bengali,লিভিং রুম এয়ার পিউরিফায়ার 1 এ 60 মিনিটের সুইচ অফ টাইমার সেট করুন।,Sarvam,3.0332155227661133,Success,../outputs/sarvam/bengali/bengali_21.wav
2026-02-27 13:55:36.928784,bengali,লিভিং রুম এয়ার পিউরিফায়ার 1 এ নাইট মোড চালু করুন।,ElevenLabs,1.6449475288391113,Success,../outputs/elevenlabs/bengali/bengali_22.mp3
2026-02-27 13:55:36.928784,bengali,লিভিং রুম এয়ার পিউরিফায়ার 1 এ নাইট মোড চালু করুন।,Sarvam,2.732672691345215,Success,../outputs/sarvam/bengali/bengali_22.wav
2026-02-27 13:55:41.323499,bengali,লিভিং রুম এয়ার পিউরিফায়ার 1 এর ফ্যান পাওয়ার বন্ধ করুন।,ElevenLabs,1.885101318359375,Success,../outputs/elevenlabs/bengali/bengali_23.mp3
2026-02-27 13:55:41.323499,bengali,লিভিং রুম এয়ার পিউরিফায়ার 1 এর ফ্যান পাওয়ার বন্ধ করুন।,Sarvam,2.440988063812256,Success,../outputs/sarvam/bengali/bengali_23.wav
2026-02-27 13:55:45.662490,bengali,লিভিং রুম এয়ার পিউরিফায়ার 1 এ ফ্যান পাওয়ার চালু করুন এবং ফ্যান গতি 4 সেট করুন।,ElevenLabs,1.8964695930480957,Success,../outputs/elevenlabs/bengali/bengali_24.mp3
2026-02-27 13:55:45.662490,bengali,লিভিং রুম এয়ার পিউরিফায়ার 1 এ ফ্যান পাওয়ার চালু করুন এবং ফ্যান গতি 4 সেট করুন।,Sarvam,3.7715845108032227,Success,../outputs/sarvam/bengali/bengali_24.wav
2026-02-27 13:55:51.360181,kannada,ಶಯನಕಕ್ಷೆಯ ಏರ್ ಪ್ಯೂರಿಫೈಯರ್ 1 ಅನ್ನು ಆನ್ ಮಾಡಿ।,ElevenLabs,1.2863538265228271,Success,../outputs/elevenlabs/kannada/kannada_0.mp3
2026-02-27 13:55:51.360181,kannada,ಶಯನಕಕ್ಷೆಯ ಏರ್ ಪ್ಯೂರಿಫೈಯರ್ 1 ಅನ್ನು ಆನ್ ಮಾಡಿ।,Sarvam,2.0484888553619385,Success,../outputs/sarvam/kannada/kannada_0.wav
2026-02-27 13:55:54.708804,kannada,ಶಯನಕಕ್ಷೆಯ ಏರ್ ಪ್ಯೂರಿಫೈಯರ್ 1 ನಲ್ಲಿ ಬಜರ್ ನಿಯಂತ್ರಣವನ್ನು ಆನ್ ಮಾಡಿ।,ElevenLabs,1.6144647598266602,Success,../outputs/elevenlabs/kannada/kannada_1.mp3
2026-02-27 13:55:54.708804,kannada,ಶಯನಕಕ್ಷೆಯ ಏರ್ ಪ್ಯೂರಿಫೈಯರ್ 1 ನಲ್ಲಿ ಬಜರ್ ನಿಯಂತ್ರಣವನ್ನು ಆನ್ ಮಾಡಿ।,Sarvam,2.5938637256622314,Success,../outputs/sarvam/kannada/kannada_1.wav
2026-02-27 13:55:58.930584,kannada,ಶಯನಕಕ್ಷೆಯ ಏರ್ ಪ್ಯೂರಿಫೈಯರ್ 1 ನಲ್ಲಿ ಫ್ಯಾನ್ ವೇಗವನ್ನು 4 ಗೆ ಹೊಂದಿಸಿ।,ElevenLabs,1.7121853828430176,Success,../outputs/elevenlabs/kannada/kannada_2.mp3
2026-02-27 13:55:58.930584,kannada,ಶಯನಕಕ್ಷೆಯ ಏರ್ ಪ್ಯೂರಿಫೈಯರ್ 1 ನಲ್ಲಿ ಫ್ಯಾನ್ ವೇಗವನ್ನು 4 ಗೆ ಹೊಂದಿಸಿ।,Sarvam,3.2102625370025635,Success,../outputs/sarvam/kannada/kannada_2.wav
2026-02-27 13:56:03.865038,kannada,ಶಯನಕಕ್ಷೆಯ ಏರ್ ಪ್ಯೂರಿಫೈಯರ್ 1 ನಲ್ಲಿ ನೈಟ್ ಮೋಡ್ ಹೊಂದಿಸಿ।,ElevenLabs,1.4490129947662354,Success,../outputs/elevenlabs/kannada/kannada_3.mp3
2026-02-27 13:56:03.865038,kannada,ಶಯನಕಕ್ಷೆಯ ಏರ್ ಪ್ಯೂರಿಫೈಯರ್ 1 ನಲ್ಲಿ ನೈಟ್ ಮೋಡ್ ಹೊಂದಿಸಿ।,Sarvam,2.20556902885437,Success,../outputs/sarvam/kannada/kannada_3.wav
2026-02-27 13:56:07.535761,kannada,ಶಯನಕಕ್ಷೆಯ ಏರ್ ಪ್ಯೂರಿಫೈಯರ್ 1 ನಲ್ಲಿ 60 ನಿಮಿಷಗಳ ಸ್ವಿಚ್ ಆಫ್ ಟೈಮರ್ ಹೊಂದಿಸಿ।,ElevenLabs,1.8893675804138184,Success,../outputs/elevenlabs/kannada/kannada_4.mp3
2026-02-27 13:56:07.535761,kannada,ಶಯನಕಕ್ಷೆಯ ಏರ್ ಪ್ಯೂರಿಫೈಯರ್ 1 ನಲ್ಲಿ 60 ನಿಮಿಷಗಳ ಸ್ವಿಚ್ ಆಫ್ ಟೈಮರ್ ಹೊಂದಿಸಿ।,Sarvam,3.2710940837860107,Success,../outputs/sarvam/kannada/kannada_4.wav
2026-02-27 13:56:12.722040,kannada,ಶಯನಕಕ್ಷೆಯ ಏರ್ ಪ್ಯೂರಿಫೈಯರ್ 1 ನಲ್ಲಿ ರಿಂಗ್ ಎಲ್ಇಡಿ ಪ್ರಕಾಶಮಾನತೆ 40 ಹೊಂದಿಸಿ।,ElevenLabs,1.5755040645599365,Success,../outputs/elevenlabs/kannada/kannada_5.mp3
2026-02-27 13:56:12.722040,kannada,ಶಯನಕಕ್ಷೆಯ ಏರ್ ಪ್ಯೂರಿಫೈಯರ್ 1 ನಲ್ಲಿ ರಿಂಗ್ ಎಲ್ಇಡಿ ಪ್ರಕಾಶಮಾನತೆ 40 ಹೊಂದಿಸಿ।,Sarvam,5.295580148696899,Success,../outputs/sarvam/kannada/kannada_5.wav
2026-02-27 13:56:19.605554,kannada,ಶಯನಕಕ್ಷೆಯ ಏರ್ ಪ್ಯೂರಿಫೈಯರ್ 1 ನಲ್ಲಿ ಟರ್ಬೋ ಮೋಡ್ ಆನ್ ಮಾಡಿ ಮತ್ತು ಬಜರ್ ನಿಯಂತ್ರಣ ಆಫ್ ಮಾಡಿ।,ElevenLabs,2.0978822708129883,Success,../outputs/elevenlabs/kannada/kannada_6.mp3
2026-02-27 13:56:19.605554,kannada,ಶಯನಕಕ್ಷೆಯ ಏರ್ ಪ್ಯೂರಿಫೈಯರ್ 1 ನಲ್ಲಿ ಟರ್ಬೋ ಮೋಡ್ ಆನ್ ಮಾಡಿ ಮತ್ತು ಬಜರ್ ನಿಯಂತ್ರಣ ಆಫ್ ಮಾಡಿ।,Sarvam,3.207887649536133,Success,../outputs/sarvam/kannada/kannada_6.wav
2026-02-27 13:56:24.924296,kannada,ಶಯನಕಕ್ಷೆಯ ಏರ್ ಪ್ಯೂರಿಫೈಯರ್ 1 ನಲ್ಲಿ 720 ನಿಮಿಷಗಳ ಸ್ವಿಚ್ ಆಫ್ ಟೈಮರ್ ಹೊಂದಿಸಿ।,ElevenLabs,1.7723956108093262,Success,../outputs/elevenlabs/kannada/kannada_7.mp3
2026-02-27 13:56:24.924296,kannada,ಶಯನಕಕ್ಷೆಯ ಏರ್ ಪ್ಯೂರಿಫೈಯರ್ 1 ನಲ್ಲಿ 720 ನಿಮಿಷಗಳ ಸ್ವಿಚ್ ಆಫ್ ಟೈಮರ್ ಹೊಂದಿಸಿ।,Sarvam,3.7504355907440186,Success,../outputs/sarvam/kannada/kannada_7.wav
2026-02-27 13:56:30.461804,kannada,ಡೈನಿಂಗ್ ರೂಮ್‌ನಲ್ಲಿ ಏರ್ ಪ್ಯೂರಿಫೈಯರ್ ಅನ್ನು ಆನ್ ಮಾಡಿ।,ElevenLabs,1.562652587890625,Success,../outputs/elevenlabs/kannada/kannada_8.mp3
2026-02-27 13:56:30.461804,kannada,ಡೈನಿಂಗ್ ರೂಮ್‌ನಲ್ಲಿ ಏರ್ ಪ್ಯೂರಿಫೈಯರ್ ಅನ್ನು ಆನ್ ಮಾಡಿ।,Sarvam,2.488430976867676,Success,../outputs/sarvam/kannada/kannada_8.wav
2026-02-27 13:56:34.535750,kannada,ನನ್ನ ಶಯನಕಕ್ಷೆಯ ಏರ್ ಪ್ಯೂರಿಫೈಯರ್ 1 ರ ಸ್ಥಿತಿ ಏನು?,ElevenLabs,1.4655086994171143,Success,../outputs/elevenlabs/kannada/kannada_9.mp3
2026-02-27 13:56:34.535750,kannada,ನನ್ನ ಶಯನಕಕ್ಷೆಯ ಏರ್ ಪ್ಯೂರಿಫೈಯರ್ 1 ರ ಸ್ಥಿತಿ ಏನು?,Sarvam,3.412036895751953,Success,../outputs/sarvam/kannada/kannada_9.wav
2026-02-27 13:56:39.429607,kannada,ಡೈನಿಂಗ್ ರೂಮ್ ಏರ್ ಪ್ಯೂರಿಫೈಯರ್ 1 ಅನ್ನು ಆನ್ ಮಾಡಿ।,ElevenLabs,1.4438514709472656,Success,../outputs/elevenlabs/kannada/kannada_10.mp3
2026-02-27 13:56:39.429607,kannada,ಡೈನಿಂಗ್ ರೂಮ್ ಏರ್ ಪ್ಯೂರಿಫೈಯರ್ 1 ಅನ್ನು ಆನ್ ಮಾಡಿ।,Sarvam,1.6479804515838623,Success,../outputs/sarvam/kannada/kannada_10.wav
2026-02-27 13:56:42.545165,kannada,ಡೈನಿಂಗ್ ರೂಮ್ ಏರ್ ಪ್ಯೂರಿಫೈಯರ್ 1 ನಲ್ಲಿ ರಿಂಗ್ ಎಲ್ಇಡಿ ಪ್ರಕಾಶಮಾನತೆ 70 ಹೊಂದಿಸಿ।,ElevenLabs,1.5605018138885498,Success,../outputs/elevenlabs/kannada/kannada_11.mp3
2026-02-27 13:56:42.545165,kannada,ಡೈನಿಂಗ್ ರೂಮ್ ಏರ್ ಪ್ಯೂರಿಫೈಯರ್ 1 ನಲ್ಲಿ ರಿಂಗ್ ಎಲ್ಇಡಿ ಪ್ರಕಾಶಮಾನತೆ 70 ಹೊಂದಿಸಿ।,Sarvam,4.885874032974243,Success,../outputs/sarvam/kannada/kannada_11.wav
2026-02-27 13:56:49.005997,kannada,ಡೈನಿಂಗ್ ರೂಮ್ ಏರ್ ಪ್ಯೂರಿಫೈಯರ್ 1 ನಲ್ಲಿ ಹೀಟರ್ ಪವರ್ ಆನ್ ಮಾಡಿ।,ElevenLabs,1.460498332977295,Success,../outputs/elevenlabs/kannada/kannada_12.mp3
2026-02-27 13:56:49.005997,kannada,ಡೈನಿಂಗ್ ರೂಮ್ ಏರ್ ಪ್ಯೂರಿಫೈಯರ್ 1 ನಲ್ಲಿ ಹೀಟರ್ ಪವರ್ ಆನ್ ಮಾಡಿ।,Sarvam,2.566694736480713,Success,../outputs/sarvam/kannada/kannada_12.wav
2026-02-27 13:56:53.058170,kannada,ಡೈನಿಂಗ್ ರೂಮ್ ಏರ್ ಪ್ಯೂರಿಫೈಯರ್ 1 ನಲ್ಲಿ ನೈಟ್ ಮೋಡ್ ಹೊಂದಿಸಿ।,ElevenLabs,1.7156248092651367,Success,../outputs/elevenlabs/kannada/kannada_13.mp3
2026-02-27 13:56:53.058170,kannada,ಡೈನಿಂಗ್ ರೂಮ್ ಏರ್ ಪ್ಯೂರಿಫೈಯರ್ 1 ನಲ್ಲಿ ನೈಟ್ ಮೋಡ್ ಹೊಂದಿಸಿ।,Sarvam,2.404425621032715,Success,../outputs/sarvam/kannada/kannada_13.wav
2026-02-27 13:56:57.207858,kannada,ಡೈನಿಂಗ್ ರೂಮ್ ಏರ್ ಪ್ಯೂರಿಫೈಯರ್ 1 ನಲ್ಲಿ 180 ನಿಮಿಷಗಳ ಸ್ವಿಚ್ ಆಫ್ ಟೈಮರ್ ಹೊಂದಿಸಿ।,ElevenLabs,1.8879172801971436,Success,../outputs/elevenlabs/kannada/kannada_14.mp3
2026-02-27 13:56:57.207858,kannada,ಡೈನಿಂಗ್ ರೂಮ್ ಏರ್ ಪ್ಯೂರಿಫೈಯರ್ 1 ನಲ್ಲಿ 180 ನಿಮಿಷಗಳ ಸ್ವಿಚ್ ಆಫ್ ಟೈಮರ್ ಹೊಂದಿಸಿ।,Sarvam,3.3016726970672607,Success,../outputs/sarvam/kannada/kannada_14.wav
2026-02-27 13:57:02.418925,kannada,ಡೈನಿಂಗ್ ರೂಮ್ ಏರ್ ಪ್ಯೂರಿಫೈಯರ್ 1 ನಲ್ಲಿ ಬಜರ್ ನಿಯಂತ್ರಣ ಆನ್ ಮಾಡಿ।,ElevenLabs,1.5615081787109375,Success,../outputs/elevenlabs/kannada/kannada_15.mp3
2026-02-27 13:57:02.418925,kannada,ಡೈನಿಂಗ್ ರೂಮ್ ಏರ್ ಪ್ಯೂರಿಫೈಯರ್ 1 ನಲ್ಲಿ ಬಜರ್ ನಿಯಂತ್ರಣ ಆನ್ ಮಾಡಿ।,Sarvam,2.6023995876312256,Success,../outputs/sarvam/kannada/kannada_15.wav
2026-02-27 13:57:06.597034,kannada,ಡೈನಿಂಗ್ ರೂಮ್ ಏರ್ ಪ್ಯೂರಿಫೈಯರ್ 1 ನಲ್ಲಿ ಫ್ಯಾನ್ ವೇಗವನ್ನು 3 ಗೆ ಹೊಂದಿಸಿ।,ElevenLabs,1.583564281463623,Success,../outputs/elevenlabs/kannada/kannada_16.mp3
2026-02-27 13:57:06.597034,kannada,ಡೈನಿಂಗ್ ರೂಮ್ ಏರ್ ಪ್ಯೂರಿಫೈಯರ್ 1 ನಲ್ಲಿ ಫ್ಯಾನ್ ವೇಗವನ್ನು 3 ಗೆ ಹೊಂದಿಸಿ।,Sarvam,2.750020742416382,Success,../outputs/sarvam/kannada/kannada_16.wav
2026-02-27 13:57:10.946704,kannada,ಡೈನಿಂಗ್ ರೂಮ್ ಏರ್ ಪ್ಯೂರಿಫೈಯರ್ 1 ಅನ್ನು ಆನ್ ಮಾಡಿ।,ElevenLabs,1.4096004962921143,Success,../outputs/elevenlabs/kannada/kannada_17.mp3
2026-02-27 13:57:10.946704,kannada,ಡೈನಿಂಗ್ ರೂಮ್ ಏರ್ ಪ್ಯೂರಿಫೈಯರ್ 1 ಅನ್ನು ಆನ್ ಮಾಡಿ।,Sarvam,2.4174892902374268,Success,../outputs/sarvam/kannada/kannada_17.wav
2026-02-27 13:57:14.803655,kannada,ಡೈನಿಂಗ್ ರೂಮ್ ಏರ್ ಪ್ಯೂರಿಫೈಯರ್ 1 ನಲ್ಲಿ ರಿಂಗ್ ಎಲ್ಇಡಿ ಪ್ರಕಾಶಮಾನತೆ 200 ಹೊಂದಿಸಿ।,ElevenLabs,1.6731629371643066,Success,../outputs/elevenlabs/kannada/kannada_18.mp3
2026-02-27 13:57:14.803655,kannada,ಡೈನಿಂಗ್ ರೂಮ್ ಏರ್ ಪ್ಯೂರಿಫೈಯರ್ 1 ನಲ್ಲಿ ರಿಂಗ್ ಎಲ್ಇಡಿ ಪ್ರಕಾಶಮಾನತೆ 200 ಹೊಂದಿಸಿ।,Sarvam,4.283790588378906,Success,../outputs/sarvam/kannada/kannada_18.wav
2026-02-27 13:57:20.779254,kannada,ಡೈನಿಂಗ್ ರೂಮ್ ಏರ್ ಪ್ಯೂರಿಫೈಯರ್ 100 ನಲ್ಲಿ 180 ನಿಮಿಷಗಳ ಸ್ವಿಚ್ ಆಫ್ ಟೈಮರ್ ಹೊಂದಿಸಿ।,ElevenLabs,1.828606128692627,Success,../outputs/elevenlabs/kannada/kannada_19.mp3
2026-02-27 13:57:20.779254,kannada,ಡೈನಿಂಗ್ ರೂಮ್ ಏರ್ ಪ್ಯೂರಿಫೈಯರ್ 100 ನಲ್ಲಿ 180 ನಿಮಿಷಗಳ ಸ್ವಿಚ್ ಆಫ್ ಟೈಮರ್ ಹೊಂದಿಸಿ।,Sarvam,4.374885559082031,Success,../outputs/sarvam/kannada/kannada_19.wav
2026-02-27 13:57:27.001988,kannada,ಲಿವಿಂಗ್ ರೂಮ್ ಏರ್ ಪ್ಯೂರಿಫೈಯರ್ 1 ಅನ್ನು ಆನ್ ಮಾಡಿ।,ElevenLabs,1.4942963123321533,Success,../outputs/elevenlabs/kannada/kannada_20.mp3
2026-02-27 13:57:27.001988,kannada,ಲಿವಿಂಗ್ ರೂಮ್ ಏರ್ ಪ್ಯೂರಿಫೈಯರ್ 1 ಅನ್ನು ಆನ್ ಮಾಡಿ।,Sarvam,2.505232810974121,Success,../outputs/sarvam/kannada/kannada_20.wav
2026-02-27 13:57:31.018052,kannada,ಲಿವಿಂಗ್ ರೂಮ್ ಏರ್ ಪ್ಯೂರಿಫೈಯರ್ 1 ನಲ್ಲಿ 60 ನಿಮಿಷಗಳ ಸ್ವಿಚ್ ಆಫ್ ಟೈಮರ್ ಹೊಂದಿಸಿ।,ElevenLabs,2.2791213989257812,Success,../outputs/elevenlabs/kannada/kannada_21.mp3
2026-02-27 13:57:31.018052,kannada,ಲಿವಿಂಗ್ ರೂಮ್ ಏರ್ ಪ್ಯೂರಿಫೈಯರ್ 1 ನಲ್ಲಿ 60 ನಿಮಿಷಗಳ ಸ್ವಿಚ್ ಆಫ್ ಟೈಮರ್ ಹೊಂದಿಸಿ।,Sarvam,3.1624715328216553,Success,../outputs/sarvam/kannada/kannada_21.wav
2026-02-27 13:57:36.475848,kannada,ಲಿವಿಂಗ್ ರೂಮ್ ಏರ್ ಪ್ಯೂರಿಫೈಯರ್ 1 ನಲ್ಲಿ ನೈಟ್ ಮೋಡ್ ಆನ್ ಮಾಡಿ।,ElevenLabs,1.4538319110870361,Success,../outputs/elevenlabs/kannada/kannada_22.mp3
2026-02-27 13:57:36.475848,kannada,ಲಿವಿಂಗ್ ರೂಮ್ ಏರ್ ಪ್ಯೂರಿಫೈಯರ್ 1 ನಲ್ಲಿ ನೈಟ್ ಮೋಡ್ ಆನ್ ಮಾಡಿ।,Sarvam,2.45363712310791,Success,../outputs/sarvam/kannada/kannada_22.wav
2026-02-27 13:57:40.407860,kannada,ಲಿವಿಂಗ್ ರೂಮ್ ಏರ್ ಪ್ಯೂರಿಫೈಯರ್ 1 ರ ಫ್ಯಾನ್ ಪವರ್ ಆಫ್ ಮಾಡಿ।,ElevenLabs,1.4144437313079834,Success,../outputs/elevenlabs/kannada/kannada_23.mp3
2026-02-27 13:57:40.407860,kannada,ಲಿವಿಂಗ್ ರೂಮ್ ಏರ್ ಪ್ಯೂರಿಫೈಯರ್ 1 ರ ಫ್ಯಾನ್ ಪವರ್ ಆಫ್ ಮಾಡಿ।,Sarvam,2.5248305797576904,Success,../outputs/sarvam/kannada/kannada_23.wav
2026-02-27 13:57:44.358986,kannada,ಲಿವಿಂಗ್ ರೂಮ್ ಏರ್ ಪ್ಯೂರಿಫೈಯರ್ 1 ನಲ್ಲಿ ಫ್ಯಾನ್ ಪವರ್ ಆನ್ ಮಾಡಿ ಮತ್ತು ವೇಗ 4 ಹೊಂದಿಸಿ।,ElevenLabs,1.9609286785125732,Success,../outputs/elevenlabs/kannada/kannada_24.mp3
2026-02-27 13:57:44.358986,kannada,ಲಿವಿಂಗ್ ರೂಮ್ ಏರ್ ಪ್ಯೂರಿಫೈಯರ್ 1 ನಲ್ಲಿ ಫ್ಯಾನ್ ಪವರ್ ಆನ್ ಮಾಡಿ ಮತ್ತು ವೇಗ 4 ಹೊಂದಿಸಿ।,Sarvam,3.445451021194458,Success,../outputs/sarvam/kannada/kannada_24.wav
2026-02-27 13:57:49.803384,telugu,పడకగది ఎయిర్ ప్యూరిఫైయర్ 1 ను ఆన్ చేయండి।,ElevenLabs,1.4226112365722656,Success,../outputs/elevenlabs/telugu/telugu_0.mp3
2026-02-27 13:57:49.803384,telugu,పడకగది ఎయిర్ ప్యూరిఫైయర్ 1 ను ఆన్ చేయండి।,Sarvam,2.006941318511963,Success,../outputs/sarvam/telugu/telugu_0.wav
2026-02-27 13:57:53.247953,telugu,పడకగది ఎయిర్ ప్యూరిఫైయర్ 1 లో బజర్ నియంత్రణను ఆన్ చేయండి।,ElevenLabs,1.550940990447998,Success,../outputs/elevenlabs/telugu/telugu_1.mp3
2026-02-27 13:57:53.247953,telugu,పడకగది ఎయిర్ ప్యూరిఫైయర్ 1 లో బజర్ నియంత్రణను ఆన్ చేయండి।,Sarvam,2.1734020709991455,Success,../outputs/sarvam/telugu/telugu_1.wav
2026-02-27 13:57:56.988243,telugu,పడకగది ఎయిర్ ప్యూరిఫైయర్ 1 లో ఫ్యాన్ వేగాన్ని 4 గా సెట్ చేయండి।,ElevenLabs,2.0109431743621826,Success,../outputs/elevenlabs/telugu/telugu_2.mp3
2026-02-27 13:57:56.988243,telugu,పడకగది ఎయిర్ ప్యూరిఫైయర్ 1 లో ఫ్యాన్ వేగాన్ని 4 గా సెట్ చేయండి।,Sarvam,2.485300302505493,Success,../outputs/sarvam/telugu/telugu_2.wav
2026-02-27 13:58:01.499846,telugu,పడకగది ఎయిర్ ప్యూరిఫైయర్ 1 లో నైట్ మోడ్ సెట్ చేయండి।,ElevenLabs,1.8763573169708252,Success,../outputs/elevenlabs/telugu/telugu_3.mp3
2026-02-27 13:58:01.499846,telugu,పడకగది ఎయిర్ ప్యూరిఫైయర్ 1 లో నైట్ మోడ్ సెట్ చేయండి।,Sarvam,2.6368913650512695,Success,../outputs/sarvam/telugu/telugu_3.wav
2026-02-27 13:58:06.040185,telugu,పడకగది ఎయిర్ ప్యూరిఫైయర్ 1 లో 60 నిమిషాల స్విచ్ ఆఫ్ టైమర్ సెట్ చేయండి।,ElevenLabs,1.8867557048797607,Success,../outputs/elevenlabs/telugu/telugu_4.mp3
2026-02-27 13:58:06.040185,telugu,పడకగది ఎయిర్ ప్యూరిఫైయర్ 1 లో 60 నిమిషాల స్విచ్ ఆఫ్ టైమర్ సెట్ చేయండి।,Sarvam,3.016547441482544,Success,../outputs/sarvam/telugu/telugu_4.wav
2026-02-27 13:58:10.958359,telugu,పడకగది ఎయిర్ ప్యూరిఫైయర్ 1 లో రింగ్ ఎల్ఈడి ప్రకాశం 40 గా సెట్ చేయండి।,ElevenLabs,2.3599085807800293,Success,../outputs/elevenlabs/telugu/telugu_5.mp3
2026-02-27 13:58:10.958359,telugu,పడకగది ఎయిర్ ప్యూరిఫైయర్ 1 లో రింగ్ ఎల్ఈడి ప్రకాశం 40 గా సెట్ చేయండి।,Sarvam,5.003099679946899,Success,../outputs/sarvam/telugu/telugu_5.wav
2026-02-27 13:58:18.340548,telugu,పడకగది ఎయిర్ ప్యూరిఫైయర్ 1 లో టర్బో మోడ్ ఆన్ చేసి బజర్ నియంత్రణ ఆఫ్ చేయండి।,ElevenLabs,1.7325518131256104,Success,../outputs/elevenlabs/telugu/telugu_6.mp3
2026-02-27 13:58:18.340548,telugu,పడకగది ఎయిర్ ప్యూరిఫైయర్ 1 లో టర్బో మోడ్ ఆన్ చేసి బజర్ నియంత్రణ ఆఫ్ చేయండి।,Sarvam,3.482910633087158,Success,../outputs/sarvam/telugu/telugu_6.wav
2026-02-27 13:58:23.582166,telugu,పడకగది ఎయిర్ ప్యూరిఫైయర్ 1 లో 720 నిమిషాల స్విచ్ ఆఫ్ టైమర్ సెట్ చేయండి।,ElevenLabs,1.979431390762329,Success,../outputs/elevenlabs/telugu/telugu_7.mp3
2026-02-27 13:58:23.582166,telugu,పడకగది ఎయిర్ ప్యూరిఫైయర్ 1 లో 720 నిమిషాల స్విచ్ ఆఫ్ టైమర్ సెట్ చేయండి।,Sarvam,3.1005585193634033,Success,../outputs/sarvam/telugu/telugu_7.wav
2026-02-27 13:58:28.674227,telugu,డైనింగ్ రూమ్ లో ఎయిర్ ప్యూరిఫైయర్ ఆన్ చేయండి।,ElevenLabs,1.5916531085968018,Success,../outputs/elevenlabs/telugu/telugu_8.mp3
2026-02-27 13:58:28.674227,telugu,డైనింగ్ రూమ్ లో ఎయిర్ ప్యూరిఫైయర్ ఆన్ చేయండి।,Sarvam,1.691535472869873,Success,../outputs/sarvam/telugu/telugu_8.wav
2026-02-27 13:58:31.971379,telugu,నా పడకగది ఎయిర్ ప్యూరిఫైయర్ 1 స్థితి ఏమిటి?,ElevenLabs,1.4079070091247559,Success,../outputs/elevenlabs/telugu/telugu_9.mp3
2026-02-27 13:58:31.971379,telugu,నా పడకగది ఎయిర్ ప్యూరిఫైయర్ 1 స్థితి ఏమిటి?,Sarvam,2.076997995376587,Success,../outputs/sarvam/telugu/telugu_9.wav
2026-02-27 13:58:35.469810,telugu,డైనింగ్ రూమ్ ఎయిర్ ప్యూరిఫైయర్ 1 ను ఆన్ చేయండి।,ElevenLabs,1.3107457160949707,Success,../outputs/elevenlabs/telugu/telugu_10.mp3
2026-02-27 13:58:35.469810,telugu,డైనింగ్ రూమ్ ఎయిర్ ప్యూరిఫైయర్ 1 ను ఆన్ చేయండి।,Sarvam,1.968529462814331,Success,../outputs/sarvam/telugu/telugu_10.wav
2026-02-27 13:58:38.772677,telugu,డైనింగ్ రూమ్ ఎయిర్ ప్యూరిఫైయర్ 1 లో రింగ్ ఎల్ఈడి ప్రకాశం 70 సెట్ చేయండి।,ElevenLabs,3.3962392807006836,Success,../outputs/elevenlabs/telugu/telugu_11.mp3
2026-02-27 13:58:38.772677,telugu,డైనింగ్ రూమ్ ఎయిర్ ప్యూరిఫైయర్ 1 లో రింగ్ ఎల్ఈడి ప్రకాశం 70 సెట్ చేయండి।,Sarvam,4.335723638534546,Success,../outputs/sarvam/telugu/telugu_11.wav
2026-02-27 13:58:46.516152,telugu,డైనింగ్ రూమ్ ఎయిర్ ప్యూరిఫైయర్ 1 లో హీటర్ పవర్ ఆన్ చేయండి।,ElevenLabs,1.5887455940246582,Success,../outputs/elevenlabs/telugu/telugu_12.mp3
2026-02-27 13:58:46.516152,telugu,డైనింగ్ రూమ్ ఎయిర్ ప్యూరిఫైయర్ 1 లో హీటర్ పవర్ ఆన్ చేయండి।,Sarvam,2.11157488822937,Success,../outputs/sarvam/telugu/telugu_12.wav
2026-02-27 13:58:50.227872,telugu,డైనింగ్ రూమ్ ఎయిర్ ప్యూరిఫైయర్ 1 లో నైట్ మోడ్ సెట్ చేయండి।,ElevenLabs,1.59450364112854,Success,../outputs/elevenlabs/telugu/telugu_13.mp3
2026-02-27 13:58:50.227872,telugu,డైనింగ్ రూమ్ ఎయిర్ ప్యూరిఫైయర్ 1 లో నైట్ మోడ్ సెట్ చేయండి।,Sarvam,2.179584503173828,Success,../outputs/sarvam/telugu/telugu_13.wav
2026-02-27 13:58:54.013671,telugu,డైనింగ్ రూమ్ ఎయిర్ ప్యూరిఫైయర్ 1 లో 180 నిమిషాల స్విచ్ ఆఫ్ టైమర్ సెట్ చేయండి।,ElevenLabs,1.5916597843170166,Success,../outputs/elevenlabs/telugu/telugu_14.mp3
2026-02-27 13:58:54.013671,telugu,డైనింగ్ రూమ్ ఎయిర్ ప్యూరిఫైయర్ 1 లో 180 నిమిషాల స్విచ్ ఆఫ్ టైమర్ సెట్ చేయండి।,Sarvam,4.044108152389526,Success,../outputs/sarvam/telugu/telugu_14.wav
2026-02-27 13:58:59.672951,telugu,డైనింగ్ రూమ్ ఎయిర్ ప్యూరిఫైయర్ 1 లో బజర్ నియంత్రణ ఆన్ చేయండి।,ElevenLabs,1.5543596744537354,Success,../outputs/elevenlabs/telugu/telugu_15.mp3
2026-02-27 13:58:59.672951,telugu,డైనింగ్ రూమ్ ఎయిర్ ప్యూరిఫైయర్ 1 లో బజర్ నియంత్రణ ఆన్ చేయండి।,Sarvam,2.7003917694091797,Success,../outputs/sarvam/telugu/telugu_15.wav
2026-02-27 13:59:03.944860,telugu,డైనింగ్ రూమ్ ఎయిర్ ప్యూరిఫైయర్ 1 లో ఫ్యాన్ వేగం 3 సెట్ చేయండి।,ElevenLabs,2.128917694091797,Success,../outputs/elevenlabs/telugu/telugu_16.mp3
2026-02-27 13:59:03.944860,telugu,డైనింగ్ రూమ్ ఎయిర్ ప్యూరిఫైయర్ 1 లో ఫ్యాన్ వేగం 3 సెట్ చేయండి।,Sarvam,2.6469571590423584,Success,../outputs/sarvam/telugu/telugu_16.wav
2026-02-27 13:59:08.746183,telugu,డైనింగ్ రూమ్ ఎయిర్ ప్యూరిఫైయర్ 1 ను ఆన్ చేయండి।,ElevenLabs,1.4846467971801758,Success,../outputs/elevenlabs/telugu/telugu_17.mp3
2026-02-27 13:59:08.746183,telugu,డైనింగ్ రూమ్ ఎయిర్ ప్యూరిఫైయర్ 1 ను ఆన్ చేయండి।,Sarvam,2.3311526775360107,Success,../outputs/sarvam/telugu/telugu_17.wav
2026-02-27 13:59:12.577035,telugu,డైనింగ్ రూమ్ ఎయిర్ ప్యూరిఫైయర్ 1 లో రింగ్ ఎల్ఈడి ప్రకాశం 200 సెట్ చేయండి।,ElevenLabs,1.9423959255218506,Success,../outputs/elevenlabs/telugu/telugu_18.mp3
2026-02-27 13:59:12.577035,telugu,డైనింగ్ రూమ్ ఎయిర్ ప్యూరిఫైయర్ 1 లో రింగ్ ఎల్ఈడి ప్రకాశం 200 సెట్ చేయండి।,Sarvam,3.1530208587646484,Success,../outputs/sarvam/telugu/telugu_18.wav
2026-02-27 13:59:17.696414,telugu,డైనింగ్ రూమ్ ఎయిర్ ప్యూరిఫైయర్ 100 లో 180 నిమిషాల స్విచ్ ఆఫ్ టైమర్ సెట్ చేయండి।,ElevenLabs,1.6467936038970947,Success,../outputs/elevenlabs/telugu/telugu_19.mp3
2026-02-27 13:59:17.696414,telugu,డైనింగ్ రూమ్ ఎయిర్ ప్యూరిఫైయర్ 100 లో 180 నిమిషాల స్విచ్ ఆఫ్ టైమర్ సెట్ చేయండి।,Sarvam,3.8750627040863037,Success,../outputs/sarvam/telugu/telugu_19.wav
2026-02-27 13:59:23.244511,telugu,లివింగ్ రూమ్ ఎయిర్ ప్యూరిఫైయర్ 1 ను ఆన్ చేయండి।,ElevenLabs,1.4314134120941162,Success,../outputs/elevenlabs/telugu/telugu_20.mp3
2026-02-27 13:59:23.244511,telugu,లివింగ్ రూమ్ ఎయిర్ ప్యూరిఫైయర్ 1 ను ఆన్ చేయండి।,Sarvam,1.8728196620941162,Success,../outputs/sarvam/telugu/telugu_20.wav
2026-02-27 13:59:26.569752,telugu,లివింగ్ రూమ్ ఎయిర్ ప్యూరిఫైయర్ 1 లో 60 నిమిషాల స్విచ్ ఆఫ్ టైమర్ సెట్ చేయండి।,ElevenLabs,1.7884867191314697,Success,../outputs/elevenlabs/telugu/telugu_21.mp3
2026-02-27 13:59:26.569752,telugu,లివింగ్ రూమ్ ఎయిర్ ప్యూరిఫైయర్ 1 లో 60 నిమిషాల స్విచ్ ఆఫ్ టైమర్ సెట్ చేయండి।,Sarvam,4.023885488510132,Success,../outputs/sarvam/telugu/telugu_21.wav
2026-02-27 13:59:32.409422,telugu,లివింగ్ రూమ్ ఎయిర్ ప్యూరిఫైయర్ 1 లో నైట్ మోడ్ ఆన్ చేయండి।,ElevenLabs,1.5761404037475586,Success,../outputs/elevenlabs/telugu/telugu_22.mp3
2026-02-27 13:59:32.409422,telugu,లివింగ్ రూమ్ ఎయిర్ ప్యూరిఫైయర్ 1 లో నైట్ మోడ్ ఆన్ చేయండి।,Sarvam,2.1263413429260254,Success,../outputs/sarvam/telugu/telugu_22.wav
2026-02-27 13:59:36.149893,telugu,లివింగ్ రూమ్ ఎయిర్ ప్యూరిఫైయర్ 1 లో ఫ్యాన్ పవర్ ఆఫ్ చేయండి।,ElevenLabs,1.5699708461761475,Success,../outputs/elevenlabs/telugu/telugu_23.mp3
2026-02-27 13:59:36.149893,telugu,లివింగ్ రూమ్ ఎయిర్ ప్యూరిఫైయర్ 1 లో ఫ్యాన్ పవర్ ఆఫ్ చేయండి।,Sarvam,2.478703737258911,Success,../outputs/sarvam/telugu/telugu_23.wav
2026-02-27 13:59:40.218564,telugu,లివింగ్ రూమ్ ఎయిర్ ప్యూరిఫైయర్ 1 లో ఫ్యాన్ పవర్ ఆన్ చేసి వేగం 4 సెట్ చేయండి।,ElevenLabs,1.7586190700531006,Success,../outputs/elevenlabs/telugu/telugu_24.mp3
2026-02-27 13:59:40.218564,telugu,లివింగ్ రూమ్ ఎయిర్ ప్యూరిఫైయర్ 1 లో ఫ్యాన్ పవర్ ఆన్ చేసి వేగం 4 సెట్ చేయండి।,Sarvam,2.8382208347320557,Success,../outputs/sarvam/telugu/telugu_24.wav
2026-02-27 13:59:44.848562,malayalam,കിടപ്പുമുറിയിലെ എയർ പ്യൂരിഫയർ 1 ഓൺ ചെയ്യുക।,ElevenLabs,1.4461140632629395,Success,../outputs/elevenlabs/malayalam/malayalam_0.mp3
2026-02-27 13:59:44.848562,malayalam,കിടപ്പുമുറിയിലെ എയർ പ്യൂരിഫയർ 1 ഓൺ ചെയ്യുക।,Sarvam,2.0330638885498047,Success,../outputs/sarvam/malayalam/malayalam_0.wav
2026-02-27 13:59:48.359298,malayalam,കിടപ്പുമുറിയിലെ എയർ പ്യൂരിഫയർ 1 ൽ ബസർ നിയന്ത്രണം ഓൺ ചെയ്യുക।,ElevenLabs,1.7934393882751465,Success,../outputs/elevenlabs/malayalam/malayalam_1.mp3
2026-02-27 13:59:48.359298,malayalam,കിടപ്പുമുറിയിലെ എയർ പ്യൂരിഫയർ 1 ൽ ബസർ നിയന്ത്രണം ഓൺ ചെയ്യുക।,Sarvam,2.5973291397094727,Success,../outputs/sarvam/malayalam/malayalam_1.wav
2026-02-27 13:59:52.770299,malayalam,കിടപ്പുമുറിയിലെ എയർ പ്യൂരിഫയർ 1 ൽ ഫാൻ വേഗം 4 ആയി സജ്ജീകരിക്കുക।,ElevenLabs,1.7071270942687988,Success,../outputs/elevenlabs/malayalam/malayalam_2.mp3
2026-02-27 13:59:52.770299,malayalam,കിടപ്പുമുറിയിലെ എയർ പ്യൂരിഫയർ 1 ൽ ഫാൻ വേഗം 4 ആയി സജ്ജീകരിക്കുക।,Sarvam,2.606313705444336,Success,../outputs/sarvam/malayalam/malayalam_2.wav
2026-02-27 13:59:57.116560,malayalam,കിടപ്പുമുറിയിലെ എയർ പ്യൂരിഫയർ 1 ൽ നൈറ്റ് മോഡ് സജ്ജീകരിക്കുക।,ElevenLabs,1.7573235034942627,Success,../outputs/elevenlabs/malayalam/malayalam_3.mp3
2026-02-27 13:59:57.116560,malayalam,കിടപ്പുമുറിയിലെ എയർ പ്യൂരിഫയർ 1 ൽ നൈറ്റ് മോഡ് സജ്ജീകരിക്കുക।,Sarvam,2.513930082321167,Success,../outputs/sarvam/malayalam/malayalam_3.wav
2026-02-27 14:00:01.412764,malayalam,കിടപ്പുമുറിയിലെ എയർ പ്യൂരിഫയർ 1 ൽ 60 മിനിറ്റ് സ്വിച്ച് ഓഫ് ടൈമർ സജ്ജീകരിക്കുക।,ElevenLabs,1.9354846477508545,Success,../outputs/elevenlabs/malayalam/malayalam_4.mp3
2026-02-27 14:00:01.412764,malayalam,കിടപ്പുമുറിയിലെ എയർ പ്യൂരിഫയർ 1 ൽ 60 മിനിറ്റ് സ്വിച്ച് ഓഫ് ടൈമർ സജ്ജീകരിക്കുക।,Sarvam,2.949687957763672,Success,../outputs/sarvam/malayalam/malayalam_4.wav
2026-02-27 14:00:06.330970,malayalam,കിടപ്പുമുറിയിലെ എയർ പ്യൂരിഫയർ 1 ൽ റിംഗ് എൽഇഡി പ്രകാശം 40 ആയി സജ്ജീകരിക്കുക।,ElevenLabs,2.1460626125335693,Success,../outputs/elevenlabs/malayalam/malayalam_5.mp3
2026-02-27 14:00:06.330970,malayalam,കിടപ്പുമുറിയിലെ എയർ പ്യൂരിഫയർ 1 ൽ റിംഗ് എൽഇഡി പ്രകാശം 40 ആയി സജ്ജീകരിക്കുക।,Sarvam,3.5502371788024902,Success,../outputs/sarvam/malayalam/malayalam_5.wav
2026-02-27 14:00:12.062334,malayalam,കിടപ്പുമുറിയിലെ എയർ പ്യൂരിഫയർ 1 ൽ ടർബോ മോഡ് ഓൺ ചെയ്ത് ബസർ നിയന്ത്രണം ഓഫ് ചെയ്യുക।,ElevenLabs,3.8151166439056396,Success,../outputs/elevenlabs/malayalam/malayalam_6.mp3
2026-02-27 14:00:12.062334,malayalam,കിടപ്പുമുറിയിലെ എയർ പ്യൂരിഫയർ 1 ൽ ടർബോ മോഡ് ഓൺ ചെയ്ത് ബസർ നിയന്ത്രണം ഓഫ് ചെയ്യുക।,Sarvam,3.0366060733795166,Success,../outputs/sarvam/malayalam/malayalam_6.wav
2026-02-27 14:00:18.940493,malayalam,കിടപ്പുമുറിയിലെ എയർ പ്യൂരിഫയർ 1 ൽ 720 മിനിറ്റ് സ്വിച്ച് ഓഫ് ടൈമർ സജ്ജീകരിക്കുക।,ElevenLabs,2.1651086807250977,Success,../outputs/elevenlabs/malayalam/malayalam_7.mp3
2026-02-27 14:00:18.940493,malayalam,കിടപ്പുമുറിയിലെ എയർ പ്യൂരിഫയർ 1 ൽ 720 മിനിറ്റ് സ്വിച്ച് ഓഫ് ടൈമർ സജ്ജീകരിക്കുക।,Sarvam,3.290658473968506,Success,../outputs/sarvam/malayalam/malayalam_7.wav
2026-02-27 14:00:24.421263,malayalam,ഡൈനിംഗ് റൂമിൽ എയർ പ്യൂരിഫയർ ഓൺ ചെയ്യുക।,ElevenLabs,1.6722357273101807,Success,../outputs/elevenlabs/malayalam/malayalam_8.mp3
2026-02-27 14:00:24.421263,malayalam,ഡൈനിംഗ് റൂമിൽ എയർ പ്യൂരിഫയർ ഓൺ ചെയ്യുക।,Sarvam,1.7605595588684082,Success,../outputs/sarvam/malayalam/malayalam_8.wav
2026-02-27 14:00:27.875642,malayalam,എന്റെ കിടപ്പുമുറിയിലെ എയർ പ്യൂരിഫയർ 1 ന്റെ നില എന്താണ്?,ElevenLabs,1.554316759109497,Success,../outputs/elevenlabs/malayalam/malayalam_9.mp3
2026-02-27 14:00:27.875642,malayalam,എന്റെ കിടപ്പുമുറിയിലെ എയർ പ്യൂരിഫയർ 1 ന്റെ നില എന്താണ്?,Sarvam,2.9106833934783936,Success,../outputs/sarvam/malayalam/malayalam_9.wav
2026-02-27 14:00:32.365738,malayalam,ഡൈനിംഗ് റൂം എയർ പ്യൂരിഫയർ 1 ഓൺ ചെയ്യുക।,ElevenLabs,1.5321261882781982,Success,../outputs/elevenlabs/malayalam/malayalam_10.mp3
2026-02-27 14:00:32.365738,malayalam,ഡൈനിംഗ് റൂം എയർ പ്യൂരിഫയർ 1 ഓൺ ചെയ്യുക।,Sarvam,1.8293652534484863,Success,../outputs/sarvam/malayalam/malayalam_10.wav
2026-02-27 14:00:35.748267,malayalam,ഡൈനിംഗ് റൂം എയർ പ്യൂരിഫയർ 1 ൽ റിംഗ് എൽഇഡി പ്രകാശം 70 ആയി സജ്ജീകരിക്കുക।,ElevenLabs,1.8431847095489502,Success,../outputs/elevenlabs/malayalam/malayalam_11.mp3
2026-02-27 14:00:35.748267,malayalam,ഡൈനിംഗ് റൂം എയർ പ്യൂരിഫയർ 1 ൽ റിംഗ് എൽഇഡി പ്രകാശം 70 ആയി സജ്ജീകരിക്കുക।,Sarvam,3.168231725692749,Success,../outputs/sarvam/malayalam/malayalam_11.wav
2026-02-27 14:00:40.785924,malayalam,ഡൈനിംഗ് റൂം എയർ പ്യൂരിഫയർ 1 ൽ ഹീറ്റർ പവർ ഓൺ ചെയ്യുക।,ElevenLabs,2.035177230834961,Success,../outputs/elevenlabs/malayalam/malayalam_12.mp3
2026-02-27 14:00:40.785924,malayalam,ഡൈനിംഗ് റൂം എയർ പ്യൂരിഫയർ 1 ൽ ഹീറ്റർ പവർ ഓൺ ചെയ്യുക।,Sarvam,2.109774589538574,Success,../outputs/sarvam/malayalam/malayalam_12.wav
2026-02-27 14:00:44.954463,malayalam,ഡൈനിംഗ് റൂം എയർ പ്യൂരിഫയർ 1 ൽ നൈറ്റ് മോഡ് സജ്ജീകരിക്കുക।,ElevenLabs,1.5664153099060059,Success,../outputs/elevenlabs/malayalam/malayalam_13.mp3
2026-02-27 14:00:44.954463,malayalam,ഡൈനിംഗ് റൂം എയർ പ്യൂരിഫയർ 1 ൽ നൈറ്റ് മോഡ് സജ്ജീകരിക്കുക।,Sarvam,2.4219954013824463,Success,../outputs/sarvam/malayalam/malayalam_13.wav
2026-02-27 14:00:48.965472,malayalam,ഡൈനിംഗ് റൂം എയർ പ്യൂരിഫയർ 1 ൽ 180 മിനിറ്റ് സ്വിച്ച് ഓഫ് ടൈമർ സജ്ജീകരിക്കുക।,ElevenLabs,1.631483554840088,Success,../outputs/elevenlabs/malayalam/malayalam_14.mp3
2026-02-27 14:00:48.965472,malayalam,ഡൈനിംഗ് റൂം എയർ പ്യൂരിഫയർ 1 ൽ 180 മിനിറ്റ് സ്വിച്ച് ഓഫ് ടൈമർ സജ്ജീകരിക്കുക।,Sarvam,3.041905164718628,Success,../outputs/sarvam/malayalam/malayalam_14.wav
2026-02-27 14:00:53.663922,malayalam,ഡൈനിംഗ് റൂം എയർ പ്യൂരിഫയർ 1 ൽ ബസർ നിയന്ത്രണം ഓൺ ചെയ്യുക।,ElevenLabs,1.5831587314605713,Success,../outputs/elevenlabs/malayalam/malayalam_15.mp3
2026-02-27 14:00:53.663922,malayalam,ഡൈനിംഗ് റൂം എയർ പ്യൂരിഫയർ 1 ൽ ബസർ നിയന്ത്രണം ഓൺ ചെയ്യുക।,Sarvam,2.681445837020874,Success,../outputs/sarvam/malayalam/malayalam_15.wav
2026-02-27 14:00:57.950115,malayalam,ഡൈനിംഗ് റൂം എയർ പ്യൂരിഫയർ 1 ൽ ഫാൻ വേഗം 3 ആയി സജ്ജീകരിക്കുക।,ElevenLabs,1.5528390407562256,Success,../outputs/elevenlabs/malayalam/malayalam_16.mp3
2026-02-27 14:00:57.950115,malayalam,ഡൈനിംഗ് റൂം എയർ പ്യൂരിഫയർ 1 ൽ ഫാൻ വേഗം 3 ആയി സജ്ജീകരിക്കുക।,Sarvam,2.89976167678833,Success,../outputs/sarvam/malayalam/malayalam_16.wav
2026-02-27 14:01:02.436610,malayalam,ഡൈനിംഗ് റൂം എയർ പ്യൂരിഫയർ 1 ഓൺ ചെയ്യുക।,ElevenLabs,1.5805373191833496,Success,../outputs/elevenlabs/malayalam/malayalam_17.mp3
2026-02-27 14:01:02.436610,malayalam,ഡൈനിംഗ് റൂം എയർ പ്യൂരിഫയർ 1 ഓൺ ചെയ്യുക।,Sarvam,2.077470302581787,Success,../outputs/sarvam/malayalam/malayalam_17.wav
2026-02-27 14:01:06.117005,malayalam,ഡൈനിംഗ് റൂം എയർ പ്യൂരിഫയർ 1 ൽ റിംഗ് എൽഇഡി പ്രകാശം 200 ആയി സജ്ജീകരിക്കുക।,ElevenLabs,2.0207345485687256,Success,../outputs/elevenlabs/malayalam/malayalam_18.mp3
2026-02-27 14:01:06.117005,malayalam,ഡൈനിംഗ് റൂം എയർ പ്യൂരിഫയർ 1 ൽ റിംഗ് എൽഇഡി പ്രകാശം 200 ആയി സജ്ജീകരിക്കുക।,Sarvam,3.6293671131134033,Success,../outputs/sarvam/malayalam/malayalam_18.wav
2026-02-27 14:01:11.791000,malayalam,ഡൈനിംഗ് റൂം എയർ പ്യൂരിഫയർ 100 ൽ 180 മിനിറ്റ് സ്വിച്ച് ഓഫ് ടൈമർ സജ്ജീകരിക്കുക।,ElevenLabs,1.7849476337432861,Success,../outputs/elevenlabs/malayalam/malayalam_19.mp3
2026-02-27 14:01:11.791000,malayalam,ഡൈനിംഗ് റൂം എയർ പ്യൂരിഫയർ 100 ൽ 180 മിനിറ്റ് സ്വിച്ച് ഓഫ് ടൈമർ സജ്ജീകരിക്കുക।,Sarvam,3.228882074356079,Success,../outputs/sarvam/malayalam/malayalam_19.wav
2026-02-27 14:01:16.831856,malayalam,ലിവിംഗ് റൂം എയർ പ്യൂരിഫയർ 1 ഓൺ ചെയ്യുക।,ElevenLabs,1.394399642944336,Success,../outputs/elevenlabs/malayalam/malayalam_20.mp3
2026-02-27 14:01:16.831856,malayalam,ലിവിംഗ് റൂം എയർ പ്യൂരിഫയർ 1 ഓൺ ചെയ്യുക।,Sarvam,2.428212881088257,Success,../outputs/sarvam/malayalam/malayalam_20.wav
2026-02-27 14:01:20.687181,malayalam,ലിവിംഗ് റൂം എയർ പ്യൂരിഫയർ 1 ൽ 60 മിനിറ്റ് സ്വിച്ച് ഓഫ് ടൈമർ സജ്ജീകരിക്കുക।,ElevenLabs,1.8683009147644043,Success,../outputs/elevenlabs/malayalam/malayalam_21.mp3
2026-02-27 14:01:20.687181,malayalam,ലിവിംഗ് റൂം എയർ പ്യൂരിഫയർ 1 ൽ 60 മിനിറ്റ് സ്വിച്ച് ഓഫ് ടൈമർ സജ്ജീകരിക്കുക।,Sarvam,3.4419052600860596,Success,../outputs/sarvam/malayalam/malayalam_21.wav
2026-02-27 14:01:26.022408,malayalam,ലിവിംഗ് റൂം എയർ പ്യൂരിഫയർ 1 ൽ നൈറ്റ് മോഡ് ഓൺ ചെയ്യുക।,ElevenLabs,1.6290099620819092,Success,../outputs/elevenlabs/malayalam/malayalam_22.mp3
2026-02-27 14:01:26.022408,malayalam,ലിവിംഗ് റൂം എയർ പ്യൂരിഫയർ 1 ൽ നൈറ്റ് മോഡ് ഓൺ ചെയ്യുക।,Sarvam,2.5040719509124756,Success,../outputs/sarvam/malayalam/malayalam_22.wav
2026-02-27 14:01:30.188521,malayalam,ലിവിംഗ് റൂം എയർ പ്യൂരിഫയർ 1 ലെ ഫാൻ പവർ ഓഫ് ചെയ്യുക।,ElevenLabs,1.5241670608520508,Success,../outputs/elevenlabs/malayalam/malayalam_23.mp3
2026-02-27 14:01:30.188521,malayalam,ലിവിംഗ് റൂം എയർ പ്യൂരിഫയർ 1 ലെ ഫാൻ പവർ ഓഫ് ചെയ്യുക।,Sarvam,2.466702461242676,Success,../outputs/sarvam/malayalam/malayalam_23.wav
2026-02-27 14:01:34.213041,malayalam,ലിവിംഗ് റൂം എയർ പ്യൂരിഫയർ 1 ൽ ഫാൻ പവർ ഓൺ ചെയ്ത് വേഗം 4 ആയി സജ്ജീകരിക്കുക।,ElevenLabs,1.9212393760681152,Success,../outputs/elevenlabs/malayalam/malayalam_24.mp3
2026-02-27 14:01:34.213041,malayalam,ലിവിംഗ് റൂം എയർ പ്യൂരിഫയർ 1 ൽ ഫാൻ പവർ ഓൺ ചെയ്ത് വേഗം 4 ആയി സജ്ജീകരിക്കുക।,Sarvam,6.0959813594818115,Success,../outputs/sarvam/malayalam/malayalam_24.wav
2026-02-27 14:01:42.254258,gujarati,શયનખંડ એર પ્યુરિફાયર 1 ચાલુ કરો।,ElevenLabs,1.2719733715057373,Success,../outputs/elevenlabs/gujarati/gujarati_0.mp3
2026-02-27 14:01:42.254258,gujarati,શયનખંડ એર પ્યુરિફાયર 1 ચાલુ કરો।,Sarvam,1.9271810054779053,Success,../outputs/sarvam/gujarati/gujarati_0.wav
2026-02-27 14:01:45.470627,gujarati,શયનખંડ એર પ્યુરિફાયર 1 માં બજ્ઝર નિયંત્રણ ચાલુ કરો।,ElevenLabs,1.6319875717163086,Success,../outputs/elevenlabs/gujarati/gujarati_1.mp3
2026-02-27 14:01:45.470627,gujarati,શયનખંડ એર પ્યુરિફાયર 1 માં બજ્ઝર નિયંત્રણ ચાલુ કરો।,Sarvam,2.7547073364257812,Success,../outputs/sarvam/gujarati/gujarati_1.wav
2026-02-27 14:01:49.877373,gujarati,શયનખંડ એર પ્યુરિફાયર 1 માં ફેન ઝડપ 4 સેટ કરો।,ElevenLabs,1.5344080924987793,Success,../outputs/elevenlabs/gujarati/gujarati_2.mp3
2026-02-27 14:01:49.877373,gujarati,શયનખંડ એર પ્યુરિફાયર 1 માં ફેન ઝડપ 4 સેટ કરો।,Sarvam,2.2519214153289795,Success,../outputs/sarvam/gujarati/gujarati_2.wav
2026-02-27 14:01:53.681891,gujarati,શયનખંડ એર પ્યુરિફાયર 1 માં નાઈટ મોડ સેટ કરો।,ElevenLabs,1.4613184928894043,Success,../outputs/elevenlabs/gujarati/gujarati_3.mp3
2026-02-27 14:01:53.681891,gujarati,શયનખંડ એર પ્યુરિફાયર 1 માં નાઈટ મોડ સેટ કરો।,Sarvam,2.0793182849884033,Success,../outputs/sarvam/gujarati/gujarati_3.wav
2026-02-27 14:01:57.266850,gujarati,શયનખંડ એર પ્યુરિફાયર 1 માં 60 મિનિટનો સ્વિચ ઓફ ટાઈમર સેટ કરો।,ElevenLabs,1.8558564186096191,Success,../outputs/elevenlabs/gujarati/gujarati_4.mp3
2026-02-27 14:01:57.266850,gujarati,શયનખંડ એર પ્યુરિફાયર 1 માં 60 મિનિટનો સ્વિચ ઓફ ટાઈમર સેટ કરો।,Sarvam,3.7704291343688965,Success,../outputs/sarvam/gujarati/gujarati_4.wav
2026-02-27 14:02:02.912930,gujarati,શયનખંડ એર પ્યુરિફાયર 1 માં રિંગ એલઈડી બ્રાઇટનેસ 40 સેટ કરો।,ElevenLabs,1.808812141418457,Success,../outputs/elevenlabs/gujarati/gujarati_5.mp3
2026-02-27 14:02:02.912930,gujarati,શયનખંડ એર પ્યુરિફાયર 1 માં રિંગ એલઈડી બ્રાઇટનેસ 40 સેટ કરો।,Sarvam,2.8822367191314697,Success,../outputs/sarvam/gujarati/gujarati_5.wav
2026-02-27 14:02:07.628349,gujarati,શયનખંડ એર પ્યુરિફાયર 1 માં ટર્બો મોડ ચાલુ કરો અને બજ્ઝર નિયંત્રણ બંધ કરો।,ElevenLabs,1.8141145706176758,Success,../outputs/elevenlabs/gujarati/gujarati_6.mp3
2026-02-27 14:02:07.628349,gujarati,શયનખંડ એર પ્યુરિફાયર 1 માં ટર્બો મોડ ચાલુ કરો અને બજ્ઝર નિયંત્રણ બંધ કરો।,Sarvam,3.4753801822662354,Success,../outputs/sarvam/gujarati/gujarati_6.wav
2026-02-27 14:02:12.943644,gujarati,શયનખંડ એર પ્યુરિફાયર 1 માં 720 મિનિટનો સ્વિચ ઓફ ટાઈમર સેટ કરો।,ElevenLabs,2.030958652496338,Success,../outputs/elevenlabs/gujarati/gujarati_7.mp3
2026-02-27 14:02:12.943644,gujarati,શયનખંડ એર પ્યુરિફાયર 1 માં 720 મિનિટનો સ્વિચ ઓફ ટાઈમર સેટ કરો।,Sarvam,3.7603464126586914,Success,../outputs/sarvam/gujarati/gujarati_7.wav
2026-02-27 14:02:18.759119,gujarati,ડાઈનિંગ રૂમમાં એર પ્યુરિફાયર ચાલુ કરો।,ElevenLabs,1.424497127532959,Success,../outputs/elevenlabs/gujarati/gujarati_8.mp3
2026-02-27 14:02:18.759119,gujarati,ડાઈનિંગ રૂમમાં એર પ્યુરિફાયર ચાલુ કરો।,Sarvam,2.178041458129883,Success,../outputs/sarvam/gujarati/gujarati_8.wav
2026-02-27 14:02:22.382625,gujarati,મારા શયનખંડ એર પ્યુરિફાયર 1 ની સ્થિતિ શું છે?,ElevenLabs,1.5596644878387451,Success,../outputs/elevenlabs/gujarati/gujarati_9.mp3
2026-02-27 14:02:22.382625,gujarati,મારા શયનખંડ એર પ્યુરિફાયર 1 ની સ્થિતિ શું છે?,Sarvam,2.269479990005493,Success,../outputs/sarvam/gujarati/gujarati_9.wav
2026-02-27 14:02:26.230385,gujarati,ડાઈનિંગ રૂમ એર પ્યુરિફાયર 1 ચાલુ કરો।,ElevenLabs,1.3089923858642578,Success,../outputs/elevenlabs/gujarati/gujarati_10.mp3
2026-02-27 14:02:26.230385,gujarati,ડાઈનિંગ રૂમ એર પ્યુરિફાયર 1 ચાલુ કરો।,Sarvam,1.5965800285339355,Success,../outputs/sarvam/gujarati/gujarati_10.wav
2026-02-27 14:02:29.146306,gujarati,ડાઈનિંગ રૂમ એર પ્યુરિફાયર 1 માં રિંગ એલઈડી બ્રાઇટનેસ 70 સેટ કરો।,ElevenLabs,1.8856983184814453,Success,../outputs/elevenlabs/gujarati/gujarati_11.mp3
2026-02-27 14:02:29.146306,gujarati,ડાઈનિંગ રૂમ એર પ્યુરિફાયર 1 માં રિંગ એલઈડી બ્રાઇટનેસ 70 સેટ કરો।,Sarvam,3.6507039070129395,Success,../outputs/sarvam/gujarati/gujarati_11.wav
2026-02-27 14:02:34.699839,gujarati,ડાઈનિંગ રૂમ એર પ્યુરિફાયર 1 માં હીટર પાવર ચાલુ કરો।,ElevenLabs,1.4010727405548096,Success,../outputs/elevenlabs/gujarati/gujarati_12.mp3
2026-02-27 14:02:34.699839,gujarati,ડાઈનિંગ રૂમ એર પ્યુરિફાયર 1 માં હીટર પાવર ચાલુ કરો।,Sarvam,2.7269701957702637,Success,../outputs/sarvam/gujarati/gujarati_12.wav
2026-02-27 14:02:38.845644,gujarati,ડાઈનિંગ રૂમ એર પ્યુરિફાયર 1 માં નાઈટ મોડ સેટ કરો।,ElevenLabs,1.6129121780395508,Success,../outputs/elevenlabs/gujarati/gujarati_13.mp3
2026-02-27 14:02:38.845644,gujarati,ડાઈનિંગ રૂમ એર પ્યુરિફાયર 1 માં નાઈટ મોડ સેટ કરો।,Sarvam,2.1881296634674072,Success,../outputs/sarvam/gujarati/gujarati_13.wav
2026-02-27 14:02:42.662976,gujarati,ડાઈનિંગ રૂમ એર પ્યુરિફાયર 1 માં 180 મિનિટનો સ્વિચ ઓફ ટાઈમર સેટ કરો।,ElevenLabs,1.895111083984375,Success,../outputs/elevenlabs/gujarati/gujarati_14.mp3
2026-02-27 14:02:42.662976,gujarati,ડાઈનિંગ રૂમ એર પ્યુરિફાયર 1 માં 180 મિનિટનો સ્વિચ ઓફ ટાઈમર સેટ કરો।,Sarvam,3.0952749252319336,Success,../outputs/sarvam/gujarati/gujarati_14.wav
2026-02-27 14:02:47.662365,gujarati,ડાઈનિંગ રૂમ એર પ્યુરિફાયર 1 માં બજ્ઝર નિયંત્રણ ચાલુ કરો।,ElevenLabs,1.6091551780700684,Success,../outputs/elevenlabs/gujarati/gujarati_15.mp3
2026-02-27 14:02:47.662365,gujarati,ડાઈનિંગ રૂમ એર પ્યુરિફાયર 1 માં બજ્ઝર નિયંત્રણ ચાલુ કરો।,Sarvam,2.17765212059021,Success,../outputs/sarvam/gujarati/gujarati_15.wav
2026-02-27 14:02:51.461676,gujarati,ડાઈનિંગ રૂમ એર પ્યુરિફાયર 1 માં ફેન ઝડપ 3 સેટ કરો।,ElevenLabs,3.0217971801757812,Success,../outputs/elevenlabs/gujarati/gujarati_16.mp3
2026-02-27 14:02:51.461676,gujarati,ડાઈનિંગ રૂમ એર પ્યુરિફાયર 1 માં ફેન ઝડપ 3 સેટ કરો।,Sarvam,2.1703262329101562,Success,../outputs/sarvam/gujarati/gujarati_16.wav
2026-02-27 14:02:56.670323,gujarati,ડાઈનિંગ રૂમ એર પ્યુરિફાયર 1 ચાલુ કરો।,ElevenLabs,2.3405888080596924,Success,../outputs/elevenlabs/gujarati/gujarati_17.mp3
2026-02-27 14:02:56.670323,gujarati,ડાઈનિંગ રૂમ એર પ્યુરિફાયર 1 ચાલુ કરો।,Sarvam,1.7630181312561035,Success,../outputs/sarvam/gujarati/gujarati_17.wav
2026-02-27 14:03:00.799031,gujarati,ડાઈનિંગ રૂમ એર પ્યુરિફાયર 1 માં રિંગ એલઈડી બ્રાઇટનેસ 200 સેટ કરો।,ElevenLabs,1.8392832279205322,Success,../outputs/elevenlabs/gujarati/gujarati_18.mp3
2026-02-27 14:03:00.799031,gujarati,ડાઈનિંગ રૂમ એર પ્યુરિફાયર 1 માં રિંગ એલઈડી બ્રાઇટનેસ 200 સેટ કરો।,Sarvam,3.170128583908081,Success,../outputs/sarvam/gujarati/gujarati_18.wav
2026-02-27 14:03:05.829769,gujarati,ડાઈનિંગ રૂમ એર પ્યુરિફાયર 100 માં 180 મિનિટનો સ્વિચ ઓફ ટાઈમર સેટ કરો।,ElevenLabs,1.7832911014556885,Success,../outputs/elevenlabs/gujarati/gujarati_19.mp3
2026-02-27 14:03:05.829769,gujarati,ડાઈનિંગ રૂમ એર પ્યુરિફાયર 100 માં 180 મિનિટનો સ્વિચ ઓફ ટાઈમર સેટ કરો।,Sarvam,3.2432985305786133,Success,../outputs/sarvam/gujarati/gujarati_19.wav
2026-02-27 14:03:10.883435,gujarati,લિવિંગ રૂમ એર પ્યુરિફાયર 1 ચાલુ કરો।,ElevenLabs,1.3770031929016113,Success,../outputs/elevenlabs/gujarati/gujarati_20.mp3
2026-02-27 14:03:10.883435,gujarati,લિવિંગ રૂમ એર પ્યુરિફાયર 1 ચાલુ કરો।,Sarvam,2.148266553878784,Success,../outputs/sarvam/gujarati/gujarati_20.wav
2026-02-27 14:03:14.430318,gujarati,લિવિંગ રૂમ એર પ્યુરિફાયર 1 માં 60 મિનિટનો સ્વિચ ઓફ ટાઈમર સેટ કરો।,ElevenLabs,1.8440027236938477,Success,../outputs/elevenlabs/gujarati/gujarati_21.mp3
2026-02-27 14:03:14.430318,gujarati,લિવિંગ રૂમ એર પ્યુરિફાયર 1 માં 60 મિનિટનો સ્વિચ ઓફ ટાઈમર સેટ કરો।,Sarvam,4.920609951019287,Success,../outputs/sarvam/gujarati/gujarati_21.wav
2026-02-27 14:03:21.222258,gujarati,લિવિંગ રૂમ એર પ્યુરિફાયર 1 માં નાઈટ મોડ ચાલુ કરો।,ElevenLabs,1.6143438816070557,Success,../outputs/elevenlabs/gujarati/gujarati_22.mp3
2026-02-27 14:03:21.222258,gujarati,લિવિંગ રૂમ એર પ્યુરિફાયર 1 માં નાઈટ મોડ ચાલુ કરો।,Sarvam,3.299647092819214,Success,../outputs/sarvam/gujarati/gujarati_22.wav
2026-02-27 14:03:26.155109,gujarati,લિવિંગ રૂમ એર પ્યુરિફાયર 1 ની ફેન પાવર બંધ કરો।,ElevenLabs,2.07602596282959,Success,../outputs/elevenlabs/gujarati/gujarati_23.mp3
2026-02-27 14:03:26.155109,gujarati,લિવિંગ રૂમ એર પ્યુરિફાયર 1 ની ફેન પાવર બંધ કરો।,Sarvam,3.3196704387664795,Success,../outputs/sarvam/gujarati/gujarati_23.wav
2026-02-27 14:03:31.574880,gujarati,લિવિંગ રૂમ એર પ્યુરિફાયર 1 માં ફેન પાવર ચાલુ કરી ફેન ઝડપ 4 સેટ કરો।,ElevenLabs,1.772385835647583,Success,../outputs/elevenlabs/gujarati/gujarati_24.mp3
2026-02-27 14:03:31.574880,gujarati,લિવિંગ રૂમ એર પ્યુરિફાયર 1 માં ફેન પાવર ચાલુ કરી ફેન ઝડપ 4 સેટ કરો।,Sarvam,3.6044962406158447,Success,../outputs/sarvam/gujarati/gujarati_24.wav
2026-02-27 14:20:46.333572,hindi,लिविंग रूम एयर प्यूरीफायर 1 में फैन की गति 8 सेट करें।,ElevenLabs,1.9381961822509766,Success,../outputs/elevenlabs/hindi/hindi_25.mp3
2026-02-27 14:20:46.333572,hindi,लिविंग रूम एयर प्यूरीफायर 1 में फैन की गति 8 सेट करें।,Sarvam,2.7930283546447754,Success,../outputs/sarvam/hindi/hindi_25.wav
2026-02-27 14:20:51.071626,hindi,लिविंग रूम एयर प्यूरीफायर 1 बंद करें।,ElevenLabs,1.444997787475586,Success,../outputs/elevenlabs/hindi/hindi_26.mp3
2026-02-27 14:20:51.071626,hindi,लिविंग रूम एयर प्यूरीफायर 1 बंद करें।,Sarvam,2.1682956218719482,Success,../outputs/sarvam/hindi/hindi_26.wav
2026-02-27 14:20:54.691844,hindi,लिविंग रूम एयर प्यूरीफायर 1 बंद करें।,ElevenLabs,1.4224472045898438,Success,../outputs/elevenlabs/hindi/hindi_27.mp3
2026-02-27 14:20:54.691844,hindi,लिविंग रूम एयर प्यूरीफायर 1 बंद करें।,Sarvam,2.6102402210235596,Success,../outputs/sarvam/hindi/hindi_27.wav
2026-02-27 14:20:58.730044,hindi,लिविंग रूम एयर प्यूरीफायर 1 में फैन की गति 2 सेट करें।,ElevenLabs,1.4383125305175781,Success,../outputs/elevenlabs/hindi/hindi_28.mp3
2026-02-27 14:20:58.730044,hindi,लिविंग रूम एयर प्यूरीफायर 1 में फैन की गति 2 सेट करें।,Sarvam,2.579604148864746,Success,../outputs/sarvam/hindi/hindi_28.wav
2026-02-27 14:21:02.753956,hindi,मेरे शयनकक्ष में कौन-कौन से उपकरण हैं?,ElevenLabs,1.3400704860687256,Success,../outputs/elevenlabs/hindi/hindi_29.mp3
2026-02-27 14:21:02.753956,hindi,मेरे शयनकक्ष में कौन-कौन से उपकरण हैं?,Sarvam,2.2938783168792725,Success,../outputs/sarvam/hindi/hindi_29.wav
2026-02-27 14:21:06.397888,hindi,शयनकक्ष में AC चालू करें।,ElevenLabs,1.3454670906066895,Success,../outputs/elevenlabs/hindi/hindi_30.mp3
2026-02-27 14:21:06.397888,hindi,शयनकक्ष में AC चालू करें।,Sarvam,1.6553516387939453,Success,../outputs/sarvam/hindi/hindi_30.wav
2026-02-27 14:21:09.405712,hindi,शयनकक्ष के AC में तापमान 18 डिग्री सेट करें।,ElevenLabs,1.3835468292236328,Success,../outputs/elevenlabs/hindi/hindi_31.mp3
2026-02-27 14:21:09.405712,hindi,शयनकक्ष के AC में तापमान 18 डिग्री सेट करें।,Sarvam,4.574811697006226,Success,../outputs/sarvam/hindi/hindi_31.wav
2026-02-27 14:21:15.369017,hindi,शयनकक्ष के AC में डिस्प्ले मोड चालू करें।,ElevenLabs,1.7186088562011719,Success,../outputs/elevenlabs/hindi/hindi_32.mp3
2026-02-27 14:21:15.369017,hindi,शयनकक्ष के AC में डिस्प्ले मोड चालू करें।,Sarvam,2.002753257751465,Success,../outputs/sarvam/hindi/hindi_32.wav
2026-02-27 14:21:19.095757,hindi,डाइनिंग रूम में AC चालू करें।,ElevenLabs,1.442159652709961,Success,../outputs/elevenlabs/hindi/hindi_33.mp3
2026-02-27 14:21:19.095757,hindi,डाइनिंग रूम में AC चालू करें।,Sarvam,1.6585195064544678,Success,../outputs/sarvam/hindi/hindi_33.wav
2026-02-27 14:21:22.205525,hindi,ऑफिस AC 2 चालू करें।,ElevenLabs,1.3561828136444092,Success,../outputs/elevenlabs/hindi/hindi_34.mp3
2026-02-27 14:21:22.205525,hindi,ऑफिस AC 2 चालू करें।,Sarvam,1.814378261566162,Success,../outputs/sarvam/hindi/hindi_34.wav
2026-02-27 14:21:25.381077,hindi,शयनकक्ष के AC में ड्राई मोड सेट करें।,ElevenLabs,1.4557578563690186,Success,../outputs/elevenlabs/hindi/hindi_35.mp3
2026-02-27 14:21:25.381077,hindi,शयनकक्ष के AC में ड्राई मोड सेट करें।,Sarvam,3.0994067192077637,Success,../outputs/sarvam/hindi/hindi_35.wav
2026-02-27 14:21:29.944847,hindi,शयनकक्ष के AC में स्लीप मोड चालू करें।,ElevenLabs,1.439046859741211,Success,../outputs/elevenlabs/hindi/hindi_36.mp3
2026-02-27 14:21:29.944847,hindi,शयनकक्ष के AC में स्लीप मोड चालू करें।,Sarvam,2.8317668437957764,Success,../outputs/sarvam/hindi/hindi_36.wav
2026-02-27 14:21:34.241754,hindi,शयनकक्ष के AC में वर्टिकल स्विंग को पोजीशन 5 पर सेट करें।,ElevenLabs,2.224801778793335,Success,../outputs/elevenlabs/hindi/hindi_37.mp3
2026-02-27 14:21:34.241754,hindi,शयनकक्ष के AC में वर्टिकल स्विंग को पोजीशन 5 पर सेट करें।,Sarvam,5.297223329544067,Success,../outputs/sarvam/hindi/hindi_37.wav
2026-02-27 14:21:41.774233,hindi,शयनकक्ष के AC में स्काई हाई कलर चालू करें।,ElevenLabs,1.5408375263214111,Success,../outputs/elevenlabs/hindi/hindi_38.mp3
2026-02-27 14:21:41.774233,hindi,शयनकक्ष के AC में स्काई हाई कलर चालू करें।,Sarvam,3.9390432834625244,Success,../outputs/sarvam/hindi/hindi_38.wav
2026-02-27 14:21:47.265110,hindi,लिविंग रूम AC 2 चालू करें और उसका हॉरिज़ॉन्टल स्विंग पोजीशन 2 पर सेट करें।,ElevenLabs,2.8117027282714844,Success,../outputs/elevenlabs/hindi/hindi_39.mp3
2026-02-27 14:21:47.265110,hindi,लिविंग रूम AC 2 चालू करें और उसका हॉरिज़ॉन्टल स्विंग पोजीशन 2 पर सेट करें।,Sarvam,4.281627416610718,Success,../outputs/sarvam/hindi/hindi_39.wav
2026-02-27 14:21:54.364480,hindi,लिविंग रूम AC 2 में टर्बो मोड चालू करें।,ElevenLabs,1.353755235671997,Success,../outputs/elevenlabs/hindi/hindi_40.mp3
2026-02-27 14:21:54.364480,hindi,लिविंग रूम AC 2 में टर्बो मोड चालू करें।,Sarvam,2.3981380462646484,Success,../outputs/sarvam/hindi/hindi_40.wav
2026-02-27 14:21:58.125397,hindi,शयनकक्ष के AC में चाइल्ड लॉक चालू करें।,ElevenLabs,1.3691401481628418,Success,../outputs/elevenlabs/hindi/hindi_41.mp3
2026-02-27 14:21:58.125397,hindi,शयनकक्ष के AC में चाइल्ड लॉक चालू करें।,Sarvam,2.681370258331299,Success,../outputs/sarvam/hindi/hindi_41.wav
2026-02-27 14:22:02.181901,hindi,ऑफिस AC 2 में फैन की गति हाई सेट करें।,ElevenLabs,1.400508165359497,Success,../outputs/elevenlabs/hindi/hindi_42.mp3
2026-02-27 14:22:02.181901,hindi,ऑफिस AC 2 में फैन की गति हाई सेट करें।,Sarvam,2.327639579772949,Success,../outputs/sarvam/hindi/hindi_42.wav
2026-02-27 14:22:05.918052,hindi,शयनकक्ष के AC में हॉरिज़ॉन्टल स्विंग को ऑटो पर सेट करें।,ElevenLabs,1.6824431419372559,Success,../outputs/elevenlabs/hindi/hindi_43.mp3
2026-02-27 14:22:05.918052,hindi,शयनकक्ष के AC में हॉरिज़ॉन्टल स्विंग को ऑटो पर सेट करें।,Sarvam,7.658404350280762,Success,../outputs/sarvam/hindi/hindi_43.wav
2026-02-27 14:22:15.273470,hindi,लिविंग रूम AC 2 में तापमान 30 डिग्री सेट करें।,ElevenLabs,1.524116039276123,Success,../outputs/elevenlabs/hindi/hindi_44.mp3
2026-02-27 14:22:15.273470,hindi,लिविंग रूम AC 2 में तापमान 30 डिग्री सेट करें।,Sarvam,3.781193971633911,Success,../outputs/sarvam/hindi/hindi_44.wav
2026-02-27 14:22:20.588768,hindi,योगा रूम AC 1 चालू करें और उसका स्विच ऑफ टाइमर 20 मिनट पर सेट करें।,ElevenLabs,1.627105474472046,Success,../outputs/elevenlabs/hindi/hindi_45.mp3
2026-02-27 14:22:20.588768,hindi,योगा रूम AC 1 चालू करें और उसका स्विच ऑफ टाइमर 20 मिनट पर सेट करें।,Sarvam,5.754011869430542,Success,../outputs/sarvam/hindi/hindi_45.wav
2026-02-27 14:22:27.978885,hindi,योगा रूम AC 1 में ह्यूमिकॉन मोड चालू करें।,ElevenLabs,1.9103848934173584,Success,../outputs/elevenlabs/hindi/hindi_46.mp3
2026-02-27 14:22:27.978885,hindi,योगा रूम AC 1 में ह्यूमिकॉन मोड चालू करें।,Sarvam,4.950218915939331,Success,../outputs/sarvam/hindi/hindi_46.wav
2026-02-27 14:22:34.846464,hindi,शयनकक्ष के AC में चाइल्ड लॉक मोड बंद करें।,ElevenLabs,1.4193799495697021,Success,../outputs/elevenlabs/hindi/hindi_47.mp3
2026-02-27 14:22:34.846464,hindi,शयनकक्ष के AC में चाइल्ड लॉक मोड बंद करें।,Sarvam,1.933434009552002,Success,../outputs/sarvam/hindi/hindi_47.wav
2026-02-27 14:22:38.206226,hindi,शयनकक्ष के AC में इको मोड चालू करें।,ElevenLabs,1.3712327480316162,Success,../outputs/elevenlabs/hindi/hindi_48.mp3
2026-02-27 14:22:38.206226,hindi,शयनकक्ष के AC में इको मोड चालू करें।,Sarvam,3.0082321166992188,Success,../outputs/sarvam/hindi/hindi_48.wav
2026-02-27 14:22:42.592612,hindi,शयनकक्ष के AC में लाइट इंटेंसिटी लो सेट करें।,ElevenLabs,1.4855637550354004,Success,../outputs/elevenlabs/hindi/hindi_49.mp3
2026-02-27 14:22:42.592612,hindi,शयनकक्ष के AC में लाइट इंटेंसिटी लो सेट करें।,Sarvam,4.832894802093506,Success,../outputs/sarvam/hindi/hindi_49.wav
2026-02-27 14:22:48.919008,tamil,லிவிங் ரூம் ஏர் ப்யூரிஃபையர் 1 இல் ஃபேன் வேகத்தை 8 ஆக அமைக்கவும்.,ElevenLabs,1.8092904090881348,Success,../outputs/elevenlabs/tamil/tamil_25.mp3
2026-02-27 14:22:48.919008,tamil,லிவிங் ரூம் ஏர் ப்யூரிஃபையர் 1 இல் ஃபேன் வேகத்தை 8 ஆக அமைக்கவும்.,Sarvam,6.607667684555054,Success,../outputs/sarvam/tamil/tamil_25.wav
2026-02-27 14:22:57.348817,tamil,லிவிங் ரூம் ஏர் ப்யூரிஃபையர் 1 ஐ அணைக்கவும்.,ElevenLabs,1.3827009201049805,Success,../outputs/elevenlabs/tamil/tamil_26.mp3
2026-02-27 14:22:57.348817,tamil,லிவிங் ரூம் ஏர் ப்யூரிஃபையர் 1 ஐ அணைக்கவும்.,Sarvam,1.8336424827575684,Success,../outputs/sarvam/tamil/tamil_26.wav
2026-02-27 14:23:00.570175,tamil,லிவிங் ரூம் ஏர் ப்யூரிஃபையர் 1 ஐ அணைக்கவும்.,ElevenLabs,1.4609134197235107,Success,../outputs/elevenlabs/tamil/tamil_27.mp3
2026-02-27 14:23:00.570175,tamil,லிவிங் ரூம் ஏர் ப்யூரிஃபையர் 1 ஐ அணைக்கவும்.,Sarvam,3.6426589488983154,Success,../outputs/sarvam/tamil/tamil_27.wav
2026-02-27 14:23:05.680659,tamil,லிவிங் ரூம் ஏர் ப்யூரிஃபையர் 1 இல் ஃபேன் வேகத்தை 2 ஆக அமைக்கவும்.,ElevenLabs,1.6578443050384521,Success,../outputs/elevenlabs/tamil/tamil_28.mp3
2026-02-27 14:23:05.680659,tamil,லிவிங் ரூம் ஏர் ப்யூரிஃபையர் 1 இல் ஃபேன் வேகத்தை 2 ஆக அமைக்கவும்.,Sarvam,7.221625804901123,Success,../outputs/sarvam/tamil/tamil_28.wav
2026-02-27 14:23:14.568129,tamil,என் படுக்கையறையில் என்ன சாதனங்கள் உள்ளன?,ElevenLabs,1.422818899154663,Success,../outputs/elevenlabs/tamil/tamil_29.mp3
2026-02-27 14:23:14.568129,tamil,என் படுக்கையறையில் என்ன சாதனங்கள் உள்ளன?,Sarvam,3.586648941040039,Success,../outputs/sarvam/tamil/tamil_29.wav
2026-02-27 14:23:19.583599,tamil,படுக்கையறையில் AC ஐ ஆன் செய்யவும்.,ElevenLabs,1.314568042755127,Success,../outputs/elevenlabs/tamil/tamil_30.mp3
2026-02-27 14:23:19.583599,tamil,படுக்கையறையில் AC ஐ ஆன் செய்யவும்.,Sarvam,1.943648099899292,Success,../outputs/sarvam/tamil/tamil_30.wav
2026-02-27 14:23:22.845964,tamil,படுக்கையறை AC இல் வெப்பநிலையை 18 டிகிரியாக அமைக்கவும்.,ElevenLabs,1.8712670803070068,Success,../outputs/elevenlabs/tamil/tamil_31.mp3
2026-02-27 14:23:22.845964,tamil,படுக்கையறை AC இல் வெப்பநிலையை 18 டிகிரியாக அமைக்கவும்.,Sarvam,2.5021588802337646,Success,../outputs/sarvam/tamil/tamil_31.wav
2026-02-27 14:23:27.229312,tamil,படுக்கையறை AC இல் டிஸ்ப்ளே மோடு ஆன் செய்யவும்.,ElevenLabs,1.5833735466003418,Success,../outputs/elevenlabs/tamil/tamil_32.mp3
2026-02-27 14:23:27.229312,tamil,படுக்கையறை AC இல் டிஸ்ப்ளே மோடு ஆன் செய்யவும்.,Sarvam,2.1966047286987305,Success,../outputs/sarvam/tamil/tamil_32.wav
2026-02-27 14:23:31.018280,tamil,டைனிங் ரூமில் AC ஐ ஆன் செய்யவும்.,ElevenLabs,2.3426029682159424,Success,../outputs/elevenlabs/tamil/tamil_33.mp3
2026-02-27 14:23:31.018280,tamil,டைனிங் ரூமில் AC ஐ ஆன் செய்யவும்.,Sarvam,3.0879788398742676,Success,../outputs/sarvam/tamil/tamil_33.wav
2026-02-27 14:23:36.459876,tamil,ஆபிஸ் AC 2 ஐ ஆன் செய்யவும்.,ElevenLabs,1.279662847518921,Success,../outputs/elevenlabs/tamil/tamil_34.mp3
2026-02-27 14:23:36.459876,tamil,ஆபிஸ் AC 2 ஐ ஆன் செய்யவும்.,Sarvam,1.7102835178375244,Success,../outputs/sarvam/tamil/tamil_34.wav
2026-02-27 14:23:39.456745,tamil,படுக்கையறை AC இல் டிரை மோடு அமைக்கவும்.,ElevenLabs,1.3310773372650146,Success,../outputs/elevenlabs/tamil/tamil_35.mp3
2026-02-27 14:23:39.456745,tamil,படுக்கையறை AC இல் டிரை மோடு அமைக்கவும்.,Sarvam,1.8202738761901855,Success,../outputs/sarvam/tamil/tamil_35.wav
2026-02-27 14:23:42.612587,tamil,படுக்கையறை AC இல் ஸ்லீப் மோடு ஆன் செய்யவும்.,ElevenLabs,1.380542516708374,Success,../outputs/elevenlabs/tamil/tamil_36.mp3
2026-02-27 14:23:42.612587,tamil,படுக்கையறை AC இல் ஸ்லீப் மோடு ஆன் செய்யவும்.,Sarvam,2.6160404682159424,Success,../outputs/sarvam/tamil/tamil_36.wav
2026-02-27 14:23:46.634012,tamil,படுக்கையறை AC இல் வெர்டிக்கல் ஸ்விங் நிலை 5 ஆக அமைக்கவும்.,ElevenLabs,1.715451717376709,Success,../outputs/elevenlabs/tamil/tamil_37.mp3
2026-02-27 14:23:46.634012,tamil,படுக்கையறை AC இல் வெர்டிக்கல் ஸ்விங் நிலை 5 ஆக அமைக்கவும்.,Sarvam,2.4483273029327393,Success,../outputs/sarvam/tamil/tamil_37.wav
2026-02-27 14:23:50.808792,tamil,படுக்கையறை AC இல் ஸ்கை ஹை கலர் ஆன் செய்யவும்.,ElevenLabs,1.530125617980957,Success,../outputs/elevenlabs/tamil/tamil_38.mp3
2026-02-27 14:23:50.808792,tamil,படுக்கையறை AC இல் ஸ்கை ஹை கலர் ஆன் செய்யவும்.,Sarvam,2.1703128814697266,Success,../outputs/sarvam/tamil/tamil_38.wav
2026-02-27 14:23:54.516156,tamil,லிவிங் ரூம் AC 2 ஐ ஆன் செய்து அதன் ஹாரிசொண்டல் ஸ்விங் நிலை 2 ஆக அமைக்கவும்.,ElevenLabs,2.0844480991363525,Success,../outputs/elevenlabs/tamil/tamil_39.mp3
2026-02-27 14:23:54.516156,tamil,லிவிங் ரூம் AC 2 ஐ ஆன் செய்து அதன் ஹாரிசொண்டல் ஸ்விங் நிலை 2 ஆக அமைக்கவும்.,Sarvam,2.7450547218322754,Success,../outputs/sarvam/tamil/tamil_39.wav
2026-02-27 14:23:59.351824,tamil,லிவிங் ரூம் AC 2 இல் டர்போ மோடு ஆன் செய்யவும்.,ElevenLabs,1.54787278175354,Success,../outputs/elevenlabs/tamil/tamil_40.mp3
2026-02-27 14:23:59.351824,tamil,லிவிங் ரூம் AC 2 இல் டர்போ மோடு ஆன் செய்யவும்.,Sarvam,2.9331517219543457,Success,../outputs/sarvam/tamil/tamil_40.wav
2026-02-27 14:24:03.837933,tamil,படுக்கையறை AC இல் சைல்ட் லாக் ஆன் செய்யவும்.,ElevenLabs,1.6483688354492188,Success,../outputs/elevenlabs/tamil/tamil_41.mp3
2026-02-27 14:24:03.837933,tamil,படுக்கையறை AC இல் சைல்ட் லாக் ஆன் செய்யவும்.,Sarvam,1.8160324096679688,Success,../outputs/sarvam/tamil/tamil_41.wav
2026-02-27 14:24:07.310422,tamil,ஆபிஸ் AC 2 இல் ஃபேன் வேகத்தை ஹை ஆக அமைக்கவும்.,ElevenLabs,1.4949615001678467,Success,../outputs/elevenlabs/tamil/tamil_42.mp3
2026-02-27 14:24:07.310422,tamil,ஆபிஸ் AC 2 இல் ஃபேன் வேகத்தை ஹை ஆக அமைக்கவும்.,Sarvam,6.458138704299927,Success,../outputs/sarvam/tamil/tamil_42.wav
2026-02-27 14:24:15.276684,tamil,படுக்கையறை AC இல் ஹாரிசொண்டல் ஸ்விங் ஆட்டோ ஆக அமைக்கவும்.,ElevenLabs,1.9305834770202637,Success,../outputs/elevenlabs/tamil/tamil_43.mp3
2026-02-27 14:24:15.276684,tamil,படுக்கையறை AC இல் ஹாரிசொண்டல் ஸ்விங் ஆட்டோ ஆக அமைக்கவும்.,Sarvam,3.055551528930664,Success,../outputs/sarvam/tamil/tamil_43.wav
2026-02-27 14:24:20.273892,tamil,லிவிங் ரூம் AC 2 இல் வெப்பநிலையை 30 டிகிரியாக அமைக்கவும்.,ElevenLabs,1.7470943927764893,Success,../outputs/elevenlabs/tamil/tamil_44.mp3
2026-02-27 14:24:20.273892,tamil,லிவிங் ரூம் AC 2 இல் வெப்பநிலையை 30 டிகிரியாக அமைக்கவும்.,Sarvam,4.48270583152771,Success,../outputs/sarvam/tamil/tamil_44.wav
2026-02-27 14:24:26.508956,tamil,யோகா ரூம் AC 1 ஐ ஆன் செய்து அதன் ஸ்விட்ச் ஆஃப் டைமரை 20 நிமிடமாக அமைக்கவும்.,ElevenLabs,1.9525783061981201,Success,../outputs/elevenlabs/tamil/tamil_45.mp3
2026-02-27 14:24:26.508956,tamil,யோகா ரூம் AC 1 ஐ ஆன் செய்து அதன் ஸ்விட்ச் ஆஃப் டைமரை 20 நிமிடமாக அமைக்கவும்.,Sarvam,2.903261423110962,Success,../outputs/sarvam/tamil/tamil_45.wav
2026-02-27 14:24:31.370776,tamil,யோகா ரூம் AC 1 இல் ஹியூமிகான் மோடு ஆன் செய்யவும்.,ElevenLabs,1.4811360836029053,Success,../outputs/elevenlabs/tamil/tamil_46.mp3
2026-02-27 14:24:31.370776,tamil,யோகா ரூம் AC 1 இல் ஹியூமிகான் மோடு ஆன் செய்யவும்.,Sarvam,3.767589569091797,Success,../outputs/sarvam/tamil/tamil_46.wav
2026-02-27 14:24:36.625507,tamil,படுக்கையறை AC இல் சைல்ட் லாக் மோடு ஆஃப் செய்யவும்.,ElevenLabs,1.4943509101867676,Success,../outputs/elevenlabs/tamil/tamil_47.mp3
2026-02-27 14:24:36.625507,tamil,படுக்கையறை AC இல் சைல்ட் லாக் மோடு ஆஃப் செய்யவும்.,Sarvam,2.665175676345825,Success,../outputs/sarvam/tamil/tamil_47.wav
2026-02-27 14:24:40.793980,tamil,படுக்கையறை AC இல் ஈகோ மோடு ஆன் செய்யவும்.,ElevenLabs,1.9495658874511719,Success,../outputs/elevenlabs/tamil/tamil_48.mp3
2026-02-27 14:24:40.793980,tamil,படுக்கையறை AC இல் ஈகோ மோடு ஆன் செய்யவும்.,Sarvam,2.3363304138183594,Success,../outputs/sarvam/tamil/tamil_48.wav
2026-02-27 14:24:45.088903,tamil,படுக்கையறை AC இல் லைட் இன்டென்சிட்டி லோ ஆக அமைக்கவும்.,ElevenLabs,1.5724060535430908,Success,../outputs/elevenlabs/tamil/tamil_49.mp3
2026-02-27 14:24:45.088903,tamil,படுக்கையறை AC இல் லைட் இன்டென்சிட்டி லோ ஆக அமைக்கவும்.,Sarvam,1.9084327220916748,Success,../outputs/sarvam/tamil/tamil_49.wav
2026-02-27 14:24:48.579734,bengali,লিভিং রুম এয়ার পিউরিফায়ার 1 এ ফ্যানের গতি 8 সেট করুন।,ElevenLabs,1.7278821468353271,Success,../outputs/elevenlabs/bengali/bengali_25.mp3
2026-02-27 14:24:48.579734,bengali,লিভিং রুম এয়ার পিউরিফায়ার 1 এ ফ্যানের গতি 8 সেট করুন।,Sarvam,5.28656268119812,Success,../outputs/sarvam/bengali/bengali_25.wav
2026-02-27 14:24:55.602194,bengali,লিভিং রুম এয়ার পিউরিফায়ার 1 বন্ধ করুন।,ElevenLabs,1.4758484363555908,Success,../outputs/elevenlabs/bengali/bengali_26.mp3
2026-02-27 14:24:55.602194,bengali,লিভিং রুম এয়ার পিউরিফায়ার 1 বন্ধ করুন।,Sarvam,8.027791738510132,Success,../outputs/sarvam/bengali/bengali_26.wav
2026-02-27 14:25:05.117453,bengali,লিভিং রুম এয়ার পিউরিফায়ার 1 বন্ধ করুন।,ElevenLabs,1.4856317043304443,Success,../outputs/elevenlabs/bengali/bengali_27.mp3
2026-02-27 14:25:05.117453,bengali,লিভিং রুম এয়ার পিউরিফায়ার 1 বন্ধ করুন।,Sarvam,2.2677993774414062,Success,../outputs/sarvam/bengali/bengali_27.wav
2026-02-27 14:25:08.875865,bengali,লিভিং রুম এয়ার পিউরিফায়ার 1 এ ফ্যানের গতি 2 সেট করুন।,ElevenLabs,1.9248201847076416,Success,../outputs/elevenlabs/bengali/bengali_28.mp3
2026-02-27 14:25:08.875865,bengali,লিভিং রুম এয়ার পিউরিফায়ার 1 এ ফ্যানের গতি 2 সেট করুন।,Sarvam,2.641681432723999,Success,../outputs/sarvam/bengali/bengali_28.wav
2026-02-27 14:25:13.447518,bengali,আমার শয়নকক্ষে কী কী ডিভাইস আছে?,ElevenLabs,1.3195667266845703,Success,../outputs/elevenlabs/bengali/bengali_29.mp3
2026-02-27 14:25:13.447518,bengali,আমার শয়নকক্ষে কী কী ডিভাইস আছে?,Sarvam,1.557154893875122,Success,../outputs/sarvam/bengali/bengali_29.wav
2026-02-27 14:25:16.331240,bengali,শয়নকক্ষে AC চালু করুন।,ElevenLabs,1.2454931735992432,Success,../outputs/elevenlabs/bengali/bengali_30.mp3
2026-02-27 14:25:16.331240,bengali,শয়নকক্ষে AC চালু করুন।,Sarvam,2.241623878479004,Success,../outputs/sarvam/bengali/bengali_30.wav
2026-02-27 14:25:19.827433,bengali,শয়নকক্ষের AC তে তাপমাত্রা 18 ডিগ্রি সেট করুন।,ElevenLabs,1.60274338722229,Success,../outputs/elevenlabs/bengali/bengali_31.mp3
2026-02-27 14:25:19.827433,bengali,শয়নকক্ষের AC তে তাপমাত্রা 18 ডিগ্রি সেট করুন।,Sarvam,3.60860538482666,Success,../outputs/sarvam/bengali/bengali_31.wav
2026-02-27 14:25:25.047787,bengali,শয়নকক্ষের AC তে ডিসপ্লে মোড চালু করুন।,ElevenLabs,1.4286150932312012,Success,../outputs/elevenlabs/bengali/bengali_32.mp3
2026-02-27 14:25:25.047787,bengali,শয়নকক্ষের AC তে ডিসপ্লে মোড চালু করুন।,Sarvam,2.3958146572113037,Success,../outputs/sarvam/bengali/bengali_32.wav
2026-02-27 14:25:28.882210,bengali,ডাইনিং রুমে AC চালু করুন।,ElevenLabs,1.437903642654419,Success,../outputs/elevenlabs/bengali/bengali_33.mp3
2026-02-27 14:25:28.882210,bengali,ডাইনিং রুমে AC চালু করুন।,Sarvam,2.0425474643707275,Success,../outputs/sarvam/bengali/bengali_33.wav
2026-02-27 14:25:32.368561,bengali,অফিস AC 2 চালু করুন।,ElevenLabs,1.236647129058838,Success,../outputs/elevenlabs/bengali/bengali_34.mp3
2026-02-27 14:25:32.368561,bengali,অফিস AC 2 চালু করুন।,Sarvam,2.139889717102051,Success,../outputs/sarvam/bengali/bengali_34.wav
2026-02-27 14:25:35.749095,bengali,শয়নকক্ষের AC তে ড্রাই মোড সেট করুন।,ElevenLabs,1.3257782459259033,Success,../outputs/elevenlabs/bengali/bengali_35.mp3
2026-02-27 14:25:35.749095,bengali,শয়নকক্ষের AC তে ড্রাই মোড সেট করুন।,Sarvam,2.133065938949585,Success,../outputs/sarvam/bengali/bengali_35.wav
2026-02-27 14:25:39.229447,bengali,শয়নকক্ষের AC তে স্লিপ মোড চালু করুন।,ElevenLabs,1.6375806331634521,Success,../outputs/elevenlabs/bengali/bengali_36.mp3
2026-02-27 14:25:39.229447,bengali,শয়নকক্ষের AC তে স্লিপ মোড চালু করুন।,Sarvam,2.9121744632720947,Success,../outputs/sarvam/bengali/bengali_36.wav
2026-02-27 14:25:43.802903,bengali,শয়নকক্ষের AC তে ভার্টিক্যাল সুইং পজিশন 5 এ সেট করুন।,ElevenLabs,1.8894331455230713,Success,../outputs/elevenlabs/bengali/bengali_37.mp3
2026-02-27 14:25:43.802903,bengali,শয়নকক্ষের AC তে ভার্টিক্যাল সুইং পজিশন 5 এ সেট করুন।,Sarvam,4.749986410140991,Success,../outputs/sarvam/bengali/bengali_37.wav
2026-02-27 14:25:50.452348,bengali,শয়নকক্ষের AC তে স্কাই হাই কালার চালু করুন।,ElevenLabs,1.8269391059875488,Success,../outputs/elevenlabs/bengali/bengali_38.mp3
2026-02-27 14:25:50.452348,bengali,শয়নকক্ষের AC তে স্কাই হাই কালার চালু করুন।,Sarvam,2.787032127380371,Success,../outputs/sarvam/bengali/bengali_38.wav
2026-02-27 14:25:55.076278,bengali,লিভিং রুম AC 2 চালু করুন এবং এর হরিজন্টাল সুইং পজিশন 2 এ সেট করুন।,ElevenLabs,2.251983642578125,Success,../outputs/elevenlabs/bengali/bengali_39.mp3
2026-02-27 14:25:55.076278,bengali,লিভিং রুম AC 2 চালু করুন এবং এর হরিজন্টাল সুইং পজিশন 2 এ সেট করুন।,Sarvam,4.116070032119751,Success,../outputs/sarvam/bengali/bengali_39.wav
2026-02-27 14:26:01.451318,bengali,লিভিং রুম AC 2 এ টার্বো মোড চালু করুন।,ElevenLabs,1.565476655960083,Success,../outputs/elevenlabs/bengali/bengali_40.mp3
2026-02-27 14:26:01.451318,bengali,লিভিং রুম AC 2 এ টার্বো মোড চালু করুন।,Sarvam,2.5519611835479736,Success,../outputs/sarvam/bengali/bengali_40.wav
2026-02-27 14:26:05.579082,bengali,শয়নকক্ষের AC তে চাইল্ড লক চালু করুন।,ElevenLabs,1.32208251953125,Success,../outputs/elevenlabs/bengali/bengali_41.mp3
2026-02-27 14:26:05.579082,bengali,শয়নকক্ষের AC তে চাইল্ড লক চালু করুন।,Sarvam,2.0379436016082764,Success,../outputs/sarvam/bengali/bengali_41.wav
2026-02-27 14:26:08.947030,bengali,অফিস AC 2 এ ফ্যানের গতি হাই সেট করুন।,ElevenLabs,1.5302724838256836,Success,../outputs/elevenlabs/bengali/bengali_42.mp3
2026-02-27 14:26:08.947030,bengali,অফিস AC 2 এ ফ্যানের গতি হাই সেট করুন।,Sarvam,1.6965844631195068,Success,../outputs/sarvam/bengali/bengali_42.wav
2026-02-27 14:26:12.179892,bengali,শয়নকক্ষের AC তে হরিজন্টাল সুইং অটো সেট করুন।,ElevenLabs,1.4532837867736816,Success,../outputs/elevenlabs/bengali/bengali_43.mp3
2026-02-27 14:26:12.179892,bengali,শয়নকক্ষের AC তে হরিজন্টাল সুইং অটো সেট করুন।,Sarvam,3.6374599933624268,Success,../outputs/sarvam/bengali/bengali_43.wav
2026-02-27 14:26:17.275634,bengali,লিভিং রুম AC 2 এ তাপমাত্রা 30 ডিগ্রি সেট করুন।,ElevenLabs,1.5268726348876953,Success,../outputs/elevenlabs/bengali/bengali_44.mp3
2026-02-27 14:26:17.275634,bengali,লিভিং রুম AC 2 এ তাপমাত্রা 30 ডিগ্রি সেট করুন।,Sarvam,3.1208512783050537,Success,../outputs/sarvam/bengali/bengali_44.wav
2026-02-27 14:26:21.934676,bengali,যোগা রুম AC 1 চালু করুন এবং এর সুইচ অফ টাইমার 20 মিনিটে সেট করুন।,ElevenLabs,2.0322320461273193,Success,../outputs/elevenlabs/bengali/bengali_45.mp3
2026-02-27 14:26:21.934676,bengali,যোগা রুম AC 1 চালু করুন এবং এর সুইচ অফ টাইমার 20 মিনিটে সেট করুন।,Sarvam,5.5646467208862305,Success,../outputs/sarvam/bengali/bengali_45.wav
2026-02-27 14:26:29.544956,bengali,যোগা রুম AC 1 এ হিউমিকন মোড চালু করুন।,ElevenLabs,1.860123872756958,Success,../outputs/elevenlabs/bengali/bengali_46.mp3
2026-02-27 14:26:29.544956,bengali,যোগা রুম AC 1 এ হিউমিকন মোড চালু করুন।,Sarvam,2.3408262729644775,Success,../outputs/sarvam/bengali/bengali_46.wav
2026-02-27 14:26:33.756707,bengali,শয়নকক্ষের AC তে চাইল্ড লক মোড বন্ধ করুন।,ElevenLabs,1.4864792823791504,Success,../outputs/elevenlabs/bengali/bengali_47.mp3
2026-02-27 14:26:33.756707,bengali,শয়নকক্ষের AC তে চাইল্ড লক মোড বন্ধ করুন।,Sarvam,2.4700160026550293,Success,../outputs/sarvam/bengali/bengali_47.wav
2026-02-27 14:26:37.724063,bengali,শয়নকক্ষের AC তে ইকো মোড চালু করুন।,ElevenLabs,1.2980518341064453,Success,../outputs/elevenlabs/bengali/bengali_48.mp3
2026-02-27 14:26:37.724063,bengali,শয়নকক্ষের AC তে ইকো মোড চালু করুন।,Sarvam,1.725905179977417,Success,../outputs/sarvam/bengali/bengali_48.wav
2026-02-27 14:26:40.752018,bengali,শয়নকক্ষের AC তে লাইট ইনটেনসিটি লো সেট করুন।,ElevenLabs,1.2987291812896729,Success,../outputs/elevenlabs/bengali/bengali_49.mp3
2026-02-27 14:26:40.752018,bengali,শয়নকক্ষের AC তে লাইট ইনটেনসিটি লো সেট করুন।,Sarvam,2.138787269592285,Success,../outputs/sarvam/bengali/bengali_49.wav
2026-02-27 14:26:44.197448,kannada,ಲಿವಿಂಗ್ ರೂಮ್ ಏರ್ ಪ್ಯೂರಿಫೈಯರ್ 1 ನಲ್ಲಿ ಫ್ಯಾನ್ ವೇಗವನ್ನು 8 ಗೆ ಹೊಂದಿಸಿ।,ElevenLabs,1.7186782360076904,Success,../outputs/elevenlabs/kannada/kannada_25.mp3
2026-02-27 14:26:44.197448,kannada,ಲಿವಿಂಗ್ ರೂಮ್ ಏರ್ ಪ್ಯೂರಿಫೈಯರ್ 1 ನಲ್ಲಿ ಫ್ಯಾನ್ ವೇಗವನ್ನು 8 ಗೆ ಹೊಂದಿಸಿ।,Sarvam,3.8186838626861572,Success,../outputs/sarvam/kannada/kannada_25.wav
2026-02-27 14:26:49.740798,kannada,ಲಿವಿಂಗ್ ರೂಮ್ ಏರ್ ಪ್ಯೂರಿಫೈಯರ್ 1 ಅನ್ನು ಆಫ್ ಮಾಡಿ।,ElevenLabs,1.5139055252075195,Success,../outputs/elevenlabs/kannada/kannada_26.mp3
2026-02-27 14:26:49.740798,kannada,ಲಿವಿಂಗ್ ರೂಮ್ ಏರ್ ಪ್ಯೂರಿಫೈಯರ್ 1 ಅನ್ನು ಆಫ್ ಮಾಡಿ।,Sarvam,2.157259941101074,Success,../outputs/sarvam/kannada/kannada_26.wav
2026-02-27 14:26:53.418963,kannada,ಲಿವಿಂಗ್ ರೂಮ್ ಏರ್ ಪ್ಯೂರಿಫೈಯರ್ 1 ಅನ್ನು ಆಫ್ ಮಾಡಿ।,ElevenLabs,1.4520561695098877,Success,../outputs/elevenlabs/kannada/kannada_27.mp3
2026-02-27 14:26:53.418963,kannada,ಲಿವಿಂಗ್ ರೂಮ್ ಏರ್ ಪ್ಯೂರಿಫೈಯರ್ 1 ಅನ್ನು ಆಫ್ ಮಾಡಿ।,Sarvam,3.4960715770721436,Success,../outputs/sarvam/kannada/kannada_27.wav
2026-02-27 14:26:58.375176,kannada,ಲಿವಿಂಗ್ ರೂಮ್ ಏರ್ ಪ್ಯೂರಿಫೈಯರ್ 1 ನಲ್ಲಿ ಫ್ಯಾನ್ ವೇಗವನ್ನು 2 ಗೆ ಹೊಂದಿಸಿ।,ElevenLabs,1.9761958122253418,Success,../outputs/elevenlabs/kannada/kannada_28.mp3
2026-02-27 14:26:58.375176,kannada,ಲಿವಿಂಗ್ ರೂಮ್ ಏರ್ ಪ್ಯೂರಿಫೈಯರ್ 1 ನಲ್ಲಿ ಫ್ಯಾನ್ ವೇಗವನ್ನು 2 ಗೆ ಹೊಂದಿಸಿ।,Sarvam,2.768632173538208,Success,../outputs/sarvam/kannada/kannada_28.wav
2026-02-27 14:27:03.129934,kannada,ನನ್ನ ಶಯನಕಕ್ಷೆಯಲ್ಲಿ ಯಾವ ಸಾಧನಗಳಿವೆ?,ElevenLabs,1.2997889518737793,Success,../outputs/elevenlabs/kannada/kannada_29.mp3
2026-02-27 14:27:03.129934,kannada,ನನ್ನ ಶಯನಕಕ್ಷೆಯಲ್ಲಿ ಯಾವ ಸಾಧನಗಳಿವೆ?,Sarvam,3.540318727493286,Success,../outputs/sarvam/kannada/kannada_29.wav
2026-02-27 14:27:07.977029,kannada,ಶಯನಕಕ್ಷೆಯಲ್ಲಿ AC ಅನ್ನು ಆನ್ ಮಾಡಿ।,ElevenLabs,1.2395398616790771,Success,../outputs/elevenlabs/kannada/kannada_30.mp3
2026-02-27 14:27:07.977029,kannada,ಶಯನಕಕ್ಷೆಯಲ್ಲಿ AC ಅನ್ನು ಆನ್ ಮಾಡಿ।,Sarvam,3.0373289585113525,Success,../outputs/sarvam/kannada/kannada_30.wav
2026-02-27 14:27:12.260876,kannada,ಶಯನಕಕ್ಷೆಯ AC ನಲ್ಲಿ ತಾಪಮಾನವನ್ನು 18 ಡಿಗ್ರಿಗೆ ಹೊಂದಿಸಿ।,ElevenLabs,1.8944993019104004,Success,../outputs/elevenlabs/kannada/kannada_31.mp3
2026-02-27 14:27:12.260876,kannada,ಶಯನಕಕ್ಷೆಯ AC ನಲ್ಲಿ ತಾಪಮಾನವನ್ನು 18 ಡಿಗ್ರಿಗೆ ಹೊಂದಿಸಿ।,Sarvam,4.137856483459473,Success,../outputs/sarvam/kannada/kannada_31.wav
2026-02-27 14:27:18.299160,kannada,ಶಯನಕಕ್ಷೆಯ AC ನಲ್ಲಿ ಡಿಸ್ಪ್ಲೇ ಮೋಡ್ ಆನ್ ಮಾಡಿ।,ElevenLabs,1.5282299518585205,Success,../outputs/elevenlabs/kannada/kannada_32.mp3
2026-02-27 14:27:18.299160,kannada,ಶಯನಕಕ್ಷೆಯ AC ನಲ್ಲಿ ಡಿಸ್ಪ್ಲೇ ಮೋಡ್ ಆನ್ ಮಾಡಿ।,Sarvam,4.026479721069336,Success,../outputs/sarvam/kannada/kannada_32.wav
2026-02-27 14:27:23.859798,kannada,ಡೈನಿಂಗ್ ರೂಮ್‌ನಲ್ಲಿ AC ಅನ್ನು ಆನ್ ಮಾಡಿ।,ElevenLabs,1.339799165725708,Success,../outputs/elevenlabs/kannada/kannada_33.mp3
2026-02-27 14:27:23.859798,kannada,ಡೈನಿಂಗ್ ರೂಮ್‌ನಲ್ಲಿ AC ಅನ್ನು ಆನ್ ಮಾಡಿ।,Sarvam,1.7265150547027588,Success,../outputs/sarvam/kannada/kannada_33.wav
2026-02-27 14:27:26.932100,kannada,ಆಫೀಸ್ AC 2 ಅನ್ನು ಆನ್ ಮಾಡಿ।,ElevenLabs,1.243415117263794,Success,../outputs/elevenlabs/kannada/kannada_34.mp3
2026-02-27 14:27:26.932100,kannada,ಆಫೀಸ್ AC 2 ಅನ್ನು ಆನ್ ಮಾಡಿ।,Sarvam,1.8524861335754395,Success,../outputs/sarvam/kannada/kannada_34.wav
2026-02-27 14:27:30.033009,kannada,ಶಯನಕಕ್ಷೆಯ AC ನಲ್ಲಿ ಡ್ರೈ ಮೋಡ್ ಹೊಂದಿಸಿ।,ElevenLabs,1.429661750793457,Success,../outputs/elevenlabs/kannada/kannada_35.mp3
2026-02-27 14:27:30.033009,kannada,ಶಯನಕಕ್ಷೆಯ AC ನಲ್ಲಿ ಡ್ರೈ ಮೋಡ್ ಹೊಂದಿಸಿ।,Sarvam,2.670804738998413,Success,../outputs/sarvam/kannada/kannada_35.wav
2026-02-27 14:27:34.150626,kannada,ಶಯನಕಕ್ಷೆಯ AC ನಲ್ಲಿ ಸ್ಲೀಪ್ ಮೋಡ್ ಆನ್ ಮಾಡಿ।,ElevenLabs,2.0023584365844727,Success,../outputs/elevenlabs/kannada/kannada_36.mp3
2026-02-27 14:27:34.150626,kannada,ಶಯನಕಕ್ಷೆಯ AC ನಲ್ಲಿ ಸ್ಲೀಪ್ ಮೋಡ್ ಆನ್ ಮಾಡಿ।,Sarvam,4.068304777145386,Success,../outputs/sarvam/kannada/kannada_36.wav
2026-02-27 14:27:40.245856,kannada,ಶಯನಕಕ್ಷೆಯ AC ನಲ್ಲಿ ವರ್ಟಿಕಲ್ ಸ್ವಿಂಗ್ ಸ್ಥಾನ 5 ಗೆ ಹೊಂದಿಸಿ।,ElevenLabs,1.5249168872833252,Success,../outputs/elevenlabs/kannada/kannada_37.mp3
2026-02-27 14:27:40.245856,kannada,ಶಯನಕಕ್ಷೆಯ AC ನಲ್ಲಿ ವರ್ಟಿಕಲ್ ಸ್ವಿಂಗ್ ಸ್ಥಾನ 5 ಗೆ ಹೊಂದಿಸಿ।,Sarvam,3.15446138381958,Success,../outputs/sarvam/kannada/kannada_37.wav
2026-02-27 14:27:44.930223,kannada,ಶಯನಕಕ್ಷೆಯ AC ನಲ್ಲಿ ಸ್ಕೈ ಹೈ ಕಲರ್ ಆನ್ ಮಾಡಿ।,ElevenLabs,1.6105856895446777,Success,../outputs/elevenlabs/kannada/kannada_38.mp3
2026-02-27 14:27:44.930223,kannada,ಶಯನಕಕ್ಷೆಯ AC ನಲ್ಲಿ ಸ್ಕೈ ಹೈ ಕಲರ್ ಆನ್ ಮಾಡಿ।,Sarvam,10.157683849334717,Success,../outputs/sarvam/kannada/kannada_38.wav
2026-02-27 14:27:56.706485,kannada,ಲಿವಿಂಗ್ ರೂಮ್ AC 2 ಅನ್ನು ಆನ್ ಮಾಡಿ ಮತ್ತು ಅದರ ಹಾರಿಜಾಂಟಲ್ ಸ್ವಿಂಗ್ ಸ್ಥಾನ 2 ಗೆ ಹೊಂದಿಸಿ।,ElevenLabs,2.3075098991394043,Success,../outputs/elevenlabs/kannada/kannada_39.mp3
2026-02-27 14:27:56.706485,kannada,ಲಿವಿಂಗ್ ರೂಮ್ AC 2 ಅನ್ನು ಆನ್ ಮಾಡಿ ಮತ್ತು ಅದರ ಹಾರಿಜಾಂಟಲ್ ಸ್ವಿಂಗ್ ಸ್ಥಾನ 2 ಗೆ ಹೊಂದಿಸಿ।,Sarvam,3.238546133041382,Success,../outputs/sarvam/kannada/kannada_39.wav
2026-02-27 14:28:02.258459,kannada,ಲಿವಿಂಗ್ ರೂಮ್ AC 2 ನಲ್ಲಿ ಟರ್ಬೋ ಮೋಡ್ ಆನ್ ಮಾಡಿ।,ElevenLabs,1.9336555004119873,Success,../outputs/elevenlabs/kannada/kannada_40.mp3
2026-02-27 14:28:02.258459,kannada,ಲಿವಿಂಗ್ ರೂಮ್ AC 2 ನಲ್ಲಿ ಟರ್ಬೋ ಮೋಡ್ ಆನ್ ಮಾಡಿ।,Sarvam,4.31304144859314,Success,../outputs/sarvam/kannada/kannada_40.wav
2026-02-27 14:28:08.517254,kannada,ಶಯನಕಕ್ಷೆಯ AC ನಲ್ಲಿ ಚೈಲ್ಡ್ ಲಾಕ್ ಆನ್ ಮಾಡಿ।,ElevenLabs,1.3088054656982422,Success,../outputs/elevenlabs/kannada/kannada_41.mp3
2026-02-27 14:28:08.517254,kannada,ಶಯನಕಕ್ಷೆಯ AC ನಲ್ಲಿ ಚೈಲ್ಡ್ ಲಾಕ್ ಆನ್ ಮಾಡಿ।,Sarvam,2.8534762859344482,Success,../outputs/sarvam/kannada/kannada_41.wav
2026-02-27 14:28:12.689479,kannada,ಆಫೀಸ್ AC 2 ನಲ್ಲಿ ಫ್ಯಾನ್ ವೇಗವನ್ನು ಹೈ ಗೆ ಹೊಂದಿಸಿ।,ElevenLabs,1.6370470523834229,Success,../outputs/elevenlabs/kannada/kannada_42.mp3
2026-02-27 14:28:12.689479,kannada,ಆಫೀಸ್ AC 2 ನಲ್ಲಿ ಫ್ಯಾನ್ ವೇಗವನ್ನು ಹೈ ಗೆ ಹೊಂದಿಸಿ।,Sarvam,2.818424940109253,Success,../outputs/sarvam/kannada/kannada_42.wav
2026-02-27 14:28:17.150935,kannada,ಶಯನಕಕ್ಷೆಯ AC ನಲ್ಲಿ ಹಾರಿಜಾಂಟಲ್ ಸ್ವಿಂಗ್ ಅನ್ನು ಆಟೋಗೆ ಹೊಂದಿಸಿ।,ElevenLabs,2.142996072769165,Success,../outputs/elevenlabs/kannada/kannada_43.mp3
2026-02-27 14:28:17.150935,kannada,ಶಯನಕಕ್ಷೆಯ AC ನಲ್ಲಿ ಹಾರಿಜಾಂಟಲ್ ಸ್ವಿಂಗ್ ಅನ್ನು ಆಟೋಗೆ ಹೊಂದಿಸಿ।,Sarvam,2.6638762950897217,Success,../outputs/sarvam/kannada/kannada_43.wav
2026-02-27 14:28:21.966167,kannada,ಲಿವಿಂಗ್ ರೂಮ್ AC 2 ನಲ್ಲಿ ತಾಪಮಾನವನ್ನು 30 ಡಿಗ್ರಿಗೆ ಹೊಂದಿಸಿ।,ElevenLabs,2.961252212524414,Success,../outputs/elevenlabs/kannada/kannada_44.mp3
2026-02-27 14:28:21.966167,kannada,ಲಿವಿಂಗ್ ರೂಮ್ AC 2 ನಲ್ಲಿ ತಾಪಮಾನವನ್ನು 30 ಡಿಗ್ರಿಗೆ ಹೊಂದಿಸಿ।,Sarvam,3.628710985183716,Success,../outputs/sarvam/kannada/kannada_44.wav
2026-02-27 14:28:28.563166,kannada,ಯೋಗ ರೂಮ್ AC 1 ಅನ್ನು ಆನ್ ಮಾಡಿ ಮತ್ತು ಅದರ ಸ್ವಿಚ್ ಆಫ್ ಟೈಮರ್ 20 ನಿಮಿಷಗಳಿಗೆ ಹೊಂದಿಸಿ।,ElevenLabs,1.7325234413146973,Success,../outputs/elevenlabs/kannada/kannada_45.mp3
2026-02-27 14:28:28.563166,kannada,ಯೋಗ ರೂಮ್ AC 1 ಅನ್ನು ಆನ್ ಮಾಡಿ ಮತ್ತು ಅದರ ಸ್ವಿಚ್ ಆಫ್ ಟೈಮರ್ 20 ನಿಮಿಷಗಳಿಗೆ ಹೊಂದಿಸಿ।,Sarvam,4.712926626205444,Success,../outputs/sarvam/kannada/kannada_45.wav
2026-02-27 14:28:35.015675,kannada,ಯೋಗ ರೂಮ್ AC 1 ನಲ್ಲಿ ಹ್ಯೂಮಿಕಾನ್ ಮೋಡ್ ಆನ್ ಮಾಡಿ।,ElevenLabs,1.5567150115966797,Success,../outputs/elevenlabs/kannada/kannada_46.mp3
2026-02-27 14:28:35.015675,kannada,ಯೋಗ ರೂಮ್ AC 1 ನಲ್ಲಿ ಹ್ಯೂಮಿಕಾನ್ ಮೋಡ್ ಆನ್ ಮಾಡಿ।,Sarvam,6.123724699020386,Success,../outputs/sarvam/kannada/kannada_46.wav
2026-02-27 14:28:42.703040,kannada,ಶಯನಕಕ್ಷೆಯ AC ನಲ್ಲಿ ಚೈಲ್ಡ್ ಲಾಕ್ ಮೋಡ್ ಆಫ್ ಮಾಡಿ।,ElevenLabs,2.2839391231536865,Success,../outputs/elevenlabs/kannada/kannada_47.mp3
2026-02-27 14:28:42.703040,kannada,ಶಯನಕಕ್ಷೆಯ AC ನಲ್ಲಿ ಚೈಲ್ಡ್ ಲಾಕ್ ಮೋಡ್ ಆಫ್ ಮಾಡಿ।,Sarvam,2.070012092590332,Success,../outputs/sarvam/kannada/kannada_47.wav
2026-02-27 14:28:47.063008,kannada,ಶಯನಕಕ್ಷೆಯ AC ನಲ್ಲಿ ಇಕೊ ಮೋಡ್ ಆನ್ ಮಾಡಿ।,ElevenLabs,1.2838129997253418,Success,../outputs/elevenlabs/kannada/kannada_48.mp3
2026-02-27 14:28:47.063008,kannada,ಶಯನಕಕ್ಷೆಯ AC ನಲ್ಲಿ ಇಕೊ ಮೋಡ್ ಆನ್ ಮಾಡಿ।,Sarvam,1.9438140392303467,Success,../outputs/sarvam/kannada/kannada_48.wav
2026-02-27 14:28:50.299688,kannada,ಶಯನಕಕ್ಷೆಯ AC ನಲ್ಲಿ ಲೈಟ್ ಇಂಟೆನ್ಸಿಟಿ ಲೋ ಗೆ ಹೊಂದಿಸಿ।,ElevenLabs,1.5791387557983398,Success,../outputs/elevenlabs/kannada/kannada_49.mp3
2026-02-27 14:28:50.299688,kannada,ಶಯನಕಕ್ಷೆಯ AC ನಲ್ಲಿ ಲೈಟ್ ಇಂಟೆನ್ಸಿಟಿ ಲೋ ಗೆ ಹೊಂದಿಸಿ।,Sarvam,6.055845260620117,Success,../outputs/sarvam/kannada/kannada_49.wav
2026-02-27 14:28:57.954674,telugu,లివింగ్ రూమ్ ఎయిర్ ప్యూరిఫైయర్ 1 లో ఫ్యాన్ వేగం 8 గా సెట్ చేయండి।,ElevenLabs,1.9227173328399658,Success,../outputs/elevenlabs/telugu/telugu_25.mp3
2026-02-27 14:28:57.954674,telugu,లివింగ్ రూమ్ ఎయిర్ ప్యూరిఫైయర్ 1 లో ఫ్యాన్ వేగం 8 గా సెట్ చేయండి।,Sarvam,14.23447561264038,Success,../outputs/sarvam/telugu/telugu_25.wav
2026-02-27 14:29:14.134756,telugu,లివింగ్ రూమ్ ఎయిర్ ప్యూరిఫైయర్ 1 ను ఆఫ్ చేయండి।,ElevenLabs,1.8091259002685547,Success,../outputs/elevenlabs/telugu/telugu_26.mp3
2026-02-27 14:29:14.134756,telugu,లివింగ్ రూమ్ ఎయిర్ ప్యూరిఫైయర్ 1 ను ఆఫ్ చేయండి।,Sarvam,5.832894802093506,Success,../outputs/sarvam/telugu/telugu_26.wav
2026-02-27 14:29:21.782285,telugu,లివింగ్ రూమ్ ఎయిర్ ప్యూరిఫైయర్ 1 ను ఆఫ్ చేయండి।,ElevenLabs,1.8365232944488525,Success,../outputs/elevenlabs/telugu/telugu_27.mp3
2026-02-27 14:29:21.782285,telugu,లివింగ్ రూమ్ ఎయిర్ ప్యూరిఫైయర్ 1 ను ఆఫ్ చేయండి।,Sarvam,3.063750982284546,Success,../outputs/sarvam/telugu/telugu_27.wav
2026-02-27 14:29:26.691487,telugu,లివింగ్ రూమ్ ఎయిర్ ప్యూరిఫైయర్ 1 లో ఫ్యాన్ వేగం 2 గా సెట్ చేయండి।,ElevenLabs,2.231060028076172,Success,../outputs/elevenlabs/telugu/telugu_28.mp3
2026-02-27 14:29:26.691487,telugu,లివింగ్ రూమ్ ఎయిర్ ప్యూరిఫైయర్ 1 లో ఫ్యాన్ వేగం 2 గా సెట్ చేయండి।,Sarvam,5.84626579284668,Success,../outputs/sarvam/telugu/telugu_28.wav
2026-02-27 14:29:34.779801,telugu,నా పడకగదిలో ఏ పరికరాలు ఉన్నాయి?,ElevenLabs,1.2533860206604004,Success,../outputs/elevenlabs/telugu/telugu_29.mp3
2026-02-27 14:29:34.779801,telugu,నా పడకగదిలో ఏ పరికరాలు ఉన్నాయి?,Sarvam,2.9908690452575684,Success,../outputs/sarvam/telugu/telugu_29.wav
2026-02-27 14:29:39.029479,telugu,పడకగదిలో AC ను ఆన్ చేయండి।,ElevenLabs,1.3300597667694092,Success,../outputs/elevenlabs/telugu/telugu_30.mp3
2026-02-27 14:29:39.029479,telugu,పడకగదిలో AC ను ఆన్ చేయండి।,Sarvam,2.239642381668091,Success,../outputs/sarvam/telugu/telugu_30.wav
2026-02-27 14:29:42.606227,telugu,పడకగది AC లో ఉష్ణోగ్రత 18 డిగ్రీలకు సెట్ చేయండి।,ElevenLabs,2.781231164932251,Success,../outputs/elevenlabs/telugu/telugu_31.mp3
2026-02-27 14:29:42.606227,telugu,పడకగది AC లో ఉష్ణోగ్రత 18 డిగ్రీలకు సెట్ చేయండి।,Sarvam,8.624890089035034,Success,../outputs/sarvam/telugu/telugu_31.wav
2026-02-27 14:29:54.024496,telugu,పడకగది AC లో డిస్‌ప్లే మోడ్ ఆన్ చేయండి।,ElevenLabs,2.0550014972686768,Success,../outputs/elevenlabs/telugu/telugu_32.mp3
2026-02-27 14:29:54.024496,telugu,పడకగది AC లో డిస్‌ప్లే మోడ్ ఆన్ చేయండి।,Sarvam,5.986345052719116,Success,../outputs/sarvam/telugu/telugu_32.wav
2026-02-27 14:30:02.072837,telugu,డైనింగ్ రూమ్ లో AC ను ఆన్ చేయండి।,ElevenLabs,1.4673426151275635,Success,../outputs/elevenlabs/telugu/telugu_33.mp3
2026-02-27 14:30:02.072837,telugu,డైనింగ్ రూమ్ లో AC ను ఆన్ చేయండి।,Sarvam,9.865368366241455,Success,../outputs/sarvam/telugu/telugu_33.wav
2026-02-27 14:30:13.412534,telugu,ఆఫీస్ AC 2 ను ఆన్ చేయండి।,ElevenLabs,2.449584484100342,Success,../outputs/elevenlabs/telugu/telugu_34.mp3
2026-02-27 14:30:13.412534,telugu,ఆఫీస్ AC 2 ను ఆన్ చేయండి।,Sarvam,11.365695476531982,Success,../outputs/sarvam/telugu/telugu_34.wav
2026-02-27 14:30:27.240681,telugu,పడకగది AC లో డ్రై మోడ్ సెట్ చేయండి।,ElevenLabs,1.6646318435668945,Success,../outputs/elevenlabs/telugu/telugu_35.mp3
2026-02-27 14:30:27.240681,telugu,పడకగది AC లో డ్రై మోడ్ సెట్ చేయండి।,Sarvam,5.379034757614136,Success,../outputs/sarvam/telugu/telugu_35.wav
2026-02-27 14:30:34.296345,telugu,పడకగది AC లో స్లీప్ మోడ్ ఆన్ చేయండి।,ElevenLabs,4.234593629837036,Success,../outputs/elevenlabs/telugu/telugu_36.mp3
2026-02-27 14:30:34.296345,telugu,పడకగది AC లో స్లీప్ మోడ్ ఆన్ చేయండి।,Sarvam,4.169372320175171,Success,../outputs/sarvam/telugu/telugu_36.wav
2026-02-27 14:30:42.707259,telugu,పడకగది AC లో వెర్టికల్ స్వింగ్ ను స్థానం 5 కు సెట్ చేయండి।,ElevenLabs,2.6769959926605225,Success,../outputs/elevenlabs/telugu/telugu_37.mp3
2026-02-27 14:30:42.707259,telugu,పడకగది AC లో వెర్టికల్ స్వింగ్ ను స్థానం 5 కు సెట్ చేయండి।,Sarvam,12.75702691078186,Success,../outputs/sarvam/telugu/telugu_37.wav
2026-02-27 14:30:58.153194,telugu,పడకగది AC లో స్కై హై కలర్ ఆన్ చేయండి।,ElevenLabs,1.5836939811706543,Success,../outputs/elevenlabs/telugu/telugu_38.mp3
2026-02-27 14:30:58.153194,telugu,పడకగది AC లో స్కై హై కలర్ ఆన్ చేయండి।,Sarvam,17.403969049453735,Success,../outputs/sarvam/telugu/telugu_38.wav
2026-02-27 14:31:17.150855,telugu,లివింగ్ రూమ్ AC 2 ను ఆన్ చేసి దాని హారిజాంటల్ స్వింగ్ ను స్థానం 2 కు సెట్ చేయండి।,ElevenLabs,2.8016469478607178,Success,../outputs/elevenlabs/telugu/telugu_39.mp3
2026-02-27 14:31:17.150855,telugu,లివింగ్ రూమ్ AC 2 ను ఆన్ చేసి దాని హారిజాంటల్ స్వింగ్ ను స్థానం 2 కు సెట్ చేయండి।,Sarvam,23.95193886756897,Success,../outputs/sarvam/telugu/telugu_39.wav
2026-02-27 14:31:43.916458,telugu,లివింగ్ రూమ్ AC 2 లో టర్బో మోడ్ ఆన్ చేయండి।,ElevenLabs,1.5183539390563965,Success,../outputs/elevenlabs/telugu/telugu_40.mp3
2026-02-27 14:31:43.916458,telugu,లివింగ్ రూమ్ AC 2 లో టర్బో మోడ్ ఆన్ చేయండి।,Sarvam,9.93019962310791,Success,../outputs/sarvam/telugu/telugu_40.wav
2026-02-27 14:31:55.386106,telugu,పడకగది AC లో చైల్డ్ లాక్ ఆన్ చేయండి।,ElevenLabs,2.456367015838623,Success,../outputs/elevenlabs/telugu/telugu_41.mp3
2026-02-27 14:31:55.386106,telugu,పడకగది AC లో చైల్డ్ లాక్ ఆన్ చేయండి।,Sarvam,7.835216760635376,Success,../outputs/sarvam/telugu/telugu_41.wav
2026-02-27 14:32:05.699479,telugu,ఆఫీస్ AC 2 లో ఫ్యాన్ వేగం హై గా సెట్ చేయండి।,ElevenLabs,1.9646093845367432,Success,../outputs/elevenlabs/telugu/telugu_42.mp3
2026-02-27 14:32:05.699479,telugu,ఆఫీస్ AC 2 లో ఫ్యాన్ వేగం హై గా సెట్ చేయండి।,Sarvam,10.449806690216064,Success,../outputs/sarvam/telugu/telugu_42.wav
2026-02-27 14:32:18.120900,telugu,పడకగది AC లో హారిజాంటల్ స్వింగ్ ను ఆటోగా సెట్ చేయండి।,ElevenLabs,3.5853734016418457,Success,../outputs/elevenlabs/telugu/telugu_43.mp3
2026-02-27 14:32:28.062358,telugu,పడకగది AC లో హారిజాంటల్ స్వింగ్ ను ఆటోగా సెట్ చేయండి।,ElevenLabs,1.9685304164886475,Success,../outputs/elevenlabs/telugu/telugu_43.mp3
2026-02-27 14:32:28.062358,telugu,పడకగది AC లో హారిజాంటల్ స్వింగ్ ను ఆటోగా సెట్ చేయండి।,Sarvam,3.580221652984619,Success,../outputs/sarvam/telugu/telugu_43.wav
2026-02-27 14:32:33.617049,telugu,లివింగ్ రూమ్ AC 2 లో ఉష్ణోగ్రత 30 డిగ్రీలకు సెట్ చేయండి।,ElevenLabs,1.9865736961364746,Success,../outputs/elevenlabs/telugu/telugu_44.mp3
2026-02-27 14:32:33.617049,telugu,లివింగ్ రూమ్ AC 2 లో ఉష్ణోగ్రత 30 డిగ్రీలకు సెట్ చేయండి।,Sarvam,17.047401189804077,Success,../outputs/sarvam/telugu/telugu_44.wav
2026-02-27 14:32:52.663278,telugu,యోగ రూమ్ AC 1 ను ఆన్ చేసి దాని స్విచ్ ఆఫ్ టైమర్ ను 20 నిమిషాలకు సెట్ చేయండి।,ElevenLabs,4.075971841812134,Success,../outputs/elevenlabs/telugu/telugu_45.mp3
2026-02-27 14:32:52.663278,telugu,యోగ రూమ్ AC 1 ను ఆన్ చేసి దాని స్విచ్ ఆఫ్ టైమర్ ను 20 నిమిషాలకు సెట్ చేయండి।,Sarvam,4.196577072143555,Success,../outputs/sarvam/telugu/telugu_45.wav
2026-02-27 14:33:00.948835,telugu,యోగ రూమ్ AC 1 లో హ్యూమికాన్ మోడ్ ఆన్ చేయండి।,ElevenLabs,1.8500316143035889,Success,../outputs/elevenlabs/telugu/telugu_46.mp3
2026-02-27 14:33:00.948835,telugu,యోగ రూమ్ AC 1 లో హ్యూమికాన్ మోడ్ ఆన్ చేయండి।,Sarvam,10.702168226242065,Success,../outputs/sarvam/telugu/telugu_46.wav
2026-02-27 14:33:13.513645,telugu,పడకగది AC లో చైల్డ్ లాక్ మోడ్ ఆఫ్ చేయండి।,ElevenLabs,2.3136496543884277,Success,../outputs/elevenlabs/telugu/telugu_47.mp3
2026-02-27 14:33:13.513645,telugu,పడకగది AC లో చైల్డ్ లాక్ మోడ్ ఆఫ్ చేయండి।,Sarvam,7.992632865905762,Success,../outputs/sarvam/telugu/telugu_47.wav
2026-02-27 14:33:23.825076,telugu,పడకగది AC లో ఈకో మోడ్ ఆన్ చేయండి।,ElevenLabs,1.7719714641571045,Success,../outputs/elevenlabs/telugu/telugu_48.mp3
2026-02-27 14:33:23.825076,telugu,పడకగది AC లో ఈకో మోడ్ ఆన్ చేయండి।,Sarvam,4.297513008117676,Success,../outputs/sarvam/telugu/telugu_48.wav
2026-02-27 14:33:29.900453,telugu,పడకగది AC లో లైట్ ఇన్‌టెన్సిటీ లో గా సెట్ చేయండి।,ElevenLabs,2.240908145904541,Success,../outputs/elevenlabs/telugu/telugu_49.mp3
2026-02-27 14:33:29.900453,telugu,పడకగది AC లో లైట్ ఇన్‌టెన్సిటీ లో గా సెట్ చేయండి।,Sarvam,16.55031704902649,Success,../outputs/sarvam/telugu/telugu_49.wav
2026-02-27 14:33:48.707721,malayalam,ലിവിംഗ് റൂം എയർ പ്യൂരിഫയർ 1 ൽ ഫാൻ വേഗം 8 ആയി സജ്ജീകരിക്കുക।,ElevenLabs,2.784550666809082,Success,../outputs/elevenlabs/malayalam/malayalam_25.mp3
2026-02-27 14:33:48.707721,malayalam,ലിവിംഗ് റൂം എയർ പ്യൂരിഫയർ 1 ൽ ഫാൻ വേഗം 8 ആയി സജ്ജീകരിക്കുക।,Sarvam,7.500718116760254,Success,../outputs/sarvam/malayalam/malayalam_25.wav
2026-02-27 14:33:59.001970,malayalam,ലിവിംഗ് റൂം എയർ പ്യൂരിഫയർ 1 ഓഫ് ചെയ്യുക।,ElevenLabs,1.5425996780395508,Success,../outputs/elevenlabs/malayalam/malayalam_26.mp3
2026-02-27 14:33:59.001970,malayalam,ലിവിംഗ് റൂം എയർ പ്യൂരിഫയർ 1 ഓഫ് ചെയ്യുക।,Sarvam,9.096214294433594,Success,../outputs/sarvam/malayalam/malayalam_26.wav
2026-02-27 14:34:09.651853,malayalam,ലിവിംഗ് റൂം എയർ പ്യൂരിഫയർ 1 ഓഫ് ചെയ്യുക।,ElevenLabs,1.9870691299438477,Success,../outputs/elevenlabs/malayalam/malayalam_27.mp3
2026-02-27 14:34:09.651853,malayalam,ലിവിംഗ് റൂം എയർ പ്യൂരിഫയർ 1 ഓഫ് ചെയ്യുക।,Sarvam,3.821319818496704,Success,../outputs/sarvam/malayalam/malayalam_27.wav
2026-02-27 14:34:15.472257,malayalam,ലിവിംഗ് റൂം എയർ പ്യൂരിഫയർ 1 ൽ ഫാൻ വേഗം 2 ആയി സജ്ജീകരിക്കുക।,ElevenLabs,3.078174352645874,Success,../outputs/elevenlabs/malayalam/malayalam_28.mp3
2026-02-27 14:34:15.472257,malayalam,ലിവിംഗ് റൂം എയർ പ്യൂരിഫയർ 1 ൽ ഫാൻ വേഗം 2 ആയി സജ്ജീകരിക്കുക।,Sarvam,28.875019788742065,Success,../outputs/sarvam/malayalam/malayalam_28.wav
2026-02-27 14:34:47.433008,malayalam,എന്റെ കിടപ്പുമുറിയിൽ ഏത് ഉപകരണങ്ങളുണ്ട്?,ElevenLabs,2.016883373260498,Success,../outputs/elevenlabs/malayalam/malayalam_29.mp3
2026-02-27 14:34:47.433008,malayalam,എന്റെ കിടപ്പുമുറിയിൽ ഏത് ഉപകരണങ്ങളുണ്ട്?,Sarvam,12.8117196559906,Success,../outputs/sarvam/malayalam/malayalam_29.wav
2026-02-27 14:35:02.274641,malayalam,കിടപ്പുമുറിയിൽ AC ഓൺ ചെയ്യുക।,ElevenLabs,1.5525856018066406,Success,../outputs/elevenlabs/malayalam/malayalam_30.mp3
2026-02-27 14:35:02.274641,malayalam,കിടപ്പുമുറിയിൽ AC ഓൺ ചെയ്യുക।,Sarvam,8.69348430633545,Success,../outputs/sarvam/malayalam/malayalam_30.wav
2026-02-27 14:35:12.525670,malayalam,കിടപ്പുമുറി AC ൽ താപനില 18 ഡിഗ്രിയായി സജ്ജീകരിക്കുക।,ElevenLabs,2.438175916671753,Success,../outputs/elevenlabs/malayalam/malayalam_31.mp3
2026-02-27 14:35:12.525670,malayalam,കിടപ്പുമുറി AC ൽ താപനില 18 ഡിഗ്രിയായി സജ്ജീകരിക്കുക।,Sarvam,35.53131413459778,Success,../outputs/sarvam/malayalam/malayalam_31.wav
2026-02-27 14:35:50.507200,malayalam,കിടപ്പുമുറി AC ൽ ഡിസ്പ്ലേ മോഡ് ഓൺ ചെയ്യുക।,ElevenLabs,3.5218403339385986,Success,../outputs/elevenlabs/malayalam/malayalam_32.mp3
2026-02-27 14:35:50.507200,malayalam,കിടപ്പുമുറി AC ൽ ഡിസ്പ്ലേ മോഡ് ഓൺ ചെയ്യുക।,Sarvam,11.126394271850586,Success,../outputs/sarvam/malayalam/malayalam_32.wav
2026-02-27 14:36:05.166450,malayalam,ഡൈനിംഗ് റൂമിൽ AC ഓൺ ചെയ്യുക।,ElevenLabs,2.869516372680664,Success,../outputs/elevenlabs/malayalam/malayalam_33.mp3
2026-02-27 14:36:05.166450,malayalam,ഡൈനിംഗ് റൂമിൽ AC ഓൺ ചെയ്യുക।,Sarvam,10.326351165771484,Success,../outputs/sarvam/malayalam/malayalam_33.wav
2026-02-27 14:36:18.373723,malayalam,ഓഫീസ് AC 2 ഓൺ ചെയ്യുക।,ElevenLabs,2.655313730239868,Success,../outputs/elevenlabs/malayalam/malayalam_34.mp3
2026-02-27 14:36:18.373723,malayalam,ഓഫീസ് AC 2 ഓൺ ചെയ്യുക।,Sarvam,6.977977514266968,Success,../outputs/sarvam/malayalam/malayalam_34.wav
2026-02-27 14:36:28.016935,malayalam,കിടപ്പുമുറി AC ൽ ഡ്രൈ മോഡ് സജ്ജീകരിക്കുക।,ElevenLabs,5.882138013839722,Success,../outputs/elevenlabs/malayalam/malayalam_35.mp3
2026-02-27 14:36:28.016935,malayalam,കിടപ്പുമുറി AC ൽ ഡ്രൈ മോഡ് സജ്ജീകരിക്കുക।,Sarvam,4.999717950820923,Success,../outputs/sarvam/malayalam/malayalam_35.wav
2026-02-27 14:36:38.933747,malayalam,കിടപ്പുമുറി AC ൽ സ്ലീപ് മോഡ് ഓൺ ചെയ്യുക।,ElevenLabs,1.842970848083496,Success,../outputs/elevenlabs/malayalam/malayalam_36.mp3
2026-02-27 14:36:38.933747,malayalam,കിടപ്പുമുറി AC ൽ സ്ലീപ് മോഡ് ഓൺ ചെയ്യുക।,Sarvam,5.436606168746948,Success,../outputs/sarvam/malayalam/malayalam_36.wav
2026-02-27 14:36:46.234473,malayalam,കിടപ്പുമുറി AC ൽ വെർട്ടിക്കൽ സ്വിംഗ് സ്ഥാനം 5 ആയി സജ്ജീകരിക്കുക।,ElevenLabs,6.039831161499023,Success,../outputs/elevenlabs/malayalam/malayalam_37.mp3
2026-02-27 14:36:46.234473,malayalam,കിടപ്പുമുറി AC ൽ വെർട്ടിക്കൽ സ്വിംഗ് സ്ഥാനം 5 ആയി സജ്ജീകരിക്കുക।,Sarvam,17.98545002937317,Success,../outputs/sarvam/malayalam/malayalam_37.wav
2026-02-27 14:37:10.271878,malayalam,കിടപ്പുമുറി AC ൽ സ്കൈ ഹൈ കളർ ഓൺ ചെയ്യുക।,ElevenLabs,1.9307494163513184,Success,../outputs/elevenlabs/malayalam/malayalam_38.mp3
2026-02-27 14:37:10.271878,malayalam,കിടപ്പുമുറി AC ൽ സ്കൈ ഹൈ കളർ ഓൺ ചെയ്യുക।,Sarvam,18.51251721382141,Success,../outputs/sarvam/malayalam/malayalam_38.wav
2026-02-27 14:37:30.723078,malayalam,ലിവിംഗ് റൂം AC 2 ഓൺ ചെയ്ത് അതിന്റെ ഹൊറിസോണ്ടൽ സ്വിംഗ് സ്ഥാനം 2 ആയി സജ്ജീകരിക്കുക।,ElevenLabs,2.2036807537078857,Success,../outputs/elevenlabs/malayalam/malayalam_39.mp3
2026-02-27 14:37:30.723078,malayalam,ലിവിംഗ് റൂം AC 2 ഓൺ ചെയ്ത് അതിന്റെ ഹൊറിസോണ്ടൽ സ്വിംഗ് സ്ഥാനം 2 ആയി സജ്ജീകരിക്കുക।,Sarvam,17.491899013519287,Success,../outputs/sarvam/malayalam/malayalam_39.wav
2026-02-27 14:37:50.424731,malayalam,ലിവിംഗ് റൂം AC 2 ൽ ടർബോ മോഡ് ഓൺ ചെയ്യുക।,ElevenLabs,1.905543565750122,Success,../outputs/elevenlabs/malayalam/malayalam_40.mp3
2026-02-27 14:37:50.424731,malayalam,ലിവിംഗ് റൂം AC 2 ൽ ടർബോ മോഡ് ഓൺ ചെയ്യുക।,Sarvam,15.203455686569214,Success,../outputs/sarvam/malayalam/malayalam_40.wav
2026-02-27 14:38:07.538707,malayalam,കിടപ്പുമുറി AC ൽ ചൈൽഡ് ലോക്ക് ഓൺ ചെയ്യുക।,ElevenLabs,2.003572702407837,Success,../outputs/elevenlabs/malayalam/malayalam_41.mp3
2026-02-27 14:38:07.538707,malayalam,കിടപ്പുമുറി AC ൽ ചൈൽഡ് ലോക്ക് ഓൺ ചെയ്യുക।,Sarvam,7.790198564529419,Success,../outputs/sarvam/malayalam/malayalam_41.wav
2026-02-27 14:38:17.340002,malayalam,ഓഫീസ് AC 2 ൽ ഫാൻ വേഗം ഹൈ ആയി സജ്ജീകരിക്കുക।,ElevenLabs,2.7167975902557373,Success,../outputs/elevenlabs/malayalam/malayalam_42.mp3
2026-02-27 14:38:17.340002,malayalam,ഓഫീസ് AC 2 ൽ ഫാൻ വേഗം ഹൈ ആയി സജ്ജീകരിക്കുക।,Sarvam,17.178833723068237,Success,../outputs/sarvam/malayalam/malayalam_42.wav
2026-02-27 14:38:37.242612,malayalam,കിടപ്പുമുറി AC ൽ ഹൊറിസോണ്ടൽ സ്വിംഗ് ഓട്ടോ ആയി സജ്ജീകരിക്കുക।,ElevenLabs,1.860978126525879,Success,../outputs/elevenlabs/malayalam/malayalam_43.mp3
2026-02-27 14:38:37.242612,malayalam,കിടപ്പുമുറി AC ൽ ഹൊറിസോണ്ടൽ സ്വിംഗ് ഓട്ടോ ആയി സജ്ജീകരിക്കുക।,Sarvam,8.572456121444702,Success,../outputs/sarvam/malayalam/malayalam_43.wav
2026-02-27 14:38:47.686982,malayalam,ലിവിംഗ് റൂം AC 2 ൽ താപനില 30 ഡിഗ്രിയായി സജ്ജീകരിക്കുക।,ElevenLabs,5.5452892780303955,Success,../outputs/elevenlabs/malayalam/malayalam_44.mp3
2026-02-27 14:38:47.686982,malayalam,ലിവിംഗ് റൂം AC 2 ൽ താപനില 30 ഡിഗ്രിയായി സജ്ജീകരിക്കുക।,Sarvam,10.968364715576172,Success,../outputs/sarvam/malayalam/malayalam_44.wav
2026-02-27 14:39:04.207592,malayalam,യോഗ റൂം AC 1 ഓൺ ചെയ്ത് അതിന്റെ സ്വിച്ച് ഓഫ് ടൈമർ 20 മിനിറ്റായി സജ്ജീകരിക്കുക।,ElevenLabs,2.050226926803589,Success,../outputs/elevenlabs/malayalam/malayalam_45.mp3
2026-02-27 14:39:04.207592,malayalam,യോഗ റൂം AC 1 ഓൺ ചെയ്ത് അതിന്റെ സ്വിച്ച് ഓഫ് ടൈമർ 20 മിനിറ്റായി സജ്ജീകരിക്കുക।,Sarvam,24.30812692642212,Success,../outputs/sarvam/malayalam/malayalam_45.wav
2026-02-27 14:39:30.571946,malayalam,യോഗ റൂം AC 1 ൽ ഹ്യൂമികോൺ മോഡ് ഓൺ ചെയ്യുക।,ElevenLabs,1.8990066051483154,Success,../outputs/elevenlabs/malayalam/malayalam_46.mp3
2026-02-27 14:39:30.571946,malayalam,യോഗ റൂം AC 1 ൽ ഹ്യൂമികോൺ മോഡ് ഓൺ ചെയ്യുക।,Sarvam,14.222007513046265,Success,../outputs/sarvam/malayalam/malayalam_46.wav
2026-02-27 14:39:46.700941,malayalam,കിടപ്പുമുറി AC ൽ ചൈൽഡ് ലോക്ക് മോഡ് ഓഫ് ചെയ്യുക।,ElevenLabs,1.8054862022399902,Success,../outputs/elevenlabs/malayalam/malayalam_47.mp3
2026-02-27 14:39:46.700941,malayalam,കിടപ്പുമുറി AC ൽ ചൈൽഡ് ലോക്ക് മോഡ് ഓഫ് ചെയ്യുക।,Sarvam,12.1009521484375,Success,../outputs/sarvam/malayalam/malayalam_47.wav
2026-02-27 14:40:00.617379,malayalam,കിടപ്പുമുറി AC ൽ ഇക്കോ മോഡ് ഓൺ ചെയ്യുക।,ElevenLabs,2.3768038749694824,Success,../outputs/elevenlabs/malayalam/malayalam_48.mp3
2026-02-27 14:40:00.617379,malayalam,കിടപ്പുമുറി AC ൽ ഇക്കോ മോഡ് ഓൺ ചെയ്യുക।,Sarvam,7.923050403594971,Success,../outputs/sarvam/malayalam/malayalam_48.wav
2026-02-27 14:40:10.925288,malayalam,കിടപ്പുമുറി AC ൽ ലൈറ്റ് ഇന്റൻസിറ്റി ലോ ആയി സജ്ജീകരിക്കുക।,ElevenLabs,2.5860354900360107,Success,../outputs/elevenlabs/malayalam/malayalam_49.mp3
2026-02-27 14:40:10.925288,malayalam,കിടപ്പുമുറി AC ൽ ലൈറ്റ് ഇന്റൻസിറ്റി ലോ ആയി സജ്ജീകരിക്കുക।,Sarvam,7.403765916824341,Success,../outputs/sarvam/malayalam/malayalam_49.wav
2026-02-27 14:40:20.927189,gujarati,લિવિંગ રૂમ એર પ્યુરિફાયર 1 માં ફેન ઝડપ 8 સેટ કરો।,ElevenLabs,6.365756273269653,Success,../outputs/elevenlabs/gujarati/gujarati_25.mp3
2026-02-27 14:40:20.927189,gujarati,લિવિંગ રૂમ એર પ્યુરિફાયર 1 માં ફેન ઝડપ 8 સેટ કરો।,Sarvam,19.989105939865112,Success,../outputs/sarvam/gujarati/gujarati_25.wav
2026-02-27 14:40:47.287957,gujarati,લિવિંગ રૂમ એર પ્યુરિફાયર 1 બંધ કરો।,ElevenLabs,1.746647834777832,Success,../outputs/elevenlabs/gujarati/gujarati_26.mp3
2026-02-27 14:40:47.287957,gujarati,લિવિંગ રૂમ એર પ્યુરિફાયર 1 બંધ કરો।,Sarvam,7.647758960723877,Success,../outputs/sarvam/gujarati/gujarati_26.wav
2026-02-27 14:40:56.692467,gujarati,લિવિંગ રૂમ એર પ્યુરિફાયર 1 બંધ કરો।,ElevenLabs,1.63761305809021,Success,../outputs/elevenlabs/gujarati/gujarati_27.mp3
2026-02-27 14:40:56.692467,gujarati,લિવિંગ રૂમ એર પ્યુરિફાયર 1 બંધ કરો।,Sarvam,3.4175593852996826,Success,../outputs/sarvam/gujarati/gujarati_27.wav
2026-02-27 14:41:01.756511,gujarati,લિવિંગ રૂમ એર પ્યુરિફાયર 1 માં ફેન ઝડપ 2 સેટ કરો।,ElevenLabs,2.791165351867676,Success,../outputs/elevenlabs/gujarati/gujarati_28.mp3
2026-02-27 14:41:01.756511,gujarati,લિવિંગ રૂમ એર પ્યુરિફાયર 1 માં ફેન ઝડપ 2 સેટ કરો।,Sarvam,11.157605409622192,Success,../outputs/sarvam/gujarati/gujarati_28.wav
2026-02-27 14:41:15.711283,gujarati,મારા શયનખંડમાં કયા ઉપકરણો છે?,ElevenLabs,2.1291661262512207,Success,../outputs/elevenlabs/gujarati/gujarati_29.mp3
2026-02-27 14:41:15.711283,gujarati,મારા શયનખંડમાં કયા ઉપકરણો છે?,Sarvam,7.2039713859558105,Success,../outputs/sarvam/gujarati/gujarati_29.wav
2026-02-27 14:41:25.048443,gujarati,શયનખંડમાં AC ચાલુ કરો।,ElevenLabs,2.516392707824707,Success,../outputs/elevenlabs/gujarati/gujarati_30.mp3
2026-02-27 14:41:25.048443,gujarati,શયનખંડમાં AC ચાલુ કરો।,Sarvam,3.2893199920654297,Success,../outputs/sarvam/gujarati/gujarati_30.wav
2026-02-27 14:41:30.860196,gujarati,શયનખંડના AC માં તાપમાન 18 ડિગ્રી સેટ કરો।,ElevenLabs,2.8565573692321777,Success,../outputs/elevenlabs/gujarati/gujarati_31.mp3
2026-02-27 14:41:30.860196,gujarati,શયનખંડના AC માં તાપમાન 18 ડિગ્રી સેટ કરો।,Sarvam,7.896873235702515,Success,../outputs/sarvam/gujarati/gujarati_31.wav
2026-02-27 14:41:41.627642,gujarati,શયનખંડના AC માં ડિસ્પ્લે મોડ ચાલુ કરો।,ElevenLabs,1.955657958984375,Success,../outputs/elevenlabs/gujarati/gujarati_32.mp3
2026-02-27 14:41:41.627642,gujarati,શયનખંડના AC માં ડિસ્પ્લે મોડ ચાલુ કરો।,Sarvam,15.64815092086792,Success,../outputs/sarvam/gujarati/gujarati_32.wav
2026-02-27 14:41:59.242478,gujarati,ડાઈનિંગ રૂમમાં AC ચાલુ કરો।,ElevenLabs,1.6253514289855957,Success,../outputs/elevenlabs/gujarati/gujarati_33.mp3
2026-02-27 14:41:59.242478,gujarati,ડાઈનિંગ રૂમમાં AC ચાલુ કરો।,Sarvam,2.692171335220337,Success,../outputs/sarvam/gujarati/gujarati_33.wav
2026-02-27 14:42:03.570092,gujarati,ઓફિસ AC 2 ચાલુ કરો।,ElevenLabs,1.7410154342651367,Success,../outputs/elevenlabs/gujarati/gujarati_34.mp3
2026-02-27 14:42:03.570092,gujarati,ઓફિસ AC 2 ચાલુ કરો।,Sarvam,5.302238941192627,Success,../outputs/sarvam/gujarati/gujarati_34.wav
2026-02-27 14:42:10.625405,gujarati,શયનખંડના AC માં ડ્રાય મોડ સેટ કરો।,ElevenLabs,2.6305198669433594,Success,../outputs/elevenlabs/gujarati/gujarati_35.mp3
2026-02-27 14:42:10.625405,gujarati,શયનખંડના AC માં ડ્રાય મોડ સેટ કરો।,Sarvam,13.553239107131958,Success,../outputs/sarvam/gujarati/gujarati_35.wav
2026-02-27 14:42:26.838760,gujarati,શયનખંડના AC માં સ્લીપ મોડ ચાલુ કરો।,ElevenLabs,1.9865238666534424,Success,../outputs/elevenlabs/gujarati/gujarati_36.mp3
2026-02-27 14:42:26.838760,gujarati,શયનખંડના AC માં સ્લીપ મોડ ચાલુ કરો।,Sarvam,12.571892261505127,Success,../outputs/sarvam/gujarati/gujarati_36.wav
2026-02-27 14:42:41.424547,gujarati,શયનખંડના AC માં વર્ટિકલ સ્વિંગ સ્થિતિ 5 પર સેટ કરો।,ElevenLabs,1.712695837020874,Success,../outputs/elevenlabs/gujarati/gujarati_37.mp3
2026-02-27 14:42:41.424547,gujarati,શયનખંડના AC માં વર્ટિકલ સ્વિંગ સ્થિતિ 5 પર સેટ કરો।,Sarvam,11.448746681213379,Success,../outputs/sarvam/gujarati/gujarati_37.wav
2026-02-27 14:42:54.593924,gujarati,શયનખંડના AC માં સ્કાય હાઈ કલર ચાલુ કરો।,ElevenLabs,2.31211256980896,Success,../outputs/elevenlabs/gujarati/gujarati_38.mp3
2026-02-27 14:42:54.593924,gujarati,શયનખંડના AC માં સ્કાય હાઈ કલર ચાલુ કરો।,Sarvam,2.587336540222168,Success,../outputs/sarvam/gujarati/gujarati_38.wav
2026-02-27 14:42:59.501356,gujarati,લિવિંગ રૂમ AC 2 ચાલુ કરીને તેનું હોરિઝોન્ટલ સ્વિંગ સ્થિતિ 2 પર સેટ કરો।,ElevenLabs,1.9419989585876465,Success,../outputs/elevenlabs/gujarati/gujarati_39.mp3
2026-02-27 14:42:59.501356,gujarati,લિવિંગ રૂમ AC 2 ચાલુ કરીને તેનું હોરિઝોન્ટલ સ્વિંગ સ્થિતિ 2 પર સેટ કરો।,Sarvam,10.019471168518066,Success,../outputs/sarvam/gujarati/gujarati_39.wav
2026-02-27 14:43:11.470802,gujarati,લિવિંગ રૂમ AC 2 માં ટર્બો મોડ ચાલુ કરો।,ElevenLabs,2.7089285850524902,Success,../outputs/elevenlabs/gujarati/gujarati_40.mp3
2026-02-27 14:43:11.470802,gujarati,લિવિંગ રૂમ AC 2 માં ટર્બો મોડ ચાલુ કરો।,Sarvam,3.5153391361236572,Success,../outputs/sarvam/gujarati/gujarati_40.wav
2026-02-27 14:43:17.701820,gujarati,શયનખંડના AC માં ચાઇલ્ડ લોક ચાલુ કરો।,ElevenLabs,1.7492380142211914,Success,../outputs/elevenlabs/gujarati/gujarati_41.mp3
2026-02-27 14:43:17.701820,gujarati,શયનખંડના AC માં ચાઇલ્ડ લોક ચાલુ કરો।,Sarvam,20.709654331207275,Success,../outputs/sarvam/gujarati/gujarati_41.wav
2026-02-27 14:43:40.171814,gujarati,ઓફિસ AC 2 માં ફેન ઝડપ હાઈ સેટ કરો।,ElevenLabs,1.9469830989837646,Success,../outputs/elevenlabs/gujarati/gujarati_42.mp3
2026-02-27 14:43:40.171814,gujarati,ઓફિસ AC 2 માં ફેન ઝડપ હાઈ સેટ કરો।,Sarvam,2.120436668395996,Success,../outputs/sarvam/gujarati/gujarati_42.wav
2026-02-27 14:43:44.252241,gujarati,શયનખંડના AC માં હોરિઝોન્ટલ સ્વિંગ ઓટો પર સેટ કરો।,ElevenLabs,2.530907392501831,Success,../outputs/elevenlabs/gujarati/gujarati_43.mp3
2026-02-27 14:43:44.252241,gujarati,શયનખંડના AC માં હોરિઝોન્ટલ સ્વિંગ ઓટો પર સેટ કરો।,Sarvam,18.554343223571777,Success,../outputs/sarvam/gujarati/gujarati_43.wav
2026-02-27 14:44:05.345524,gujarati,લિવિંગ રૂમ AC 2 માં તાપમાન 30 ડિગ્રી સેટ કરો।,ElevenLabs,1.9595270156860352,Success,../outputs/elevenlabs/gujarati/gujarati_44.mp3
2026-02-27 14:44:05.345524,gujarati,લિવિંગ રૂમ AC 2 માં તાપમાન 30 ડિગ્રી સેટ કરો।,Sarvam,6.409557580947876,Success,../outputs/sarvam/gujarati/gujarati_44.wav
2026-02-27 14:44:13.729610,gujarati,યોગ રૂમ AC 1 ચાલુ કરીને તેનો સ્વિચ ઓફ ટાઈમર 20 મિનિટ પર સેટ કરો।,ElevenLabs,2.478389263153076,Success,../outputs/elevenlabs/gujarati/gujarati_45.mp3
2026-02-27 14:44:13.729610,gujarati,યોગ રૂમ AC 1 ચાલુ કરીને તેનો સ્વિચ ઓફ ટાઈમર 20 મિનિટ પર સેટ કરો।,Sarvam,13.339227676391602,Success,../outputs/sarvam/gujarati/gujarati_45.wav
2026-02-27 14:44:29.558705,gujarati,યોગ રૂમ AC 1 માં હ્યુમિકોન મોડ ચાલુ કરો।,ElevenLabs,2.4822168350219727,Success,../outputs/elevenlabs/gujarati/gujarati_46.mp3
2026-02-27 14:44:29.558705,gujarati,યોગ રૂમ AC 1 માં હ્યુમિકોન મોડ ચાલુ કરો।,Sarvam,9.766425132751465,Success,../outputs/sarvam/gujarati/gujarati_46.wav
2026-02-27 14:44:41.819368,gujarati,શયનખંડના AC માં ચાઇલ્ડ લોક મોડ બંધ કરો।,ElevenLabs,4.932635068893433,Success,../outputs/elevenlabs/gujarati/gujarati_47.mp3
2026-02-27 14:44:41.819368,gujarati,શયનખંડના AC માં ચાઇલ્ડ લોક મોડ બંધ કરો।,Sarvam,10.187170028686523,Success,../outputs/sarvam/gujarati/gujarati_47.wav
2026-02-27 14:44:56.948710,gujarati,શયનખંડના AC માં ઇકો મોડ ચાલુ કરો।,ElevenLabs,1.5526626110076904,Success,../outputs/elevenlabs/gujarati/gujarati_48.mp3
2026-02-27 14:44:56.948710,gujarati,શયનખંડના AC માં ઇકો મોડ ચાલુ કરો।,Sarvam,2.7330613136291504,Success,../outputs/sarvam/gujarati/gujarati_48.wav
2026-02-27 14:45:01.240412,gujarati,શયનખંડના AC માં લાઈટ ઇન્ટેન્સિટી લો સેટ કરો।,ElevenLabs,3.037397861480713,Success,../outputs/elevenlabs/gujarati/gujarati_49.mp3
2026-02-27 14:45:01.240412,gujarati,શયનખંડના AC માં લાઈટ ઇન્ટેન્સિટી લો સેટ કરો।,Sarvam,12.811306953430176,Success,../outputs/sarvam/gujarati/gujarati_49.wav
