timestamp,language,text,model,latency_seconds,status,output_file
2026-02-26 21:14:35.610982,english,Turn on bedroom air purifier 1.,ElevenLabs,0.1440267562866211,"{""detail"":{""status"":""needs_authorization"",""message"":""Neither authorization header nor xi-api-key received, please provide one.""}}",../outputs/elevenlabs/english_0.mp3
2026-02-26 21:14:35.610982,english,Turn on bedroom air purifier 1.,Sarvam,0.1478426456451416,"{""error"":{""message"":""Invalid or missing authentication credentials"",""code"":""invalid_api_key_error"",""request_id"":""20260226_6cfa61d8-cae6-4f18-827f-1e4116f88177""}}",../outputs/sarvam/english_0.wav
2026-02-26 21:14:35.904930,english,Turn on buzzer control in bedroom air purifier 1.,ElevenLabs,0.15041613578796387,"{""detail"":{""status"":""needs_authorization"",""message"":""Neither authorization header nor xi-api-key received, please provide one.""}}",../outputs/elevenlabs/english_1.mp3
2026-02-26 21:14:35.904930,english,Turn on buzzer control in bedroom air purifier 1.,Sarvam,0.14019060134887695,"{""error"":{""message"":""Invalid or missing authentication credentials"",""code"":""invalid_api_key_error"",""request_id"":""20260226_fdf0f598-898e-4797-9cfc-674fae9c6642""}}",../outputs/sarvam/english_1.wav
2026-02-26 21:14:36.198015,english,Set fan speed 4 in bedroom air purifier 1.,ElevenLabs,0.12266802787780762,"{""detail"":{""status"":""needs_authorization"",""message"":""Neither authorization header nor xi-api-key received, please provide one.""}}",../outputs/elevenlabs/english_2.mp3
2026-02-26 21:14:36.198015,english,Set fan speed 4 in bedroom air purifier 1.,Sarvam,0.12898993492126465,"{""error"":{""message"":""Invalid or missing authentication credentials"",""code"":""invalid_api_key_error"",""request_id"":""20260226_77b381cc-d9f4-45d3-8ba3-307c12b42066""}}",../outputs/sarvam/english_2.wav
2026-02-26 21:14:36.451613,english,Set night mode in bedroom air purifier 1.,ElevenLabs,0.14757108688354492,"{""detail"":{""status"":""needs_authorization"",""message"":""Neither authorization header nor xi-api-key received, please provide one.""}}",../outputs/elevenlabs/english_3.mp3
2026-02-26 21:14:36.451613,english,Set night mode in bedroom air purifier 1.,Sarvam,0.15039491653442383,"{""error"":{""message"":""Invalid or missing authentication credentials"",""code"":""invalid_api_key_error"",""request_id"":""20260226_59405512-dfe0-4388-9382-b85a5ae46edd""}}",../outputs/sarvam/english_3.wav
2026-02-26 21:14:36.751592,english,Set switch off timer 60 minutes in bedroom air purifier 1.,ElevenLabs,0.1252589225769043,"{""detail"":{""status"":""needs_authorization"",""message"":""Neither authorization header nor xi-api-key received, please provide one.""}}",../outputs/elevenlabs/english_4.mp3
2026-02-26 21:14:36.751592,english,Set switch off timer 60 minutes in bedroom air purifier 1.,Sarvam,0.14903473854064941,"{""error"":{""message"":""Invalid or missing authentication credentials"",""code"":""invalid_api_key_error"",""request_id"":""20260226_df98f466-11ef-4010-bbf5-78bdea0a2ee2""}}",../outputs/sarvam/english_4.wav
2026-02-26 21:14:37.028392,english,Set ring led brightness to 40 in bedroom air purifier 1.,ElevenLabs,0.13558411598205566,"{""detail"":{""status"":""needs_authorization"",""message"":""Neither authorization header nor xi-api-key received, please provide one.""}}",../outputs/elevenlabs/english_5.mp3
2026-02-26 21:14:37.028392,english,Set ring led brightness to 40 in bedroom air purifier 1.,Sarvam,0.12862300872802734,"{""error"":{""message"":""Invalid or missing authentication credentials"",""code"":""invalid_api_key_error"",""request_id"":""20260226_6936c4e9-81a2-4fb8-bb8f-79b2ea3b2750""}}",../outputs/sarvam/english_5.wav
2026-02-26 21:14:37.294958,english,Turn on turbo mode and turn off buzzer control in bedroom air purifier 1.,ElevenLabs,0.13919758796691895,"{""detail"":{""status"":""needs_authorization"",""message"":""Neither authorization header nor xi-api-key received, please provide one.""}}",../outputs/elevenlabs/english_6.mp3
2026-02-26 21:14:37.294958,english,Turn on turbo mode and turn off buzzer control in bedroom air purifier 1.,Sarvam,0.12412667274475098,"{""error"":{""message"":""Invalid or missing authentication credentials"",""code"":""invalid_api_key_error"",""request_id"":""20260226_bec719cb-c4ce-435c-b70b-b51a54b6f11d""}}",../outputs/sarvam/english_6.wav
2026-02-26 21:14:37.560022,english,Set switch off timer 720 minutes in bedroom air purifier 1.,ElevenLabs,0.12605881690979004,"{""detail"":{""status"":""needs_authorization"",""message"":""Neither authorization header nor xi-api-key received, please provide one.""}}",../outputs/elevenlabs/english_7.mp3
2026-02-26 21:14:37.560022,english,Set switch off timer 720 minutes in bedroom air purifier 1.,Sarvam,0.14236116409301758,"{""error"":{""message"":""Invalid or missing authentication credentials"",""code"":""invalid_api_key_error"",""request_id"":""20260226_edcd6e5c-2a6b-4a97-b812-eb9da14a7453""}}",../outputs/sarvam/english_7.wav
2026-02-26 21:14:37.830682,english,Turn on the air purifier in dining room.,ElevenLabs,0.13301444053649902,"{""detail"":{""status"":""needs_authorization"",""message"":""Neither authorization header nor xi-api-key received, please provide one.""}}",../outputs/elevenlabs/english_8.mp3
2026-02-26 21:14:37.830682,english,Turn on the air purifier in dining room.,Sarvam,0.15746712684631348,"{""error"":{""message"":""Invalid or missing authentication credentials"",""code"":""invalid_api_key_error"",""request_id"":""20260226_b10cb2ca-671d-4aac-8ff8-4617f5528da7""}}",../outputs/sarvam/english_8.wav
2026-02-26 21:14:38.122915,english,What is the status of my bedroom air purifier 1?,ElevenLabs,0.13287019729614258,"{""detail"":{""status"":""needs_authorization"",""message"":""Neither authorization header nor xi-api-key received, please provide one.""}}",../outputs/elevenlabs/english_9.mp3
2026-02-26 21:14:38.122915,english,What is the status of my bedroom air purifier 1?,Sarvam,0.12812185287475586,"{""error"":{""message"":""Invalid or missing authentication credentials"",""code"":""invalid_api_key_error"",""request_id"":""20260226_024de36d-4b46-47ce-9c1b-1df56d782d3a""}}",../outputs/sarvam/english_9.wav
2026-02-26 21:14:38.385851,english,Turn on dining room air purifier 1.,ElevenLabs,0.12761735916137695,"{""detail"":{""status"":""needs_authorization"",""message"":""Neither authorization header nor xi-api-key received, please provide one.""}}",../outputs/elevenlabs/english_10.mp3
2026-02-26 21:14:38.385851,english,Turn on dining room air purifier 1.,Sarvam,0.13179636001586914,"{""error"":{""message"":""Invalid or missing authentication credentials"",""code"":""invalid_api_key_error"",""request_id"":""20260226_c2f19adc-5f30-4471-a900-0b36223eafe5""}}",../outputs/sarvam/english_10.wav
2026-02-26 21:14:38.647918,english,Set ring led brightness 70 in dining room air purifier 1.,ElevenLabs,0.14685440063476562,"{""detail"":{""status"":""needs_authorization"",""message"":""Neither authorization header nor xi-api-key received, please provide one.""}}",../outputs/elevenlabs/english_11.mp3
2026-02-26 21:14:38.647918,english,Set ring led brightness 70 in dining room air purifier 1.,Sarvam,0.15523719787597656,"{""error"":{""message"":""Invalid or missing authentication credentials"",""code"":""invalid_api_key_error"",""request_id"":""20260226_512f36e3-ed28-49fe-95c6-bcd8f042d208""}}",../outputs/sarvam/english_11.wav
2026-02-26 21:14:38.952091,english,Turn on heater power in dining room air purifier 1.,ElevenLabs,0.13680148124694824,"{""detail"":{""status"":""needs_authorization"",""message"":""Neither authorization header nor xi-api-key received, please provide one.""}}",../outputs/elevenlabs/english_12.mp3
2026-02-26 21:14:38.952091,english,Turn on heater power in dining room air purifier 1.,Sarvam,0.15639019012451172,"{""error"":{""message"":""Invalid or missing authentication credentials"",""code"":""invalid_api_key_error"",""request_id"":""20260226_295a49d8-da68-4838-883b-c800c1851d40""}}",../outputs/sarvam/english_12.wav
2026-02-26 21:14:39.247918,english,Set night mode in dining room air purifier 1.,ElevenLabs,0.12667536735534668,"{""detail"":{""status"":""needs_authorization"",""message"":""Neither authorization header nor xi-api-key received, please provide one.""}}",../outputs/elevenlabs/english_13.mp3
2026-02-26 21:14:39.247918,english,Set night mode in dining room air purifier 1.,Sarvam,0.166656494140625,"{""error"":{""message"":""Invalid or missing authentication credentials"",""code"":""invalid_api_key_error"",""request_id"":""20260226_e912c222-1c09-481b-98ed-351c5a4912fc""}}",../outputs/sarvam/english_13.wav
2026-02-26 21:14:39.543522,english,Set switch off timer 180 minutes in dining room air purifier 1.,ElevenLabs,0.12560486793518066,"{""detail"":{""status"":""needs_authorization"",""message"":""Neither authorization header nor xi-api-key received, please provide one.""}}",../outputs/elevenlabs/english_14.mp3
2026-02-26 21:14:39.543522,english,Set switch off timer 180 minutes in dining room air purifier 1.,Sarvam,0.1415266990661621,"{""error"":{""message"":""Invalid or missing authentication credentials"",""code"":""invalid_api_key_error"",""request_id"":""20260226_53d0be3c-b945-40db-b784-90e1c6daba3f""}}",../outputs/sarvam/english_14.wav
2026-02-26 21:14:39.812829,english,Turn on buzzer control in dining room air purifier 1.,ElevenLabs,0.1367945671081543,"{""detail"":{""status"":""needs_authorization"",""message"":""Neither authorization header nor xi-api-key received, please provide one.""}}",../outputs/elevenlabs/english_15.mp3
2026-02-26 21:14:39.812829,english,Turn on buzzer control in dining room air purifier 1.,Sarvam,0.14101338386535645,"{""error"":{""message"":""Invalid or missing authentication credentials"",""code"":""invalid_api_key_error"",""request_id"":""20260226_34250a52-6d8e-4611-877e-51edbe6bc5e4""}}",../outputs/sarvam/english_15.wav
2026-02-26 21:14:40.093087,english,Set fan speed 3 in dining room air purifier 1.,ElevenLabs,0.1381831169128418,"{""detail"":{""status"":""needs_authorization"",""message"":""Neither authorization header nor xi-api-key received, please provide one.""}}",../outputs/elevenlabs/english_16.mp3
2026-02-26 21:14:40.093087,english,Set fan speed 3 in dining room air purifier 1.,Sarvam,0.14145588874816895,"{""error"":{""message"":""Invalid or missing authentication credentials"",""code"":""invalid_api_key_error"",""request_id"":""20260226_92678484-fd22-47db-a9ef-41bb3506fa81""}}",../outputs/sarvam/english_16.wav
2026-02-26 21:14:40.374850,english,Turn on dining room air purifier 1.,ElevenLabs,0.14818596839904785,"{""detail"":{""status"":""needs_authorization"",""message"":""Neither authorization header nor xi-api-key received, please provide one.""}}",../outputs/elevenlabs/english_17.mp3
2026-02-26 21:14:40.374850,english,Turn on dining room air purifier 1.,Sarvam,0.14656782150268555,"{""error"":{""message"":""Invalid or missing authentication credentials"",""code"":""invalid_api_key_error"",""request_id"":""20260226_fd5f9c33-61f8-4a87-8c31-6e1d7d42f17c""}}",../outputs/sarvam/english_17.wav
2026-02-26 21:14:40.671517,english,Set ring led brightness to 200 in dining room air purifier 1.,ElevenLabs,0.12544798851013184,"{""detail"":{""status"":""needs_authorization"",""message"":""Neither authorization header nor xi-api-key received, please provide one.""}}",../outputs/elevenlabs/english_18.mp3
2026-02-26 21:14:40.671517,english,Set ring led brightness to 200 in dining room air purifier 1.,Sarvam,0.14808011054992676,"{""error"":{""message"":""Invalid or missing authentication credentials"",""code"":""invalid_api_key_error"",""request_id"":""20260226_ed585416-e56d-4429-8ff7-5d0d2f71c1a0""}}",../outputs/sarvam/english_18.wav
2026-02-26 21:14:40.947409,english,Set switch off timer 180 minutes in dining room air purifier 100.,ElevenLabs,0.1242067813873291,"{""detail"":{""status"":""needs_authorization"",""message"":""Neither authorization header nor xi-api-key received, please provide one.""}}",../outputs/elevenlabs/english_19.mp3
2026-02-26 21:14:40.947409,english,Set switch off timer 180 minutes in dining room air purifier 100.,Sarvam,0.13736844062805176,"{""error"":{""message"":""Invalid or missing authentication credentials"",""code"":""invalid_api_key_error"",""request_id"":""20260226_97340f7f-fa91-4850-ac22-f8ef43a6b6de""}}",../outputs/sarvam/english_19.wav
2026-02-26 21:14:41.211252,english,Turn on the living room air purifier 1.,ElevenLabs,0.1366572380065918,"{""detail"":{""status"":""needs_authorization"",""message"":""Neither authorization header nor xi-api-key received, please provide one.""}}",../outputs/elevenlabs/english_20.mp3
2026-02-26 21:14:41.211252,english,Turn on the living room air purifier 1.,Sarvam,0.14261412620544434,"{""error"":{""message"":""Invalid or missing authentication credentials"",""code"":""invalid_api_key_error"",""request_id"":""20260226_f4038b9b-9895-4b42-9774-7bf566ec485d""}}",../outputs/sarvam/english_20.wav
2026-02-26 21:14:41.492207,english,Set switch off timer 60 minutes in living room air purifier 1.,ElevenLabs,0.152632474899292,"{""detail"":{""status"":""needs_authorization"",""message"":""Neither authorization header nor xi-api-key received, please provide one.""}}",../outputs/elevenlabs/english_21.mp3
2026-02-26 21:14:41.492207,english,Set switch off timer 60 minutes in living room air purifier 1.,Sarvam,0.15933918952941895,"{""error"":{""message"":""Invalid or missing authentication credentials"",""code"":""invalid_api_key_error"",""request_id"":""20260226_63b402cb-9ab0-4a54-b16d-3a4b127f4754""}}",../outputs/sarvam/english_21.wav
2026-02-26 21:14:41.806449,english,Turn on night mode in the living room air purifier 1.,ElevenLabs,0.1287837028503418,"{""detail"":{""status"":""needs_authorization"",""message"":""Neither authorization header nor xi-api-key received, please provide one.""}}",../outputs/elevenlabs/english_22.mp3
2026-02-26 21:14:41.806449,english,Turn on night mode in the living room air purifier 1.,Sarvam,0.1410353183746338,"{""error"":{""message"":""Invalid or missing authentication credentials"",""code"":""invalid_api_key_error"",""request_id"":""20260226_65418743-789f-49de-9fae-e02732d4fadf""}}",../outputs/sarvam/english_22.wav
2026-02-26 21:14:42.078246,english,Turn off fan power of the living room air purifier 1.,ElevenLabs,0.1209867000579834,"{""detail"":{""status"":""needs_authorization"",""message"":""Neither authorization header nor xi-api-key received, please provide one.""}}",../outputs/elevenlabs/english_23.mp3
2026-02-26 21:14:42.078246,english,Turn off fan power of the living room air purifier 1.,Sarvam,0.12837624549865723,"{""error"":{""message"":""Invalid or missing authentication credentials"",""code"":""invalid_api_key_error"",""request_id"":""20260226_351c8483-f7c6-4257-a227-3b6d4e458b2e""}}",../outputs/sarvam/english_23.wav
2026-02-26 21:14:42.329932,english,Turn on fan power and set fan speed 4 in living room air purifier 1.,ElevenLabs,0.12038969993591309,"{""detail"":{""status"":""needs_authorization"",""message"":""Neither authorization header nor xi-api-key received, please provide one.""}}",../outputs/elevenlabs/english_24.mp3
2026-02-26 21:14:42.329932,english,Turn on fan power and set fan speed 4 in living room air purifier 1.,Sarvam,0.155442476272583,"{""error"":{""message"":""Invalid or missing authentication credentials"",""code"":""invalid_api_key_error"",""request_id"":""20260226_31645de2-b97e-4212-8502-3f77d98f67e2""}}",../outputs/sarvam/english_24.wav
2026-02-26 21:14:42.607816,english,Set fan speed 8 in living room air purifier 1.,ElevenLabs,0.16855287551879883,"{""detail"":{""status"":""needs_authorization"",""message"":""Neither authorization header nor xi-api-key received, please provide one.""}}",../outputs/elevenlabs/english_25.mp3
2026-02-26 21:14:42.607816,english,Set fan speed 8 in living room air purifier 1.,Sarvam,0.14967775344848633,"{""error"":{""message"":""Invalid or missing authentication credentials"",""code"":""invalid_api_key_error"",""request_id"":""20260226_909a86a3-c991-4bff-95cf-8626a48e99c7""}}",../outputs/sarvam/english_25.wav
2026-02-26 21:14:42.928422,english,Turn off living room air purifier 1.,ElevenLabs,0.1411144733428955,"{""detail"":{""status"":""needs_authorization"",""message"":""Neither authorization header nor xi-api-key received, please provide one.""}}",../outputs/elevenlabs/english_26.mp3
2026-02-26 21:14:42.928422,english,Turn off living room air purifier 1.,Sarvam,0.14838743209838867,"{""error"":{""message"":""Invalid or missing authentication credentials"",""code"":""invalid_api_key_error"",""request_id"":""20260226_14881d2b-1413-487e-a98e-b0a1ddebdd77""}}",../outputs/sarvam/english_26.wav
2026-02-26 21:14:43.220704,english,Turn off living room air purifier 1.,ElevenLabs,0.13041067123413086,"{""detail"":{""status"":""needs_authorization"",""message"":""Neither authorization header nor xi-api-key received, please provide one.""}}",../outputs/elevenlabs/english_27.mp3
2026-02-26 21:14:43.220704,english,Turn off living room air purifier 1.,Sarvam,0.15293431282043457,"{""error"":{""message"":""Invalid or missing authentication credentials"",""code"":""invalid_api_key_error"",""request_id"":""20260226_97364ba8-9df9-44ff-aba8-4dfa344d665e""}}",../outputs/sarvam/english_27.wav
2026-02-26 21:14:43.505798,english,Set fan speed 2 in living room air purifier 1.,ElevenLabs,0.13018178939819336,"{""detail"":{""status"":""needs_authorization"",""message"":""Neither authorization header nor xi-api-key received, please provide one.""}}",../outputs/elevenlabs/english_28.mp3
2026-02-26 21:14:43.505798,english,Set fan speed 2 in living room air purifier 1.,Sarvam,0.12215924263000488,"{""error"":{""message"":""Invalid or missing authentication credentials"",""code"":""invalid_api_key_error"",""request_id"":""20260226_05e279bd-e7a7-4bde-8b29-a07bc6d5c493""}}",../outputs/sarvam/english_28.wav
2026-02-26 21:14:43.760410,english,What devices do I have in my bedroom?,ElevenLabs,0.12574434280395508,"{""detail"":{""status"":""needs_authorization"",""message"":""Neither authorization header nor xi-api-key received, please provide one.""}}",../outputs/elevenlabs/english_29.mp3
2026-02-26 21:14:43.760410,english,What devices do I have in my bedroom?,Sarvam,0.14316391944885254,"{""error"":{""message"":""Invalid or missing authentication credentials"",""code"":""invalid_api_key_error"",""request_id"":""20260226_d8c9080f-c577-42c4-8313-fd1972cb4858""}}",../outputs/sarvam/english_29.wav
2026-02-26 21:14:44.031175,english,Turn on the AC in the bedroom,ElevenLabs,0.12361907958984375,"{""detail"":{""status"":""needs_authorization"",""message"":""Neither authorization header nor xi-api-key received, please provide one.""}}",../outputs/elevenlabs/english_30.mp3
2026-02-26 21:14:44.031175,english,Turn on the AC in the bedroom,Sarvam,0.12250661849975586,"{""error"":{""message"":""Invalid or missing authentication credentials"",""code"":""invalid_api_key_error"",""request_id"":""20260226_9c4d8e03-97ac-4b5b-b167-45b708f6e733""}}",../outputs/sarvam/english_30.wav
2026-02-26 21:14:44.279244,english,Set temperature 18 degrees in the bedroom AC,ElevenLabs,0.1295924186706543,"{""detail"":{""status"":""needs_authorization"",""message"":""Neither authorization header nor xi-api-key received, please provide one.""}}",../outputs/elevenlabs/english_31.mp3
2026-02-26 21:14:44.279244,english,Set temperature 18 degrees in the bedroom AC,Sarvam,0.11831808090209961,"{""error"":{""message"":""Invalid or missing authentication credentials"",""code"":""invalid_api_key_error"",""request_id"":""20260226_e2ef656f-883f-4668-b0d8-b05fab27ab1e""}}",../outputs/sarvam/english_31.wav
2026-02-26 21:14:44.529514,english,Turn on display mode in the bedroom AC.,ElevenLabs,0.12749171257019043,"{""detail"":{""status"":""needs_authorization"",""message"":""Neither authorization header nor xi-api-key received, please provide one.""}}",../outputs/elevenlabs/english_32.mp3
2026-02-26 21:14:44.529514,english,Turn on display mode in the bedroom AC.,Sarvam,0.13905000686645508,"{""error"":{""message"":""Invalid or missing authentication credentials"",""code"":""invalid_api_key_error"",""request_id"":""20260226_ff0c353d-a63a-4061-b2ad-d1f66e163412""}}",../outputs/sarvam/english_32.wav
2026-02-26 21:14:44.798217,english,Turn on the ac in the dining room.,ElevenLabs,0.13201236724853516,"{""detail"":{""status"":""needs_authorization"",""message"":""Neither authorization header nor xi-api-key received, please provide one.""}}",../outputs/elevenlabs/english_33.mp3
2026-02-26 21:14:44.798217,english,Turn on the ac in the dining room.,Sarvam,0.14478588104248047,"{""error"":{""message"":""Invalid or missing authentication credentials"",""code"":""invalid_api_key_error"",""request_id"":""20260226_372eeb87-0ef4-49f6-acc6-66b0bb53e8e5""}}",../outputs/sarvam/english_33.wav
2026-02-26 21:14:45.077164,english,Turn on office AC 2.,ElevenLabs,0.12016177177429199,"{""detail"":{""status"":""needs_authorization"",""message"":""Neither authorization header nor xi-api-key received, please provide one.""}}",../outputs/elevenlabs/english_34.mp3
2026-02-26 21:14:45.077164,english,Turn on office AC 2.,Sarvam,0.12819337844848633,"{""error"":{""message"":""Invalid or missing authentication credentials"",""code"":""invalid_api_key_error"",""request_id"":""20260226_9fa16a4e-475e-43a9-9445-4436eec16904""}}",../outputs/sarvam/english_34.wav
2026-02-26 21:14:45.328386,english,Set dry mode in bedroom ac.,ElevenLabs,0.12131953239440918,"{""detail"":{""status"":""needs_authorization"",""message"":""Neither authorization header nor xi-api-key received, please provide one.""}}",../outputs/elevenlabs/english_35.mp3
2026-02-26 21:14:45.328386,english,Set dry mode in bedroom ac.,Sarvam,0.15156030654907227,"{""error"":{""message"":""Invalid or missing authentication credentials"",""code"":""invalid_api_key_error"",""request_id"":""20260226_7e891919-8b20-4026-b58a-eafa851a5970""}}",../outputs/sarvam/english_35.wav
2026-02-26 21:14:45.603205,english,Turn on sleep mode in bedroom ac.,ElevenLabs,0.12641072273254395,"{""detail"":{""status"":""needs_authorization"",""message"":""Neither authorization header nor xi-api-key received, please provide one.""}}",../outputs/elevenlabs/english_36.mp3
2026-02-26 21:14:45.603205,english,Turn on sleep mode in bedroom ac.,Sarvam,0.12222790718078613,"{""error"":{""message"":""Invalid or missing authentication credentials"",""code"":""invalid_api_key_error"",""request_id"":""20260226_d4b0f29c-7138-460d-9582-c826795506b1""}}",../outputs/sarvam/english_36.wav
2026-02-26 21:14:45.853547,english,Set vertical swing to position 5 in bedroom ac.,ElevenLabs,0.12095141410827637,"{""detail"":{""status"":""needs_authorization"",""message"":""Neither authorization header nor xi-api-key received, please provide one.""}}",../outputs/elevenlabs/english_37.mp3
2026-02-26 21:14:45.853547,english,Set vertical swing to position 5 in bedroom ac.,Sarvam,0.14084863662719727,"{""error"":{""message"":""Invalid or missing authentication credentials"",""code"":""invalid_api_key_error"",""request_id"":""20260226_f6560142-9ea7-4f1a-8fc3-d00cfee54444""}}",../outputs/sarvam/english_37.wav
2026-02-26 21:14:46.117429,english,Turn on sky high color in bedroom ac.,ElevenLabs,0.13443279266357422,"{""detail"":{""status"":""needs_authorization"",""message"":""Neither authorization header nor xi-api-key received, please provide one.""}}",../outputs/elevenlabs/english_38.mp3
2026-02-26 21:14:46.117429,english,Turn on sky high color in bedroom ac.,Sarvam,0.15768647193908691,"{""error"":{""message"":""Invalid or missing authentication credentials"",""code"":""invalid_api_key_error"",""request_id"":""20260226_2e275663-adee-4b9c-b78e-421080e9ec84""}}",../outputs/sarvam/english_38.wav
2026-02-26 21:14:46.411703,english,Turn on living room AC 2 and set it's horizontal swing to position 2.,ElevenLabs,0.1281876564025879,"{""detail"":{""status"":""needs_authorization"",""message"":""Neither authorization header nor xi-api-key received, please provide one.""}}",../outputs/elevenlabs/english_39.mp3
2026-02-26 21:14:46.411703,english,Turn on living room AC 2 and set it's horizontal swing to position 2.,Sarvam,0.1503610610961914,"{""error"":{""message"":""Invalid or missing authentication credentials"",""code"":""invalid_api_key_error"",""request_id"":""20260226_f7196e71-217b-4318-baa4-21bdb4abb5e2""}}",../outputs/sarvam/english_39.wav
2026-02-26 21:14:46.692596,english,Turn on turbo mode in living room AC 2.,ElevenLabs,0.12740373611450195,"{""detail"":{""status"":""needs_authorization"",""message"":""Neither authorization header nor xi-api-key received, please provide one.""}}",../outputs/elevenlabs/english_40.mp3
2026-02-26 21:14:46.692596,english,Turn on turbo mode in living room AC 2.,Sarvam,0.13588428497314453,"{""error"":{""message"":""Invalid or missing authentication credentials"",""code"":""invalid_api_key_error"",""request_id"":""20260226_15c22f05-c934-4e13-83bd-6be5791c8886""}}",../outputs/sarvam/english_40.wav
2026-02-26 21:14:46.957930,english,Turn on child lock in bedroom ac.,ElevenLabs,0.12276220321655273,"{""detail"":{""status"":""needs_authorization"",""message"":""Neither authorization header nor xi-api-key received, please provide one.""}}",../outputs/elevenlabs/english_41.mp3
2026-02-26 21:14:46.957930,english,Turn on child lock in bedroom ac.,Sarvam,0.13480544090270996,"{""error"":{""message"":""Invalid or missing authentication credentials"",""code"":""invalid_api_key_error"",""request_id"":""20260226_6a5c9894-14f4-4a7c-9caf-8a2ec4e9881f""}}",../outputs/sarvam/english_41.wav
2026-02-26 21:14:47.217497,english,Set fan speed high in office AC 2.,ElevenLabs,0.12229776382446289,"{""detail"":{""status"":""needs_authorization"",""message"":""Neither authorization header nor xi-api-key received, please provide one.""}}",../outputs/elevenlabs/english_42.mp3
2026-02-26 21:14:47.217497,english,Set fan speed high in office AC 2.,Sarvam,0.1296370029449463,"{""error"":{""message"":""Invalid or missing authentication credentials"",""code"":""invalid_api_key_error"",""request_id"":""20260226_7a63e4b7-75f0-49e9-99e4-384bb9f91bd8""}}",../outputs/sarvam/english_42.wav
2026-02-26 21:14:47.471333,english,Set horizontal swing to auto in bedroom ac.,ElevenLabs,0.13064146041870117,"{""detail"":{""status"":""needs_authorization"",""message"":""Neither authorization header nor xi-api-key received, please provide one.""}}",../outputs/elevenlabs/english_43.mp3
2026-02-26 21:14:47.471333,english,Set horizontal swing to auto in bedroom ac.,Sarvam,0.13990378379821777,"{""error"":{""message"":""Invalid or missing authentication credentials"",""code"":""invalid_api_key_error"",""request_id"":""20260226_7f2f312f-17d2-4da4-806a-a2817d427ba8""}}",../outputs/sarvam/english_43.wav
2026-02-26 21:14:47.744338,english,Set temperature 30 degrees in the living room AC 2.,ElevenLabs,0.12521028518676758,"{""detail"":{""status"":""needs_authorization"",""message"":""Neither authorization header nor xi-api-key received, please provide one.""}}",../outputs/elevenlabs/english_44.mp3
2026-02-26 21:14:47.744338,english,Set temperature 30 degrees in the living room AC 2.,Sarvam,0.15968942642211914,"{""error"":{""message"":""Invalid or missing authentication credentials"",""code"":""invalid_api_key_error"",""request_id"":""20260226_58613095-529d-401e-a9c9-c5f5a4a8d20c""}}",../outputs/sarvam/english_44.wav
2026-02-26 21:14:48.031150,english,Turn on yoga room AC 1 and set it's switch off timer to 20 minutes.,ElevenLabs,0.1180105209350586,"{""detail"":{""status"":""needs_authorization"",""message"":""Neither authorization header nor xi-api-key received, please provide one.""}}",../outputs/elevenlabs/english_45.mp3
2026-02-26 21:14:48.031150,english,Turn on yoga room AC 1 and set it's switch off timer to 20 minutes.,Sarvam,0.12259650230407715,"{""error"":{""message"":""Invalid or missing authentication credentials"",""code"":""invalid_api_key_error"",""request_id"":""20260226_76d71ace-c8c2-488b-b3ca-6d1f99bee715""}}",../outputs/sarvam/english_45.wav
2026-02-26 21:14:48.273688,english,Turn on humicon mode in yoga room AC 1.,ElevenLabs,0.11594772338867188,"{""detail"":{""status"":""needs_authorization"",""message"":""Neither authorization header nor xi-api-key received, please provide one.""}}",../outputs/elevenlabs/english_46.mp3
2026-02-26 21:14:48.273688,english,Turn on humicon mode in yoga room AC 1.,Sarvam,0.13339948654174805,"{""error"":{""message"":""Invalid or missing authentication credentials"",""code"":""invalid_api_key_error"",""request_id"":""20260226_ca617ac7-e84d-44c4-88b2-df45d5208869""}}",../outputs/sarvam/english_46.wav
2026-02-26 21:14:48.524762,english,Turn off child lock mode in bedroom ac.,ElevenLabs,0.14796137809753418,"{""detail"":{""status"":""needs_authorization"",""message"":""Neither authorization header nor xi-api-key received, please provide one.""}}",../outputs/elevenlabs/english_47.mp3
2026-02-26 21:14:48.524762,english,Turn off child lock mode in bedroom ac.,Sarvam,0.14226174354553223,"{""error"":{""message"":""Invalid or missing authentication credentials"",""code"":""invalid_api_key_error"",""request_id"":""20260226_371f0f63-27c7-488f-b6c1-b0452269ecfd""}}",../outputs/sarvam/english_47.wav
2026-02-26 21:14:48.817313,english,Turn on eco mode in the ac in bedroom.,ElevenLabs,0.15921616554260254,"{""detail"":{""status"":""needs_authorization"",""message"":""Neither authorization header nor xi-api-key received, please provide one.""}}",../outputs/elevenlabs/english_48.mp3
2026-02-26 21:14:48.817313,english,Turn on eco mode in the ac in bedroom.,Sarvam,0.14793014526367188,"{""error"":{""message"":""Invalid or missing authentication credentials"",""code"":""invalid_api_key_error"",""request_id"":""20260226_3338d3aa-22f1-402b-97b9-08fce78cc43b""}}",../outputs/sarvam/english_48.wav
2026-02-26 21:14:49.126510,english,Set light intensity low in the ac in bedroom.,ElevenLabs,0.1379094123840332,"{""detail"":{""status"":""needs_authorization"",""message"":""Neither authorization header nor xi-api-key received, please provide one.""}}",../outputs/elevenlabs/english_49.mp3
2026-02-26 21:14:49.126510,english,Set light intensity low in the ac in bedroom.,Sarvam,0.12422394752502441,"{""error"":{""message"":""Invalid or missing authentication credentials"",""code"":""invalid_api_key_error"",""request_id"":""20260226_e7278954-5bb6-42f4-971b-2c0cb81a3d75""}}",../outputs/sarvam/english_49.wav
2026-02-26 21:14:49.390472,english,Turn on bedroom AC 2.,ElevenLabs,0.13358283042907715,"{""detail"":{""status"":""needs_authorization"",""message"":""Neither authorization header nor xi-api-key received, please provide one.""}}",../outputs/elevenlabs/english_50.mp3
2026-02-26 21:14:49.390472,english,Turn on bedroom AC 2.,Sarvam,0.15315556526184082,"{""error"":{""message"":""Invalid or missing authentication credentials"",""code"":""invalid_api_key_error"",""request_id"":""20260226_e648e9d7-02ad-4c69-90b3-009334b9294f""}}",../outputs/sarvam/english_50.wav
2026-02-26 21:17:39.496149,english,Turn on bedroom air purifier 1.,ElevenLabs,1.5547714233398438,Success,../outputs/elevenlabs/english_0.mp3
2026-02-26 21:17:39.496149,english,Turn on bedroom air purifier 1.,Sarvam,1.976858377456665,Success,../outputs/sarvam/english_0.wav
2026-02-26 21:17:43.032754,english,Turn on buzzer control in bedroom air purifier 1.,ElevenLabs,1.6176636219024658,Success,../outputs/elevenlabs/english_1.mp3
2026-02-26 21:17:43.032754,english,Turn on buzzer control in bedroom air purifier 1.,Sarvam,2.3137552738189697,Success,../outputs/sarvam/english_1.wav
2026-02-26 21:17:46.969306,english,Set fan speed 4 in bedroom air purifier 1.,ElevenLabs,1.5670397281646729,Success,../outputs/elevenlabs/english_2.mp3
2026-02-26 21:17:46.969306,english,Set fan speed 4 in bedroom air purifier 1.,Sarvam,2.2116143703460693,Success,../outputs/sarvam/english_2.wav
2026-02-26 21:17:50.753127,english,Set night mode in bedroom air purifier 1.,ElevenLabs,1.4688148498535156,Success,../outputs/elevenlabs/english_3.mp3
2026-02-26 21:17:50.753127,english,Set night mode in bedroom air purifier 1.,Sarvam,2.1736416816711426,Success,../outputs/sarvam/english_3.wav
2026-02-26 21:17:54.400847,english,Set switch off timer 60 minutes in bedroom air purifier 1.,ElevenLabs,1.699535608291626,Success,../outputs/elevenlabs/english_4.mp3
2026-02-26 21:17:54.400847,english,Set switch off timer 60 minutes in bedroom air purifier 1.,Sarvam,2.4414803981781006,Success,../outputs/sarvam/english_4.wav
2026-02-26 21:17:58.546735,english,Set ring led brightness to 40 in bedroom air purifier 1.,ElevenLabs,1.7550232410430908,Success,../outputs/elevenlabs/english_5.mp3
2026-02-26 21:17:58.546735,english,Set ring led brightness to 40 in bedroom air purifier 1.,Sarvam,2.6176936626434326,Success,../outputs/sarvam/english_5.wav
2026-02-26 21:18:02.925242,english,Turn on turbo mode and turn off buzzer control in bedroom air purifier 1.,ElevenLabs,1.949897050857544,Success,../outputs/elevenlabs/english_6.mp3
2026-02-26 21:18:02.925242,english,Turn on turbo mode and turn off buzzer control in bedroom air purifier 1.,Sarvam,4.797533988952637,Success,../outputs/sarvam/english_6.wav
2026-02-26 21:18:09.677903,english,Set switch off timer 720 minutes in bedroom air purifier 1.,ElevenLabs,1.6712279319763184,Success,../outputs/elevenlabs/english_7.mp3
2026-02-26 21:18:09.677903,english,Set switch off timer 720 minutes in bedroom air purifier 1.,Sarvam,3.4339537620544434,Success,../outputs/sarvam/english_7.wav
2026-02-26 21:18:14.788220,english,Turn on the air purifier in dining room.,ElevenLabs,1.3748650550842285,Success,../outputs/elevenlabs/english_8.mp3
2026-02-26 21:18:14.788220,english,Turn on the air purifier in dining room.,Sarvam,2.1530544757843018,Success,../outputs/sarvam/english_8.wav
2026-02-26 21:18:18.321302,english,What is the status of my bedroom air purifier 1?,ElevenLabs,1.5734281539916992,Success,../outputs/elevenlabs/english_9.mp3
2026-02-26 21:18:18.321302,english,What is the status of my bedroom air purifier 1?,Sarvam,2.326075792312622,Success,../outputs/sarvam/english_9.wav
2026-02-26 21:18:22.225218,english,Turn on dining room air purifier 1.,ElevenLabs,1.410205602645874,Success,../outputs/elevenlabs/english_10.mp3
2026-02-26 21:18:22.225218,english,Turn on dining room air purifier 1.,Sarvam,2.563656806945801,Success,../outputs/sarvam/english_10.wav
2026-02-26 21:18:26.203929,english,Set ring led brightness 70 in dining room air purifier 1.,ElevenLabs,1.5974712371826172,Success,../outputs/elevenlabs/english_11.mp3
2026-02-26 21:18:26.203929,english,Set ring led brightness 70 in dining room air purifier 1.,Sarvam,2.9057235717773438,Success,../outputs/sarvam/english_11.wav
2026-02-26 21:18:30.711624,english,Turn on heater power in dining room air purifier 1.,ElevenLabs,1.5990486145019531,Success,../outputs/elevenlabs/english_12.mp3
2026-02-26 21:18:30.711624,english,Turn on heater power in dining room air purifier 1.,Sarvam,2.4465105533599854,Success,../outputs/sarvam/english_12.wav
2026-02-26 21:18:34.761806,english,Set night mode in dining room air purifier 1.,ElevenLabs,1.6199514865875244,Success,../outputs/elevenlabs/english_13.mp3
2026-02-26 21:18:34.761806,english,Set night mode in dining room air purifier 1.,Sarvam,2.2830448150634766,Success,../outputs/sarvam/english_13.wav
2026-02-26 21:18:38.669187,english,Set switch off timer 180 minutes in dining room air purifier 1.,ElevenLabs,1.7964708805084229,Success,../outputs/elevenlabs/english_14.mp3
2026-02-26 21:18:38.669187,english,Set switch off timer 180 minutes in dining room air purifier 1.,Sarvam,2.967203140258789,Success,../outputs/sarvam/english_14.wav
2026-02-26 21:18:43.438047,english,Turn on buzzer control in dining room air purifier 1.,ElevenLabs,1.568096399307251,Success,../outputs/elevenlabs/english_15.mp3
2026-02-26 21:18:43.438047,english,Turn on buzzer control in dining room air purifier 1.,Sarvam,2.634904623031616,Success,../outputs/sarvam/english_15.wav
2026-02-26 21:18:47.646426,english,Set fan speed 3 in dining room air purifier 1.,ElevenLabs,1.5658104419708252,Success,../outputs/elevenlabs/english_16.mp3
2026-02-26 21:18:47.646426,english,Set fan speed 3 in dining room air purifier 1.,Sarvam,3.668851137161255,Success,../outputs/sarvam/english_16.wav
2026-02-26 21:18:52.887188,english,Turn on dining room air purifier 1.,ElevenLabs,1.4598264694213867,Success,../outputs/elevenlabs/english_17.mp3
2026-02-26 21:18:52.887188,english,Turn on dining room air purifier 1.,Sarvam,1.6327869892120361,Success,../outputs/sarvam/english_17.wav
2026-02-26 21:18:55.983965,english,Set ring led brightness to 200 in dining room air purifier 1.,ElevenLabs,1.7642650604248047,Success,../outputs/elevenlabs/english_18.mp3
2026-03-01 16:31:28.986514,english,Set ring led brightness to 200 in dining room air purifier 1.,ElevenLabs,0.1475238800048828,"{""detail"":{""status"":""needs_authorization"",""message"":""Neither authorization header nor xi-api-key received, please provide one.""}}",../outputs/elevenlabs/english/english_18.mp3
2026-03-01 16:31:28.986514,english,Set ring led brightness to 200 in dining room air purifier 1.,Sarvam,0.12296152114868164,"{""error"":{""message"":""Invalid or missing authentication credentials"",""code"":""invalid_api_key_error"",""request_id"":""20260301_eef6c257-8b4b-4a99-9c8d-c8b4b34f0782""}}",../outputs/sarvam/english/english_18.wav
2026-03-01 16:31:29.258759,english,Set switch off timer 180 minutes in dining room air purifier 100.,ElevenLabs,0.14826750755310059,"{""detail"":{""status"":""needs_authorization"",""message"":""Neither authorization header nor xi-api-key received, please provide one.""}}",../outputs/elevenlabs/english/english_19.mp3
2026-03-01 16:31:29.258759,english,Set switch off timer 180 minutes in dining room air purifier 100.,Sarvam,0.16704964637756348,"{""error"":{""message"":""Invalid or missing authentication credentials"",""code"":""invalid_api_key_error"",""request_id"":""20260301_bb67e1f7-a04d-4796-833d-e6a4d2d48748""}}",../outputs/sarvam/english/english_19.wav
2026-03-01 16:31:29.576075,english,Turn on the living room air purifier 1.,ElevenLabs,0.1299598217010498,"{""detail"":{""status"":""needs_authorization"",""message"":""Neither authorization header nor xi-api-key received, please provide one.""}}",../outputs/elevenlabs/english/english_20.mp3
2026-03-01 16:31:29.576075,english,Turn on the living room air purifier 1.,Sarvam,0.1409440040588379,"{""error"":{""message"":""Invalid or missing authentication credentials"",""code"":""invalid_api_key_error"",""request_id"":""20260301_c0a0b381-5d3f-46c1-b1bf-f30e4e5c4acf""}}",../outputs/sarvam/english/english_20.wav
2026-03-01 16:31:29.847979,english,Set switch off timer 60 minutes in living room air purifier 1.,ElevenLabs,0.13100600242614746,"{""detail"":{""status"":""needs_authorization"",""message"":""Neither authorization header nor xi-api-key received, please provide one.""}}",../outputs/elevenlabs/english/english_21.mp3
2026-03-01 16:31:29.847979,english,Set switch off timer 60 minutes in living room air purifier 1.,Sarvam,0.15882349014282227,"{""error"":{""message"":""Invalid or missing authentication credentials"",""code"":""invalid_api_key_error"",""request_id"":""20260301_68b9a64e-072c-467a-9752-1b6227c813f2""}}",../outputs/sarvam/english/english_21.wav
2026-03-01 16:31:30.140840,english,Turn on night mode in the living room air purifier 1.,ElevenLabs,0.12837934494018555,"{""detail"":{""status"":""needs_authorization"",""message"":""Neither authorization header nor xi-api-key received, please provide one.""}}",../outputs/elevenlabs/english/english_22.mp3
2026-03-01 16:31:30.140840,english,Turn on night mode in the living room air purifier 1.,Sarvam,0.13952183723449707,"{""error"":{""message"":""Invalid or missing authentication credentials"",""code"":""invalid_api_key_error"",""request_id"":""20260301_4c2cb0dd-66d0-4b24-97ed-a41398d754ba""}}",../outputs/sarvam/english/english_22.wav
2026-03-01 16:31:30.408741,english,Turn off fan power of the living room air purifier 1.,ElevenLabs,0.12256860733032227,"{""detail"":{""status"":""needs_authorization"",""message"":""Neither authorization header nor xi-api-key received, please provide one.""}}",../outputs/elevenlabs/english/english_23.mp3
2026-03-01 16:31:30.408741,english,Turn off fan power of the living room air purifier 1.,Sarvam,0.14551353454589844,"{""error"":{""message"":""Invalid or missing authentication credentials"",""code"":""invalid_api_key_error"",""request_id"":""20260301_31b5ec33-0294-43e8-8363-4c87d494c27d""}}",../outputs/sarvam/english/english_23.wav
2026-03-01 16:31:30.679593,english,Turn on fan power and set fan speed 4 in living room air purifier 1.,ElevenLabs,0.13074159622192383,"{""detail"":{""status"":""needs_authorization"",""message"":""Neither authorization header nor xi-api-key received, please provide one.""}}",../outputs/elevenlabs/english/english_24.mp3
2026-03-01 16:31:30.679593,english,Turn on fan power and set fan speed 4 in living room air purifier 1.,Sarvam,0.1439805030822754,"{""error"":{""message"":""Invalid or missing authentication credentials"",""code"":""invalid_api_key_error"",""request_id"":""20260301_88561c73-80c5-4db0-8208-dc488835b3bf""}}",../outputs/sarvam/english/english_24.wav
2026-03-01 16:31:30.955325,english,Set fan speed 8 in living room air purifier 1.,ElevenLabs,0.13428616523742676,"{""detail"":{""status"":""needs_authorization"",""message"":""Neither authorization header nor xi-api-key received, please provide one.""}}",../outputs/elevenlabs/english/english_25.mp3
2026-03-01 16:31:30.955325,english,Set fan speed 8 in living room air purifier 1.,Sarvam,0.1513805389404297,"{""error"":{""message"":""Invalid or missing authentication credentials"",""code"":""invalid_api_key_error"",""request_id"":""20260301_bb72dc18-0360-4bff-a521-40da7de834d6""}}",../outputs/sarvam/english/english_25.wav
2026-03-01 16:31:31.243502,english,Turn off living room air purifier 1.,ElevenLabs,0.11993527412414551,"{""detail"":{""status"":""needs_authorization"",""message"":""Neither authorization header nor xi-api-key received, please provide one.""}}",../outputs/elevenlabs/english/english_26.mp3
2026-03-01 16:31:31.243502,english,Turn off living room air purifier 1.,Sarvam,0.1429917812347412,"{""error"":{""message"":""Invalid or missing authentication credentials"",""code"":""invalid_api_key_error"",""request_id"":""20260301_d60c2f18-16f6-4d55-8a6f-a20059a5c60c""}}",../outputs/sarvam/english/english_26.wav
2026-03-01 16:31:31.506990,english,Turn off living room air purifier 1.,ElevenLabs,0.13168549537658691,"{""detail"":{""status"":""needs_authorization"",""message"":""Neither authorization header nor xi-api-key received, please provide one.""}}",../outputs/elevenlabs/english/english_27.mp3
2026-03-01 16:31:31.506990,english,Turn off living room air purifier 1.,Sarvam,0.1442716121673584,"{""error"":{""message"":""Invalid or missing authentication credentials"",""code"":""invalid_api_key_error"",""request_id"":""20260301_97664609-c2da-473a-9c8e-7b19c3b7b1d7""}}",../outputs/sarvam/english/english_27.wav
2026-03-01 16:31:31.785520,english,Set fan speed 2 in living room air purifier 1.,ElevenLabs,0.1397078037261963,"{""detail"":{""status"":""needs_authorization"",""message"":""Neither authorization header nor xi-api-key received, please provide one.""}}",../outputs/elevenlabs/english/english_28.mp3
2026-03-01 16:31:31.785520,english,Set fan speed 2 in living room air purifier 1.,Sarvam,0.13472795486450195,"{""error"":{""message"":""Invalid or missing authentication credentials"",""code"":""invalid_api_key_error"",""request_id"":""20260301_07c0d6c5-b298-4f50-8c78-0a68d5008d86""}}",../outputs/sarvam/english/english_28.wav
2026-03-01 16:31:32.061645,english,What devices do I have in my bedroom?,ElevenLabs,0.13379669189453125,"{""detail"":{""status"":""needs_authorization"",""message"":""Neither authorization header nor xi-api-key received, please provide one.""}}",../outputs/elevenlabs/english/english_29.mp3
2026-03-01 16:31:32.061645,english,What devices do I have in my bedroom?,Sarvam,0.16554522514343262,"{""error"":{""message"":""Invalid or missing authentication credentials"",""code"":""invalid_api_key_error"",""request_id"":""20260301_ec5b5169-9e59-4525-9890-178867e227d3""}}",../outputs/sarvam/english/english_29.wav
2026-03-01 16:31:32.363018,english,Turn on the AC in the bedroom,ElevenLabs,0.12442946434020996,"{""detail"":{""status"":""needs_authorization"",""message"":""Neither authorization header nor xi-api-key received, please provide one.""}}",../outputs/elevenlabs/english/english_30.mp3
2026-03-01 16:31:32.363018,english,Turn on the AC in the bedroom,Sarvam,0.13575387001037598,"{""error"":{""message"":""Invalid or missing authentication credentials"",""code"":""invalid_api_key_error"",""request_id"":""20260301_c8c7b056-bc01-411d-85eb-8c8c183b810b""}}",../outputs/sarvam/english/english_30.wav
2026-03-01 16:31:32.624214,english,Set temperature 18 degrees in the bedroom AC,ElevenLabs,0.12311720848083496,"{""detail"":{""status"":""needs_authorization"",""message"":""Neither authorization header nor xi-api-key received, please provide one.""}}",../outputs/elevenlabs/english/english_31.mp3
2026-03-01 16:31:32.624214,english,Set temperature 18 degrees in the bedroom AC,Sarvam,0.13144397735595703,"{""error"":{""message"":""Invalid or missing authentication credentials"",""code"":""invalid_api_key_error"",""request_id"":""20260301_7451518f-a286-4e77-8deb-3cf57a3f7966""}}",../outputs/sarvam/english/english_31.wav
2026-03-01 16:31:32.879777,english,Turn on display mode in the bedroom AC.,ElevenLabs,0.11806392669677734,"{""detail"":{""status"":""needs_authorization"",""message"":""Neither authorization header nor xi-api-key received, please provide one.""}}",../outputs/elevenlabs/english/english_32.mp3
2026-03-01 16:31:32.879777,english,Turn on display mode in the bedroom AC.,Sarvam,0.14560961723327637,"{""error"":{""message"":""Invalid or missing authentication credentials"",""code"":""invalid_api_key_error"",""request_id"":""20260301_46d1bd7d-98bd-41b3-a57c-1c9a7907a62c""}}",../outputs/sarvam/english/english_32.wav
2026-03-01 16:31:33.145445,english,Turn on the ac in the dining room.,ElevenLabs,0.12647676467895508,"{""detail"":{""status"":""needs_authorization"",""message"":""Neither authorization header nor xi-api-key received, please provide one.""}}",../outputs/elevenlabs/english/english_33.mp3
2026-03-01 16:31:33.145445,english,Turn on the ac in the dining room.,Sarvam,0.15099263191223145,"{""error"":{""message"":""Invalid or missing authentication credentials"",""code"":""invalid_api_key_error"",""request_id"":""20260301_bd1e4966-6475-4c75-b7f3-5644218db4a1""}}",../outputs/sarvam/english/english_33.wav
2026-03-01 16:31:33.423916,english,Turn on office AC 2.,ElevenLabs,0.12846755981445312,"{""detail"":{""status"":""needs_authorization"",""message"":""Neither authorization header nor xi-api-key received, please provide one.""}}",../outputs/elevenlabs/english/english_34.mp3
2026-03-01 16:31:33.423916,english,Turn on office AC 2.,Sarvam,0.1553499698638916,"{""error"":{""message"":""Invalid or missing authentication credentials"",""code"":""invalid_api_key_error"",""request_id"":""20260301_7ba64d65-8033-4c02-be2c-409f33d2d685""}}",../outputs/sarvam/english/english_34.wav
2026-03-01 16:31:33.708752,english,Set dry mode in bedroom ac.,ElevenLabs,0.14301371574401855,"{""detail"":{""status"":""needs_authorization"",""message"":""Neither authorization header nor xi-api-key received, please provide one.""}}",../outputs/elevenlabs/english/english_35.mp3
2026-03-01 16:31:33.708752,english,Set dry mode in bedroom ac.,Sarvam,0.12619662284851074,"{""error"":{""message"":""Invalid or missing authentication credentials"",""code"":""invalid_api_key_error"",""request_id"":""20260301_1c0da564-0e08-4f98-8efe-fb7e2ea03884""}}",../outputs/sarvam/english/english_35.wav
2026-03-01 16:31:33.978995,english,Turn on sleep mode in bedroom ac.,ElevenLabs,0.12487316131591797,"{""detail"":{""status"":""needs_authorization"",""message"":""Neither authorization header nor xi-api-key received, please provide one.""}}",../outputs/elevenlabs/english/english_36.mp3
2026-03-01 16:31:33.978995,english,Turn on sleep mode in bedroom ac.,Sarvam,0.13031482696533203,"{""error"":{""message"":""Invalid or missing authentication credentials"",""code"":""invalid_api_key_error"",""request_id"":""20260301_b1a6d334-6147-4e78-a1dd-e98fb8a408d4""}}",../outputs/sarvam/english/english_36.wav
2026-03-01 16:31:34.236316,english,Set vertical swing to position 5 in bedroom ac.,ElevenLabs,0.13130474090576172,"{""detail"":{""status"":""needs_authorization"",""message"":""Neither authorization header nor xi-api-key received, please provide one.""}}",../outputs/elevenlabs/english/english_37.mp3
2026-03-01 16:31:34.236316,english,Set vertical swing to position 5 in bedroom ac.,Sarvam,0.13942170143127441,"{""error"":{""message"":""Invalid or missing authentication credentials"",""code"":""invalid_api_key_error"",""request_id"":""20260301_a263d1fa-ace8-4a73-a9b4-dc457295741d""}}",../outputs/sarvam/english/english_37.wav
2026-03-01 16:31:34.507042,english,Turn on sky high color in bedroom ac.,ElevenLabs,0.15153861045837402,"{""detail"":{""status"":""needs_authorization"",""message"":""Neither authorization header nor xi-api-key received, please provide one.""}}",../outputs/elevenlabs/english/english_38.mp3
2026-03-01 16:31:34.507042,english,Turn on sky high color in bedroom ac.,Sarvam,0.14189362525939941,"{""error"":{""message"":""Invalid or missing authentication credentials"",""code"":""invalid_api_key_error"",""request_id"":""20260301_ecfc59a2-0437-40e3-a81b-32f70347758c""}}",../outputs/sarvam/english/english_38.wav
2026-03-01 16:31:34.802064,english,Turn on living room AC 2 and set it's horizontal swing to position 2.,ElevenLabs,0.13390159606933594,"{""detail"":{""status"":""needs_authorization"",""message"":""Neither authorization header nor xi-api-key received, please provide one.""}}",../outputs/elevenlabs/english/english_39.mp3
2026-03-01 16:31:34.802064,english,Turn on living room AC 2 and set it's horizontal swing to position 2.,Sarvam,0.17186713218688965,"{""error"":{""message"":""Invalid or missing authentication credentials"",""code"":""invalid_api_key_error"",""request_id"":""20260301_b526954b-24e0-4a65-adfb-4daa4cf29940""}}",../outputs/sarvam/english/english_39.wav
2026-03-01 16:31:35.110440,english,Turn on turbo mode in living room AC 2.,ElevenLabs,0.13160443305969238,"{""detail"":{""status"":""needs_authorization"",""message"":""Neither authorization header nor xi-api-key received, please provide one.""}}",../outputs/elevenlabs/english/english_40.mp3
2026-03-01 16:31:35.110440,english,Turn on turbo mode in living room AC 2.,Sarvam,0.14340448379516602,"{""error"":{""message"":""Invalid or missing authentication credentials"",""code"":""invalid_api_key_error"",""request_id"":""20260301_27015ea1-d639-4ddb-98e9-a69104d473d7""}}",../outputs/sarvam/english/english_40.wav
2026-03-01 16:31:35.386451,english,Turn on child lock in bedroom ac.,ElevenLabs,0.1572709083557129,"{""detail"":{""status"":""needs_authorization"",""message"":""Neither authorization header nor xi-api-key received, please provide one.""}}",../outputs/elevenlabs/english/english_41.mp3
2026-03-01 16:31:35.386451,english,Turn on child lock in bedroom ac.,Sarvam,0.13523554801940918,"{""error"":{""message"":""Invalid or missing authentication credentials"",""code"":""invalid_api_key_error"",""request_id"":""20260301_7f774f42-1c78-44f0-8e5e-5cde3028180a""}}",../outputs/sarvam/english/english_41.wav
2026-03-01 16:31:35.680957,english,Set fan speed high in office AC 2.,ElevenLabs,0.12426209449768066,"{""detail"":{""status"":""needs_authorization"",""message"":""Neither authorization header nor xi-api-key received, please provide one.""}}",../outputs/elevenlabs/english/english_42.mp3
2026-03-01 16:31:35.680957,english,Set fan speed high in office AC 2.,Sarvam,0.14710760116577148,"{""error"":{""message"":""Invalid or missing authentication credentials"",""code"":""invalid_api_key_error"",""request_id"":""20260301_f2defed6-3cd6-4e21-b809-9950d955ae5b""}}",../outputs/sarvam/english/english_42.wav
2026-03-01 16:31:35.953355,english,Set horizontal swing to auto in bedroom ac.,ElevenLabs,0.15517044067382812,"{""detail"":{""status"":""needs_authorization"",""message"":""Neither authorization header nor xi-api-key received, please provide one.""}}",../outputs/elevenlabs/english/english_43.mp3
2026-03-01 16:31:35.953355,english,Set horizontal swing to auto in bedroom ac.,Sarvam,0.13106179237365723,"{""error"":{""message"":""Invalid or missing authentication credentials"",""code"":""invalid_api_key_error"",""request_id"":""20260301_e4e112a0-d1d6-4e47-97c6-63aa39d68551""}}",../outputs/sarvam/english/english_43.wav
2026-03-01 16:31:36.242092,english,Set temperature 30 degrees in the living room AC 2.,ElevenLabs,0.12018227577209473,"{""detail"":{""status"":""needs_authorization"",""message"":""Neither authorization header nor xi-api-key received, please provide one.""}}",../outputs/elevenlabs/english/english_44.mp3
2026-03-01 16:31:36.242092,english,Set temperature 30 degrees in the living room AC 2.,Sarvam,0.14821815490722656,"{""error"":{""message"":""Invalid or missing authentication credentials"",""code"":""invalid_api_key_error"",""request_id"":""20260301_edfe1e6b-4f51-4f92-b835-6b5eb84ec422""}}",../outputs/sarvam/english/english_44.wav
2026-03-01 16:31:36.511497,english,Turn on yoga room AC 1 and set it's switch off timer to 20 minutes.,ElevenLabs,0.13163161277770996,"{""detail"":{""status"":""needs_authorization"",""message"":""Neither authorization header nor xi-api-key received, please provide one.""}}",../outputs/elevenlabs/english/english_45.mp3
2026-03-01 16:31:36.511497,english,Turn on yoga room AC 1 and set it's switch off timer to 20 minutes.,Sarvam,0.14977145195007324,"{""error"":{""message"":""Invalid or missing authentication credentials"",""code"":""invalid_api_key_error"",""request_id"":""20260301_abe8d9f5-ae70-4d4b-bf24-7e9dbfa15247""}}",../outputs/sarvam/english/english_45.wav
2026-03-01 16:31:36.795424,english,Turn on humicon mode in yoga room AC 1.,ElevenLabs,0.12745928764343262,"{""detail"":{""status"":""needs_authorization"",""message"":""Neither authorization header nor xi-api-key received, please provide one.""}}",../outputs/elevenlabs/english/english_46.mp3
2026-03-01 16:31:36.795424,english,Turn on humicon mode in yoga room AC 1.,Sarvam,0.15881896018981934,"{""error"":{""message"":""Invalid or missing authentication credentials"",""code"":""invalid_api_key_error"",""request_id"":""20260301_cb7e0047-9661-4679-b41d-87f5cdf8e0e0""}}",../outputs/sarvam/english/english_46.wav
2026-03-01 16:31:37.082702,english,Turn off child lock mode in bedroom ac.,ElevenLabs,0.12104344367980957,"{""detail"":{""status"":""needs_authorization"",""message"":""Neither authorization header nor xi-api-key received, please provide one.""}}",../outputs/elevenlabs/english/english_47.mp3
2026-03-01 16:31:37.082702,english,Turn off child lock mode in bedroom ac.,Sarvam,0.12473773956298828,"{""error"":{""message"":""Invalid or missing authentication credentials"",""code"":""invalid_api_key_error"",""request_id"":""20260301_3409d013-e341-4b22-86bb-4ef91889b3f0""}}",../outputs/sarvam/english/english_47.wav
2026-03-01 16:31:37.329495,english,Turn on eco mode in the ac in bedroom.,ElevenLabs,0.12115025520324707,"{""detail"":{""status"":""needs_authorization"",""message"":""Neither authorization header nor xi-api-key received, please provide one.""}}",../outputs/elevenlabs/english/english_48.mp3
2026-03-01 16:31:37.329495,english,Turn on eco mode in the ac in bedroom.,Sarvam,0.15118145942687988,"{""error"":{""message"":""Invalid or missing authentication credentials"",""code"":""invalid_api_key_error"",""request_id"":""20260301_e9d04d94-6c2b-438d-b0a9-dcd8ea90cdba""}}",../outputs/sarvam/english/english_48.wav
2026-03-01 16:31:37.602829,english,Set light intensity low in the ac in bedroom.,ElevenLabs,0.1261610984802246,"{""detail"":{""status"":""needs_authorization"",""message"":""Neither authorization header nor xi-api-key received, please provide one.""}}",../outputs/elevenlabs/english/english_49.mp3
2026-03-01 16:31:37.602829,english,Set light intensity low in the ac in bedroom.,Sarvam,0.1476879119873047,"{""error"":{""message"":""Invalid or missing authentication credentials"",""code"":""invalid_api_key_error"",""request_id"":""20260301_dcb5dabf-bbfe-46f0-837a-39f18cc0ba77""}}",../outputs/sarvam/english/english_49.wav
2026-03-01 16:31:37.888405,hindi,बेडरूम एयर प्यूरीफायर 1 चालू करें।,ElevenLabs,0.14268088340759277,"{""detail"":{""status"":""needs_authorization"",""message"":""Neither authorization header nor xi-api-key received, please provide one.""}}",../outputs/elevenlabs/hindi/hindi_0.mp3
2026-03-01 16:31:37.888405,hindi,बेडरूम एयर प्यूरीफायर 1 चालू करें।,Sarvam,0.1899549961090088,"{""error"":{""message"":""Invalid or missing authentication credentials"",""code"":""invalid_api_key_error"",""request_id"":""20260301_167ea042-0139-4634-8e8c-923516596785""}}",../outputs/sarvam/hindi/hindi_0.wav
2026-03-01 16:31:38.223569,hindi,बेडरूम एयर प्यूरीफायर 1 में बजर कंट्रोल चालू करें।,ElevenLabs,0.14846205711364746,"{""detail"":{""status"":""needs_authorization"",""message"":""Neither authorization header nor xi-api-key received, please provide one.""}}",../outputs/elevenlabs/hindi/hindi_1.mp3
2026-03-01 16:31:38.223569,hindi,बेडरूम एयर प्यूरीफायर 1 में बजर कंट्रोल चालू करें।,Sarvam,0.13113093376159668,"{""error"":{""message"":""Invalid or missing authentication credentials"",""code"":""invalid_api_key_error"",""request_id"":""20260301_6e08abbb-ad0b-4938-81e0-05f4034644d2""}}",../outputs/sarvam/hindi/hindi_1.wav
2026-03-01 16:31:38.505156,hindi,बेडरूम एयर प्यूरीफायर 1 में फैन स्पीड 4 सेट करें।,ElevenLabs,0.12283706665039062,"{""detail"":{""status"":""needs_authorization"",""message"":""Neither authorization header nor xi-api-key received, please provide one.""}}",../outputs/elevenlabs/hindi/hindi_2.mp3
2026-03-01 16:31:38.505156,hindi,बेडरूम एयर प्यूरीफायर 1 में फैन स्पीड 4 सेट करें।,Sarvam,0.1365952491760254,"{""error"":{""message"":""Invalid or missing authentication credentials"",""code"":""invalid_api_key_error"",""request_id"":""20260301_d49cd126-0ac5-4f38-b198-ffa1678df7b2""}}",../outputs/sarvam/hindi/hindi_2.wav
2026-03-01 16:31:38.766599,hindi,बेडरूम एयर प्यूरीफायर 1 में नाइट मोड सेट करें।,ElevenLabs,0.12854218482971191,"{""detail"":{""status"":""needs_authorization"",""message"":""Neither authorization header nor xi-api-key received, please provide one.""}}",../outputs/elevenlabs/hindi/hindi_3.mp3
2026-03-01 16:31:38.766599,hindi,बेडरूम एयर प्यूरीफायर 1 में नाइट मोड सेट करें।,Sarvam,0.1435236930847168,"{""error"":{""message"":""Invalid or missing authentication credentials"",""code"":""invalid_api_key_error"",""request_id"":""20260301_a3d5a965-eac4-460a-81c1-2b9f3899f27e""}}",../outputs/sarvam/hindi/hindi_3.wav
2026-03-01 16:31:39.040650,hindi,बेडरूम एयर प्यूरीफायर 1 में 60 मिनट का स्विच ऑफ टाइमर सेट करें।,ElevenLabs,0.12778949737548828,"{""detail"":{""status"":""needs_authorization"",""message"":""Neither authorization header nor xi-api-key received, please provide one.""}}",../outputs/elevenlabs/hindi/hindi_4.mp3
2026-03-01 16:31:39.040650,hindi,बेडरूम एयर प्यूरीफायर 1 में 60 मिनट का स्विच ऑफ टाइमर सेट करें।,Sarvam,0.14222383499145508,"{""error"":{""message"":""Invalid or missing authentication credentials"",""code"":""invalid_api_key_error"",""request_id"":""20260301_1e2eb051-ee45-4b99-8347-bb4ac23de5a7""}}",../outputs/sarvam/hindi/hindi_4.wav
2026-03-01 16:31:39.312185,hindi,बेडरूम एयर प्यूरीफायर 1 में रिंग एलईडी ब्राइटनेस 40 पर सेट करें।,ElevenLabs,0.12861299514770508,"{""detail"":{""status"":""needs_authorization"",""message"":""Neither authorization header nor xi-api-key received, please provide one.""}}",../outputs/elevenlabs/hindi/hindi_5.mp3
2026-03-01 16:31:39.312185,hindi,बेडरूम एयर प्यूरीफायर 1 में रिंग एलईडी ब्राइटनेस 40 पर सेट करें।,Sarvam,0.15122032165527344,"{""error"":{""message"":""Invalid or missing authentication credentials"",""code"":""invalid_api_key_error"",""request_id"":""20260301_aab8c948-468f-4fdb-ac31-80d27068e843""}}",../outputs/sarvam/hindi/hindi_5.wav
2026-03-01 16:31:39.592626,hindi,बेडरूम एयर प्यूरीफायर 1 में टर्बो मोड चालू करें और बजर कंट्रोल बंद करें।,ElevenLabs,0.12875699996948242,"{""detail"":{""status"":""needs_authorization"",""message"":""Neither authorization header nor xi-api-key received, please provide one.""}}",../outputs/elevenlabs/hindi/hindi_6.mp3
2026-03-01 16:31:39.592626,hindi,बेडरूम एयर प्यूरीफायर 1 में टर्बो मोड चालू करें और बजर कंट्रोल बंद करें।,Sarvam,0.1319599151611328,"{""error"":{""message"":""Invalid or missing authentication credentials"",""code"":""invalid_api_key_error"",""request_id"":""20260301_7dfebeba-dba4-4695-84ba-0dc3f099ce2b""}}",../outputs/sarvam/hindi/hindi_6.wav
2026-03-01 16:31:39.854344,hindi,बेडरूम एयर प्यूरीफायर 1 में 720 मिनट का स्विच ऑफ टाइमर सेट करें।,ElevenLabs,0.12186694145202637,"{""detail"":{""status"":""needs_authorization"",""message"":""Neither authorization header nor xi-api-key received, please provide one.""}}",../outputs/elevenlabs/hindi/hindi_7.mp3
2026-03-01 16:31:39.854344,hindi,बेडरूम एयर प्यूरीफायर 1 में 720 मिनट का स्विच ऑफ टाइमर सेट करें।,Sarvam,0.13899993896484375,"{""error"":{""message"":""Invalid or missing authentication credentials"",""code"":""invalid_api_key_error"",""request_id"":""20260301_b0eba30b-9c7f-4fb4-9b1d-6993f395a845""}}",../outputs/sarvam/hindi/hindi_7.wav
2026-03-01 16:31:40.116726,hindi,डाइनिंग रूम में एयर प्यूरीफायर चालू करें।,ElevenLabs,0.13021612167358398,"{""detail"":{""status"":""needs_authorization"",""message"":""Neither authorization header nor xi-api-key received, please provide one.""}}",../outputs/elevenlabs/hindi/hindi_8.mp3
2026-03-01 16:31:40.116726,hindi,डाइनिंग रूम में एयर प्यूरीफायर चालू करें।,Sarvam,0.12978076934814453,"{""error"":{""message"":""Invalid or missing authentication credentials"",""code"":""invalid_api_key_error"",""request_id"":""20260301_b86cb312-59b1-4b3f-8f77-e5476c6b450a""}}",../outputs/sarvam/hindi/hindi_8.wav
2026-03-01 16:31:40.378236,hindi,मेरे बेडरूम एयर प्यूरीफायर 1 की स्थिति क्या है?,ElevenLabs,0.12720203399658203,"{""detail"":{""status"":""needs_authorization"",""message"":""Neither authorization header nor xi-api-key received, please provide one.""}}",../outputs/elevenlabs/hindi/hindi_9.mp3
2026-03-01 16:31:40.378236,hindi,मेरे बेडरूम एयर प्यूरीफायर 1 की स्थिति क्या है?,Sarvam,0.13157868385314941,"{""error"":{""message"":""Invalid or missing authentication credentials"",""code"":""invalid_api_key_error"",""request_id"":""20260301_098e748e-e3c0-40c5-981b-f979519f1227""}}",../outputs/sarvam/hindi/hindi_9.wav
2026-03-01 16:31:40.637016,hindi,डाइनिंग रूम एयर प्यूरीफायर 1 चालू करें।,ElevenLabs,0.11933779716491699,"{""detail"":{""status"":""needs_authorization"",""message"":""Neither authorization header nor xi-api-key received, please provide one.""}}",../outputs/elevenlabs/hindi/hindi_10.mp3
2026-03-01 16:31:40.637016,hindi,डाइनिंग रूम एयर प्यूरीफायर 1 चालू करें।,Sarvam,0.13599586486816406,"{""error"":{""message"":""Invalid or missing authentication credentials"",""code"":""invalid_api_key_error"",""request_id"":""20260301_e36475dd-95d9-41dd-b759-2797c9eecbb4""}}",../outputs/sarvam/hindi/hindi_10.wav
2026-03-01 16:31:40.893871,hindi,डाइनिंग रूम एयर प्यूरीफायर 1 में रिंग एलईडी ब्राइटनेस 70 सेट करें।,ElevenLabs,0.11803984642028809,"{""detail"":{""status"":""needs_authorization"",""message"":""Neither authorization header nor xi-api-key received, please provide one.""}}",../outputs/elevenlabs/hindi/hindi_11.mp3
2026-03-01 16:31:40.893871,hindi,डाइनिंग रूम एयर प्यूरीफायर 1 में रिंग एलईडी ब्राइटनेस 70 सेट करें।,Sarvam,0.14147520065307617,"{""error"":{""message"":""Invalid or missing authentication credentials"",""code"":""invalid_api_key_error"",""request_id"":""20260301_16c426f2-444a-4de0-be08-178098b4d9e4""}}",../outputs/sarvam/hindi/hindi_11.wav
2026-03-01 16:31:41.155389,hindi,डाइनिंग रूम एयर प्यूरीफायर 1 में हीटर पावर चालू करें।,ElevenLabs,0.1247258186340332,"{""detail"":{""status"":""needs_authorization"",""message"":""Neither authorization header nor xi-api-key received, please provide one.""}}",../outputs/elevenlabs/hindi/hindi_12.mp3
2026-03-01 16:31:41.155389,hindi,डाइनिंग रूम एयर प्यूरीफायर 1 में हीटर पावर चालू करें।,Sarvam,0.14321327209472656,"{""error"":{""message"":""Invalid or missing authentication credentials"",""code"":""invalid_api_key_error"",""request_id"":""20260301_56eaa4bb-fd4d-4c99-b723-54a77c9b8ea6""}}",../outputs/sarvam/hindi/hindi_12.wav
2026-03-01 16:31:41.424344,hindi,डाइनिंग रूम एयर प्यूरीफायर 1 में नाइट मोड सेट करें।,ElevenLabs,0.11965680122375488,"{""detail"":{""status"":""needs_authorization"",""message"":""Neither authorization header nor xi-api-key received, please provide one.""}}",../outputs/elevenlabs/hindi/hindi_13.mp3
2026-03-01 16:31:41.424344,hindi,डाइनिंग रूम एयर प्यूरीफायर 1 में नाइट मोड सेट करें।,Sarvam,0.17609190940856934,"{""error"":{""message"":""Invalid or missing authentication credentials"",""code"":""invalid_api_key_error"",""request_id"":""20260301_45bc1767-6b0d-456d-b792-98f8d89eba81""}}",../outputs/sarvam/hindi/hindi_13.wav
2026-03-01 16:31:41.722132,hindi,डाइनिंग रूम एयर प्यूरीफायर 1 में 180 मिनट का स्विच ऑफ टाइमर सेट करें।,ElevenLabs,0.1227869987487793,"{""detail"":{""status"":""needs_authorization"",""message"":""Neither authorization header nor xi-api-key received, please provide one.""}}",../outputs/elevenlabs/hindi/hindi_14.mp3
2026-03-01 16:31:41.722132,hindi,डाइनिंग रूम एयर प्यूरीफायर 1 में 180 मिनट का स्विच ऑफ टाइमर सेट करें।,Sarvam,0.12880444526672363,"{""error"":{""message"":""Invalid or missing authentication credentials"",""code"":""invalid_api_key_error"",""request_id"":""20260301_f969b11e-c736-4cc0-811d-ccb6ec5c2ad1""}}",../outputs/sarvam/hindi/hindi_14.wav
2026-03-01 16:31:41.974734,hindi,डाइनिंग रूम एयर प्यूरीफायर 1 में बजर कंट्रोल चालू करें।,ElevenLabs,0.1310431957244873,"{""detail"":{""status"":""needs_authorization"",""message"":""Neither authorization header nor xi-api-key received, please provide one.""}}",../outputs/elevenlabs/hindi/hindi_15.mp3
2026-03-01 16:31:41.974734,hindi,डाइनिंग रूम एयर प्यूरीफायर 1 में बजर कंट्रोल चालू करें।,Sarvam,0.14255595207214355,"{""error"":{""message"":""Invalid or missing authentication credentials"",""code"":""invalid_api_key_error"",""request_id"":""20260301_0a66e32f-32fd-49de-9cca-0802d0dd371d""}}",../outputs/sarvam/hindi/hindi_15.wav
2026-03-01 16:31:42.250849,hindi,डाइनिंग रूम एयर प्यूरीफायर 1 में फैन स्पीड 3 सेट करें।,ElevenLabs,0.12367630004882812,"{""detail"":{""status"":""needs_authorization"",""message"":""Neither authorization header nor xi-api-key received, please provide one.""}}",../outputs/elevenlabs/hindi/hindi_16.mp3
2026-03-01 16:31:42.250849,hindi,डाइनिंग रूम एयर प्यूरीफायर 1 में फैन स्पीड 3 सेट करें।,Sarvam,0.14142799377441406,"{""error"":{""message"":""Invalid or missing authentication credentials"",""code"":""invalid_api_key_error"",""request_id"":""20260301_8bb76a39-c5f4-4047-8414-399a325f08f0""}}",../outputs/sarvam/hindi/hindi_16.wav
2026-03-01 16:31:42.518983,hindi,डाइनिंग रूम एयर प्यूरीफायर 1 चालू करें।,ElevenLabs,0.12327170372009277,"{""detail"":{""status"":""needs_authorization"",""message"":""Neither authorization header nor xi-api-key received, please provide one.""}}",../outputs/elevenlabs/hindi/hindi_17.mp3
2026-03-01 16:31:42.518983,hindi,डाइनिंग रूम एयर प्यूरीफायर 1 चालू करें।,Sarvam,0.14887547492980957,"{""error"":{""message"":""Invalid or missing authentication credentials"",""code"":""invalid_api_key_error"",""request_id"":""20260301_f7f50d01-e1cd-45a9-b406-a2d163a37a9b""}}",../outputs/sarvam/hindi/hindi_17.wav
2026-03-01 16:31:42.792147,hindi,डाइनिंग रूम एयर प्यूरीफायर 1 में रिंग एलईडी ब्राइटनेस 200 पर सेट करें।,ElevenLabs,0.12210965156555176,"{""detail"":{""status"":""needs_authorization"",""message"":""Neither authorization header nor xi-api-key received, please provide one.""}}",../outputs/elevenlabs/hindi/hindi_18.mp3
2026-03-01 16:31:42.792147,hindi,डाइनिंग रूम एयर प्यूरीफायर 1 में रिंग एलईडी ब्राइटनेस 200 पर सेट करें।,Sarvam,0.1655263900756836,"{""error"":{""message"":""Invalid or missing authentication credentials"",""code"":""invalid_api_key_error"",""request_id"":""20260301_5376d1cc-1c46-465d-99a8-d90b0faccd5f""}}",../outputs/sarvam/hindi/hindi_18.wav
2026-03-01 16:31:43.080796,hindi,डाइनिंग रूम एयर प्यूरीफायर 100 में 180 मिनट का स्विच ऑफ टाइमर सेट करें।,ElevenLabs,0.11750531196594238,"{""detail"":{""status"":""needs_authorization"",""message"":""Neither authorization header nor xi-api-key received, please provide one.""}}",../outputs/elevenlabs/hindi/hindi_19.mp3
2026-03-01 16:31:43.080796,hindi,डाइनिंग रूम एयर प्यूरीफायर 100 में 180 मिनट का स्विच ऑफ टाइमर सेट करें।,Sarvam,0.13101577758789062,"{""error"":{""message"":""Invalid or missing authentication credentials"",""code"":""invalid_api_key_error"",""request_id"":""20260301_2447ea29-f140-4a09-b10e-3f16ee7eddd7""}}",../outputs/sarvam/hindi/hindi_19.wav
2026-03-01 16:31:43.330708,hindi,लिविंग रूम एयर प्यूरीफायर 1 चालू करें।,ElevenLabs,0.12265968322753906,"{""detail"":{""status"":""needs_authorization"",""message"":""Neither authorization header nor xi-api-key received, please provide one.""}}",../outputs/elevenlabs/hindi/hindi_20.mp3
2026-03-01 16:31:43.330708,hindi,लिविंग रूम एयर प्यूरीफायर 1 चालू करें।,Sarvam,0.13405489921569824,"{""error"":{""message"":""Invalid or missing authentication credentials"",""code"":""invalid_api_key_error"",""request_id"":""20260301_a65ee95c-5124-4831-852b-0b4d52f9d31b""}}",../outputs/sarvam/hindi/hindi_20.wav
2026-03-01 16:31:43.589429,hindi,लिविंग रूम एयर प्यूरीफायर 1 में 60 मिनट का स्विच ऑफ टाइमर सेट करें।,ElevenLabs,0.1283893585205078,"{""detail"":{""status"":""needs_authorization"",""message"":""Neither authorization header nor xi-api-key received, please provide one.""}}",../outputs/elevenlabs/hindi/hindi_21.mp3
2026-03-01 16:31:43.589429,hindi,लिविंग रूम एयर प्यूरीफायर 1 में 60 मिनट का स्विच ऑफ टाइमर सेट करें।,Sarvam,0.15189790725708008,"{""error"":{""message"":""Invalid or missing authentication credentials"",""code"":""invalid_api_key_error"",""request_id"":""20260301_f69d326f-3484-4431-b6fa-7841e835c00e""}}",../outputs/sarvam/hindi/hindi_21.wav
2026-03-01 16:31:43.872262,hindi,लिविंग रूम एयर प्यूरीफायर 1 में नाइट मोड चालू करें।,ElevenLabs,0.12191200256347656,"{""detail"":{""status"":""needs_authorization"",""message"":""Neither authorization header nor xi-api-key received, please provide one.""}}",../outputs/elevenlabs/hindi/hindi_22.mp3
2026-03-01 16:31:43.872262,hindi,लिविंग रूम एयर प्यूरीफायर 1 में नाइट मोड चालू करें।,Sarvam,0.19019150733947754,"{""error"":{""message"":""Invalid or missing authentication credentials"",""code"":""invalid_api_key_error"",""request_id"":""20260301_de9dbf8b-6ef6-41fc-8396-3267877b9f56""}}",../outputs/sarvam/hindi/hindi_22.wav
2026-03-01 16:31:44.185369,hindi,लिविंग रूम एयर प्यूरीफायर 1 की फैन पावर बंद करें।,ElevenLabs,0.12803125381469727,"{""detail"":{""status"":""needs_authorization"",""message"":""Neither authorization header nor xi-api-key received, please provide one.""}}",../outputs/elevenlabs/hindi/hindi_23.mp3
2026-03-01 16:31:44.185369,hindi,लिविंग रूम एयर प्यूरीफायर 1 की फैन पावर बंद करें।,Sarvam,0.147505521774292,"{""error"":{""message"":""Invalid or missing authentication credentials"",""code"":""invalid_api_key_error"",""request_id"":""20260301_263e2817-4738-4e14-bc97-3f183615e547""}}",../outputs/sarvam/hindi/hindi_23.wav
2026-03-01 16:31:44.463449,hindi,लिविंग रूम एयर प्यूरीफायर 1 में फैन पावर चालू करें और फैन स्पीड 4 सेट करें।,ElevenLabs,0.14104223251342773,"{""detail"":{""status"":""needs_authorization"",""message"":""Neither authorization header nor xi-api-key received, please provide one.""}}",../outputs/elevenlabs/hindi/hindi_24.mp3
2026-03-01 16:31:44.463449,hindi,लिविंग रूम एयर प्यूरीफायर 1 में फैन पावर चालू करें और फैन स्पीड 4 सेट करें।,Sarvam,0.13362860679626465,"{""error"":{""message"":""Invalid or missing authentication credentials"",""code"":""invalid_api_key_error"",""request_id"":""20260301_34fb9d55-6d5c-401c-9f66-949177965b1f""}}",../outputs/sarvam/hindi/hindi_24.wav
2026-03-01 16:31:44.739126,hindi,लिविंग रूम एयर प्यूरीफायर 1 में फैन की गति 8 सेट करें।,ElevenLabs,0.14566755294799805,"{""detail"":{""status"":""needs_authorization"",""message"":""Neither authorization header nor xi-api-key received, please provide one.""}}",../outputs/elevenlabs/hindi/hindi_25.mp3
2026-03-01 16:31:44.739126,hindi,लिविंग रूम एयर प्यूरीफायर 1 में फैन की गति 8 सेट करें।,Sarvam,0.14153838157653809,"{""error"":{""message"":""Invalid or missing authentication credentials"",""code"":""invalid_api_key_error"",""request_id"":""20260301_6dca4158-316b-48fd-8dd8-6c46df0963b3""}}",../outputs/sarvam/hindi/hindi_25.wav
2026-03-01 16:31:45.028034,hindi,लिविंग रूम एयर प्यूरीफायर 1 बंद करें।,ElevenLabs,0.13045835494995117,"{""detail"":{""status"":""needs_authorization"",""message"":""Neither authorization header nor xi-api-key received, please provide one.""}}",../outputs/elevenlabs/hindi/hindi_26.mp3
2026-03-01 16:31:45.028034,hindi,लिविंग रूम एयर प्यूरीफायर 1 बंद करें।,Sarvam,0.14615726470947266,"{""error"":{""message"":""Invalid or missing authentication credentials"",""code"":""invalid_api_key_error"",""request_id"":""20260301_3de2a73a-18a6-4cde-bc60-c72e486152c2""}}",../outputs/sarvam/hindi/hindi_26.wav
2026-03-01 16:31:45.307186,hindi,लिविंग रूम एयर प्यूरीफायर 1 बंद करें।,ElevenLabs,0.12450432777404785,"{""detail"":{""status"":""needs_authorization"",""message"":""Neither authorization header nor xi-api-key received, please provide one.""}}",../outputs/elevenlabs/hindi/hindi_27.mp3
2026-03-01 16:31:45.307186,hindi,लिविंग रूम एयर प्यूरीफायर 1 बंद करें।,Sarvam,0.12840509414672852,"{""error"":{""message"":""Invalid or missing authentication credentials"",""code"":""invalid_api_key_error"",""request_id"":""20260301_ce179904-e431-49fc-813a-45f5472d9482""}}",../outputs/sarvam/hindi/hindi_27.wav
2026-03-01 16:31:45.560648,hindi,लिविंग रूम एयर प्यूरीफायर 1 में फैन की गति 2 सेट करें।,ElevenLabs,0.14089679718017578,"{""detail"":{""status"":""needs_authorization"",""message"":""Neither authorization header nor xi-api-key received, please provide one.""}}",../outputs/elevenlabs/hindi/hindi_28.mp3
2026-03-01 16:31:45.560648,hindi,लिविंग रूम एयर प्यूरीफायर 1 में फैन की गति 2 सेट करें।,Sarvam,0.15453124046325684,"{""error"":{""message"":""Invalid or missing authentication credentials"",""code"":""invalid_api_key_error"",""request_id"":""20260301_0c68efa6-0485-438f-95e2-9ca7065e64cb""}}",../outputs/sarvam/hindi/hindi_28.wav
2026-03-01 16:31:45.858609,hindi,मेरे शयनकक्ष में कौन-कौन से उपकरण हैं?,ElevenLabs,0.12058639526367188,"{""detail"":{""status"":""needs_authorization"",""message"":""Neither authorization header nor xi-api-key received, please provide one.""}}",../outputs/elevenlabs/hindi/hindi_29.mp3
2026-03-01 16:31:45.858609,hindi,मेरे शयनकक्ष में कौन-कौन से उपकरण हैं?,Sarvam,0.13403534889221191,"{""error"":{""message"":""Invalid or missing authentication credentials"",""code"":""invalid_api_key_error"",""request_id"":""20260301_c1a289e7-0e98-46dd-aa6d-713ba5b678fa""}}",../outputs/sarvam/hindi/hindi_29.wav
2026-03-01 16:31:46.114246,hindi,शयनकक्ष में AC चालू करें।,ElevenLabs,0.12243890762329102,"{""detail"":{""status"":""needs_authorization"",""message"":""Neither authorization header nor xi-api-key received, please provide one.""}}",../outputs/elevenlabs/hindi/hindi_30.mp3
2026-03-01 16:31:46.114246,hindi,शयनकक्ष में AC चालू करें।,Sarvam,0.13099908828735352,"{""error"":{""message"":""Invalid or missing authentication credentials"",""code"":""invalid_api_key_error"",""request_id"":""20260301_00946803-65ef-4dfc-bb9c-3df3f6d6fc62""}}",../outputs/sarvam/hindi/hindi_30.wav
2026-03-01 16:31:46.369186,hindi,शयनकक्ष के AC में तापमान 18 डिग्री सेट करें।,ElevenLabs,0.12735867500305176,"{""detail"":{""status"":""needs_authorization"",""message"":""Neither authorization header nor xi-api-key received, please provide one.""}}",../outputs/elevenlabs/hindi/hindi_31.mp3
2026-03-01 16:31:46.369186,hindi,शयनकक्ष के AC में तापमान 18 डिग्री सेट करें।,Sarvam,0.1611487865447998,"{""error"":{""message"":""Invalid or missing authentication credentials"",""code"":""invalid_api_key_error"",""request_id"":""20260301_1c045276-cbb6-458b-93a7-93491637143c""}}",../outputs/sarvam/hindi/hindi_31.wav
2026-03-01 16:31:46.658700,hindi,शयनकक्ष के AC में डिस्प्ले मोड चालू करें।,ElevenLabs,0.13732647895812988,"{""detail"":{""status"":""needs_authorization"",""message"":""Neither authorization header nor xi-api-key received, please provide one.""}}",../outputs/elevenlabs/hindi/hindi_32.mp3
2026-03-01 16:31:46.658700,hindi,शयनकक्ष के AC में डिस्प्ले मोड चालू करें।,Sarvam,0.16177868843078613,"{""error"":{""message"":""Invalid or missing authentication credentials"",""code"":""invalid_api_key_error"",""request_id"":""20260301_00f8f23f-b4c5-48c6-aff5-e9cfc3db9778""}}",../outputs/sarvam/hindi/hindi_32.wav
2026-03-01 16:31:46.960298,hindi,डाइनिंग रूम में AC चालू करें।,ElevenLabs,0.11537671089172363,"{""detail"":{""status"":""needs_authorization"",""message"":""Neither authorization header nor xi-api-key received, please provide one.""}}",../outputs/elevenlabs/hindi/hindi_33.mp3
2026-03-01 16:31:46.960298,hindi,डाइनिंग रूम में AC चालू करें।,Sarvam,0.14138340950012207,"{""error"":{""message"":""Invalid or missing authentication credentials"",""code"":""invalid_api_key_error"",""request_id"":""20260301_78a8276b-2fe9-4c82-89c4-c024e6ebf0b1""}}",../outputs/sarvam/hindi/hindi_33.wav
2026-03-01 16:31:47.219071,hindi,ऑफिस AC 2 चालू करें।,ElevenLabs,0.13875126838684082,"{""detail"":{""status"":""needs_authorization"",""message"":""Neither authorization header nor xi-api-key received, please provide one.""}}",../outputs/elevenlabs/hindi/hindi_34.mp3
2026-03-01 16:31:47.219071,hindi,ऑफिस AC 2 चालू करें।,Sarvam,0.13078880310058594,"{""error"":{""message"":""Invalid or missing authentication credentials"",""code"":""invalid_api_key_error"",""request_id"":""20260301_f09081a3-9de9-43f3-8088-7bde98794ca3""}}",../outputs/sarvam/hindi/hindi_34.wav
2026-03-01 16:31:47.490631,hindi,शयनकक्ष के AC में ड्राई मोड सेट करें।,ElevenLabs,0.11958193778991699,"{""detail"":{""status"":""needs_authorization"",""message"":""Neither authorization header nor xi-api-key received, please provide one.""}}",../outputs/elevenlabs/hindi/hindi_35.mp3
2026-03-01 16:31:47.490631,hindi,शयनकक्ष के AC में ड्राई मोड सेट करें।,Sarvam,0.13957643508911133,"{""error"":{""message"":""Invalid or missing authentication credentials"",""code"":""invalid_api_key_error"",""request_id"":""20260301_4a185853-0a6e-4084-816c-bdf19d45dcb7""}}",../outputs/sarvam/hindi/hindi_35.wav
2026-03-01 16:31:47.751788,hindi,शयनकक्ष के AC में स्लीप मोड चालू करें।,ElevenLabs,0.13455963134765625,"{""detail"":{""status"":""needs_authorization"",""message"":""Neither authorization header nor xi-api-key received, please provide one.""}}",../outputs/elevenlabs/hindi/hindi_36.mp3
2026-03-01 16:31:47.751788,hindi,शयनकक्ष के AC में स्लीप मोड चालू करें।,Sarvam,0.13439154624938965,"{""error"":{""message"":""Invalid or missing authentication credentials"",""code"":""invalid_api_key_error"",""request_id"":""20260301_895ade81-aef5-412f-b34c-ff709c560f7f""}}",../outputs/sarvam/hindi/hindi_36.wav
2026-03-01 16:31:48.021773,hindi,शयनकक्ष के AC में वर्टिकल स्विंग को पोजीशन 5 पर सेट करें।,ElevenLabs,0.12419676780700684,"{""detail"":{""status"":""needs_authorization"",""message"":""Neither authorization header nor xi-api-key received, please provide one.""}}",../outputs/elevenlabs/hindi/hindi_37.mp3
2026-03-01 16:31:48.021773,hindi,शयनकक्ष के AC में वर्टिकल स्विंग को पोजीशन 5 पर सेट करें।,Sarvam,0.14748787879943848,"{""error"":{""message"":""Invalid or missing authentication credentials"",""code"":""invalid_api_key_error"",""request_id"":""20260301_bdf2d7fd-4fbc-46f3-aff4-e940828f9576""}}",../outputs/sarvam/hindi/hindi_37.wav
2026-03-01 16:31:48.295472,hindi,शयनकक्ष के AC में स्काई हाई कलर चालू करें।,ElevenLabs,0.12548065185546875,"{""detail"":{""status"":""needs_authorization"",""message"":""Neither authorization header nor xi-api-key received, please provide one.""}}",../outputs/elevenlabs/hindi/hindi_38.mp3
2026-03-01 16:31:48.295472,hindi,शयनकक्ष के AC में स्काई हाई कलर चालू करें।,Sarvam,0.15635037422180176,"{""error"":{""message"":""Invalid or missing authentication credentials"",""code"":""invalid_api_key_error"",""request_id"":""20260301_3371b33f-0e81-4670-afdb-a6ba8fc7daf5""}}",../outputs/sarvam/hindi/hindi_38.wav
2026-03-01 16:31:48.578311,hindi,लिविंग रूम AC 2 चालू करें और उसका हॉरिज़ॉन्टल स्विंग पोजीशन 2 पर सेट करें।,ElevenLabs,0.13275432586669922,"{""detail"":{""status"":""needs_authorization"",""message"":""Neither authorization header nor xi-api-key received, please provide one.""}}",../outputs/elevenlabs/hindi/hindi_39.mp3
2026-03-01 16:31:48.578311,hindi,लिविंग रूम AC 2 चालू करें और उसका हॉरिज़ॉन्टल स्विंग पोजीशन 2 पर सेट करें।,Sarvam,0.16364121437072754,"{""error"":{""message"":""Invalid or missing authentication credentials"",""code"":""invalid_api_key_error"",""request_id"":""20260301_8aa7b4fd-48af-43c3-b087-5b527ceb5d5d""}}",../outputs/sarvam/hindi/hindi_39.wav
2026-03-01 16:31:48.876217,hindi,लिविंग रूम AC 2 में टर्बो मोड चालू करें।,ElevenLabs,0.12152934074401855,"{""detail"":{""status"":""needs_authorization"",""message"":""Neither authorization header nor xi-api-key received, please provide one.""}}",../outputs/elevenlabs/hindi/hindi_40.mp3
2026-03-01 16:31:48.876217,hindi,लिविंग रूम AC 2 में टर्बो मोड चालू करें।,Sarvam,0.14844942092895508,"{""error"":{""message"":""Invalid or missing authentication credentials"",""code"":""invalid_api_key_error"",""request_id"":""20260301_87038106-2bc1-4a64-8033-3b8905d279f8""}}",../outputs/sarvam/hindi/hindi_40.wav
2026-03-01 16:31:49.147807,hindi,शयनकक्ष के AC में चाइल्ड लॉक चालू करें।,ElevenLabs,0.20716333389282227,"{""detail"":{""status"":""needs_authorization"",""message"":""Neither authorization header nor xi-api-key received, please provide one.""}}",../outputs/elevenlabs/hindi/hindi_41.mp3
2026-03-01 16:31:49.147807,hindi,शयनकक्ष के AC में चाइल्ड लॉक चालू करें।,Sarvam,0.14075064659118652,"{""error"":{""message"":""Invalid or missing authentication credentials"",""code"":""invalid_api_key_error"",""request_id"":""20260301_a9938d20-72b5-4e28-958f-437a8bdaa8ba""}}",../outputs/sarvam/hindi/hindi_41.wav
2026-03-01 16:31:49.497727,hindi,ऑफिस AC 2 में फैन की गति हाई सेट करें।,ElevenLabs,0.11377286911010742,"{""detail"":{""status"":""needs_authorization"",""message"":""Neither authorization header nor xi-api-key received, please provide one.""}}",../outputs/elevenlabs/hindi/hindi_42.mp3
2026-03-01 16:31:49.497727,hindi,ऑफिस AC 2 में फैन की गति हाई सेट करें।,Sarvam,0.1854405403137207,"{""error"":{""message"":""Invalid or missing authentication credentials"",""code"":""invalid_api_key_error"",""request_id"":""20260301_989df767-319e-405e-95b4-b04b2ceecb40""}}",../outputs/sarvam/hindi/hindi_42.wav
2026-03-01 16:31:49.797977,hindi,शयनकक्ष के AC में हॉरिज़ॉन्टल स्विंग को ऑटो पर सेट करें।,ElevenLabs,0.1283257007598877,"{""detail"":{""status"":""needs_authorization"",""message"":""Neither authorization header nor xi-api-key received, please provide one.""}}",../outputs/elevenlabs/hindi/hindi_43.mp3
2026-03-01 16:31:49.797977,hindi,शयनकक्ष के AC में हॉरिज़ॉन्टल स्विंग को ऑटो पर सेट करें।,Sarvam,0.16367673873901367,"{""error"":{""message"":""Invalid or missing authentication credentials"",""code"":""invalid_api_key_error"",""request_id"":""20260301_d0806a4f-0864-4927-95f3-d2c0e7de6149""}}",../outputs/sarvam/hindi/hindi_43.wav
2026-03-01 16:31:50.090975,hindi,लिविंग रूम AC 2 में तापमान 30 डिग्री सेट करें।,ElevenLabs,0.12604022026062012,"{""detail"":{""status"":""needs_authorization"",""message"":""Neither authorization header nor xi-api-key received, please provide one.""}}",../outputs/elevenlabs/hindi/hindi_44.mp3
2026-03-01 16:31:50.090975,hindi,लिविंग रूम AC 2 में तापमान 30 डिग्री सेट करें।,Sarvam,0.13235831260681152,"{""error"":{""message"":""Invalid or missing authentication credentials"",""code"":""invalid_api_key_error"",""request_id"":""20260301_67e25e53-31cc-4a9c-af29-48ed3b47ef3f""}}",../outputs/sarvam/hindi/hindi_44.wav
2026-03-01 16:31:50.350964,hindi,योगा रूम AC 1 चालू करें और उसका स्विच ऑफ टाइमर 20 मिनट पर सेट करें।,ElevenLabs,0.1172490119934082,"{""detail"":{""status"":""needs_authorization"",""message"":""Neither authorization header nor xi-api-key received, please provide one.""}}",../outputs/elevenlabs/hindi/hindi_45.mp3
2026-03-01 16:31:50.350964,hindi,योगा रूम AC 1 चालू करें और उसका स्विच ऑफ टाइमर 20 मिनट पर सेट करें।,Sarvam,0.1400604248046875,"{""error"":{""message"":""Invalid or missing authentication credentials"",""code"":""invalid_api_key_error"",""request_id"":""20260301_de7d9cf1-6383-4a62-90b8-87c15ecc8cbe""}}",../outputs/sarvam/hindi/hindi_45.wav
2026-03-01 16:31:50.609276,hindi,योगा रूम AC 1 में ह्यूमिकॉन मोड चालू करें।,ElevenLabs,0.11772966384887695,"{""detail"":{""status"":""needs_authorization"",""message"":""Neither authorization header nor xi-api-key received, please provide one.""}}",../outputs/elevenlabs/hindi/hindi_46.mp3
2026-03-01 16:31:50.609276,hindi,योगा रूम AC 1 में ह्यूमिकॉन मोड चालू करें।,Sarvam,0.15203022956848145,"{""error"":{""message"":""Invalid or missing authentication credentials"",""code"":""invalid_api_key_error"",""request_id"":""20260301_2612d021-5d64-4862-bb48-b80577d726d7""}}",../outputs/sarvam/hindi/hindi_46.wav
2026-03-01 16:31:50.882055,hindi,शयनकक्ष के AC में चाइल्ड लॉक मोड बंद करें।,ElevenLabs,0.12807488441467285,"{""detail"":{""status"":""needs_authorization"",""message"":""Neither authorization header nor xi-api-key received, please provide one.""}}",../outputs/elevenlabs/hindi/hindi_47.mp3
2026-03-01 16:31:50.882055,hindi,शयनकक्ष के AC में चाइल्ड लॉक मोड बंद करें।,Sarvam,0.15036845207214355,"{""error"":{""message"":""Invalid or missing authentication credentials"",""code"":""invalid_api_key_error"",""request_id"":""20260301_d2223e96-8c0b-4ffa-8cad-0a51aac1ea6e""}}",../outputs/sarvam/hindi/hindi_47.wav
2026-03-01 16:31:51.161521,hindi,शयनकक्ष के AC में इको मोड चालू करें।,ElevenLabs,0.11601042747497559,"{""detail"":{""status"":""needs_authorization"",""message"":""Neither authorization header nor xi-api-key received, please provide one.""}}",../outputs/elevenlabs/hindi/hindi_48.mp3
2026-03-01 16:31:51.161521,hindi,शयनकक्ष के AC में इको मोड चालू करें।,Sarvam,0.13415169715881348,"{""error"":{""message"":""Invalid or missing authentication credentials"",""code"":""invalid_api_key_error"",""request_id"":""20260301_1d1ac751-4872-4862-aadf-59163716aec7""}}",../outputs/sarvam/hindi/hindi_48.wav
2026-03-01 16:31:51.413220,hindi,शयनकक्ष के AC में लाइट इंटेंसिटी लो सेट करें।,ElevenLabs,0.16072607040405273,"{""detail"":{""status"":""needs_authorization"",""message"":""Neither authorization header nor xi-api-key received, please provide one.""}}",../outputs/elevenlabs/hindi/hindi_49.mp3
2026-03-01 16:31:51.413220,hindi,शयनकक्ष के AC में लाइट इंटेंसिटी लो सेट करें।,Sarvam,0.13633108139038086,"{""error"":{""message"":""Invalid or missing authentication credentials"",""code"":""invalid_api_key_error"",""request_id"":""20260301_999230a8-6f9e-48c4-b9dc-996477dfa984""}}",../outputs/sarvam/hindi/hindi_49.wav
2026-03-01 16:31:51.719945,tamil,படுக்கையறை ஏர் ப்யூரிஃபையர் 1 ஐ இயக்கவும்.,ElevenLabs,0.12700271606445312,"{""detail"":{""status"":""needs_authorization"",""message"":""Neither authorization header nor xi-api-key received, please provide one.""}}",../outputs/elevenlabs/tamil/tamil_0.mp3
2026-03-01 16:31:51.719945,tamil,படுக்கையறை ஏர் ப்யூரிஃபையர் 1 ஐ இயக்கவும்.,Sarvam,0.1277751922607422,"{""error"":{""message"":""Invalid or missing authentication credentials"",""code"":""invalid_api_key_error"",""request_id"":""20260301_622678ef-37de-4d51-9347-5d691eeb634e""}}",../outputs/sarvam/tamil/tamil_0.wav
2026-03-01 16:31:51.976232,tamil,படுக்கையறை ஏர் ப்யூரிஃபையர் 1 இல் பஸ்சர் கட்டுப்பாட்டை இயக்கவும்.,ElevenLabs,0.11561846733093262,"{""detail"":{""status"":""needs_authorization"",""message"":""Neither authorization header nor xi-api-key received, please provide one.""}}",../outputs/elevenlabs/tamil/tamil_1.mp3
2026-03-01 16:31:51.976232,tamil,படுக்கையறை ஏர் ப்யூரிஃபையர் 1 இல் பஸ்சர் கட்டுப்பாட்டை இயக்கவும்.,Sarvam,0.13878965377807617,"{""error"":{""message"":""Invalid or missing authentication credentials"",""code"":""invalid_api_key_error"",""request_id"":""20260301_779422b1-72b1-4ea8-bce5-67cedd943a9e""}}",../outputs/sarvam/tamil/tamil_1.wav
2026-03-01 16:31:52.230640,tamil,படுக்கையறை ஏர் ப்யூரிஃபையர் 1 இல் பேன் வேகம் 4 அமைக்கவும்.,ElevenLabs,0.13763785362243652,"{""detail"":{""status"":""needs_authorization"",""message"":""Neither authorization header nor xi-api-key received, please provide one.""}}",../outputs/elevenlabs/tamil/tamil_2.mp3
2026-03-01 16:31:52.230640,tamil,படுக்கையறை ஏர் ப்யூரிஃபையர் 1 இல் பேன் வேகம் 4 அமைக்கவும்.,Sarvam,0.12501001358032227,"{""error"":{""message"":""Invalid or missing authentication credentials"",""code"":""invalid_api_key_error"",""request_id"":""20260301_3f1bcf63-8880-47b1-9790-79f6a096dc82""}}",../outputs/sarvam/tamil/tamil_2.wav
2026-03-01 16:31:52.496317,tamil,படுக்கையறை ஏர் ப்யூரிஃபையர் 1 இல் நைட் மோடு அமைக்கவும்.,ElevenLabs,0.12381339073181152,"{""detail"":{""status"":""needs_authorization"",""message"":""Neither authorization header nor xi-api-key received, please provide one.""}}",../outputs/elevenlabs/tamil/tamil_3.mp3
2026-03-01 16:31:52.496317,tamil,படுக்கையறை ஏர் ப்யூரிஃபையர் 1 இல் நைட் மோடு அமைக்கவும்.,Sarvam,0.13321161270141602,"{""error"":{""message"":""Invalid or missing authentication credentials"",""code"":""invalid_api_key_error"",""request_id"":""20260301_5070cd17-e4d2-4876-8da7-b4e834b813fb""}}",../outputs/sarvam/tamil/tamil_3.wav
2026-03-01 16:31:52.754341,tamil,படுக்கையறை ஏர் ப்யூரிஃபையர் 1 இல் 60 நிமிட ஸ்விட்ச் ஆஃப் டைமரை அமைக்கவும்.,ElevenLabs,0.12180304527282715,"{""detail"":{""status"":""needs_authorization"",""message"":""Neither authorization header nor xi-api-key received, please provide one.""}}",../outputs/elevenlabs/tamil/tamil_4.mp3
2026-03-01 16:31:52.754341,tamil,படுக்கையறை ஏர் ப்யூரிஃபையர் 1 இல் 60 நிமிட ஸ்விட்ச் ஆஃப் டைமரை அமைக்கவும்.,Sarvam,0.12765145301818848,"{""error"":{""message"":""Invalid or missing authentication credentials"",""code"":""invalid_api_key_error"",""request_id"":""20260301_f073afc1-4d91-44e3-93c2-0e93a2cd451e""}}",../outputs/sarvam/tamil/tamil_4.wav
2026-03-01 16:31:53.005787,tamil,படுக்கையறை ஏர் ப்யூரிஃபையர் 1 இல் ரிங் எல்இடி பிரைட்ட்னஸ் 40 ஆக அமைக்கவும்.,ElevenLabs,0.11920475959777832,"{""detail"":{""status"":""needs_authorization"",""message"":""Neither authorization header nor xi-api-key received, please provide one.""}}",../outputs/elevenlabs/tamil/tamil_5.mp3
2026-03-01 16:31:53.005787,tamil,படுக்கையறை ஏர் ப்யூரிஃபையர் 1 இல் ரிங் எல்இடி பிரைட்ட்னஸ் 40 ஆக அமைக்கவும்.,Sarvam,0.13837599754333496,"{""error"":{""message"":""Invalid or missing authentication credentials"",""code"":""invalid_api_key_error"",""request_id"":""20260301_3a86fc0e-8b35-4169-ae16-4edc00197985""}}",../outputs/sarvam/tamil/tamil_5.wav
2026-03-01 16:31:53.264384,tamil,படுக்கையறை ஏர் ப்யூரிஃபையர் 1 இல் டர்போ மோடு இயக்கி பஸ்சர் கட்டுப்பாட்டை அணைக்கவும்.,ElevenLabs,0.12299203872680664,"{""detail"":{""status"":""needs_authorization"",""message"":""Neither authorization header nor xi-api-key received, please provide one.""}}",../outputs/elevenlabs/tamil/tamil_6.mp3
2026-03-01 16:31:53.264384,tamil,படுக்கையறை ஏர் ப்யூரிஃபையர் 1 இல் டர்போ மோடு இயக்கி பஸ்சர் கட்டுப்பாட்டை அணைக்கவும்.,Sarvam,0.1590440273284912,"{""error"":{""message"":""Invalid or missing authentication credentials"",""code"":""invalid_api_key_error"",""request_id"":""20260301_9f2af29b-9775-4eea-b910-a074f1897060""}}",../outputs/sarvam/tamil/tamil_6.wav
2026-03-01 16:31:53.549448,tamil,படுக்கையறை ஏர் ப்யூரிஃபையர் 1 இல் 720 நிமிட ஸ்விட்ச் ஆஃப் டைமரை அமைக்கவும்.,ElevenLabs,0.1268765926361084,"{""detail"":{""status"":""needs_authorization"",""message"":""Neither authorization header nor xi-api-key received, please provide one.""}}",../outputs/elevenlabs/tamil/tamil_7.mp3
2026-03-01 16:31:53.549448,tamil,படுக்கையறை ஏர் ப்யூரிஃபையர் 1 இல் 720 நிமிட ஸ்விட்ச் ஆஃப் டைமரை அமைக்கவும்.,Sarvam,0.14139342308044434,"{""error"":{""message"":""Invalid or missing authentication credentials"",""code"":""invalid_api_key_error"",""request_id"":""20260301_3d11a8c3-5e7b-48e3-9548-df50c9b30e13""}}",../outputs/sarvam/tamil/tamil_7.wav
2026-03-01 16:31:53.818729,tamil,உணவறையில் ஏர் ப்யூரிஃபையரை இயக்கவும்.,ElevenLabs,0.12655258178710938,"{""detail"":{""status"":""needs_authorization"",""message"":""Neither authorization header nor xi-api-key received, please provide one.""}}",../outputs/elevenlabs/tamil/tamil_8.mp3
2026-03-01 16:31:53.818729,tamil,உணவறையில் ஏர் ப்யூரிஃபையரை இயக்கவும்.,Sarvam,0.1378800868988037,"{""error"":{""message"":""Invalid or missing authentication credentials"",""code"":""invalid_api_key_error"",""request_id"":""20260301_bd9dff50-cad0-4f93-b08e-1279b6567e73""}}",../outputs/sarvam/tamil/tamil_8.wav
2026-03-01 16:31:54.084173,tamil,என் படுக்கையறை ஏர் ப்யூரிஃபையர் 1 இன் நிலை என்ன?,ElevenLabs,0.12764573097229004,"{""detail"":{""status"":""needs_authorization"",""message"":""Neither authorization header nor xi-api-key received, please provide one.""}}",../outputs/elevenlabs/tamil/tamil_9.mp3
2026-03-01 16:31:54.084173,tamil,என் படுக்கையறை ஏர் ப்யூரிஃபையர் 1 இன் நிலை என்ன?,Sarvam,0.14394497871398926,"{""error"":{""message"":""Invalid or missing authentication credentials"",""code"":""invalid_api_key_error"",""request_id"":""20260301_3401cc84-5235-495c-aea9-53caf4fe107f""}}",../outputs/sarvam/tamil/tamil_9.wav
2026-03-01 16:31:54.357273,tamil,உணவறை ஏர் ப்யூரிஃபையர் 1 ஐ இயக்கவும்.,ElevenLabs,0.1133277416229248,"{""detail"":{""status"":""needs_authorization"",""message"":""Neither authorization header nor xi-api-key received, please provide one.""}}",../outputs/elevenlabs/tamil/tamil_10.mp3
2026-03-01 16:31:54.357273,tamil,உணவறை ஏர் ப்யூரிஃபையர் 1 ஐ இயக்கவும்.,Sarvam,0.12526154518127441,"{""error"":{""message"":""Invalid or missing authentication credentials"",""code"":""invalid_api_key_error"",""request_id"":""20260301_3bc30f81-fdb2-46ec-a60a-d3d4218da15d""}}",../outputs/sarvam/tamil/tamil_10.wav
2026-03-01 16:31:54.596863,tamil,உணவறை ஏர் ப்யூரிஃபையர் 1 இல் ரிங் எல்இடி பிரைட்ட்னஸ் 70 அமைக்கவும்.,ElevenLabs,0.12062716484069824,"{""detail"":{""status"":""needs_authorization"",""message"":""Neither authorization header nor xi-api-key received, please provide one.""}}",../outputs/elevenlabs/tamil/tamil_11.mp3
2026-03-01 16:31:54.596863,tamil,உணவறை ஏர் ப்யூரிஃபையர் 1 இல் ரிங் எல்இடி பிரைட்ட்னஸ் 70 அமைக்கவும்.,Sarvam,0.13811349868774414,"{""error"":{""message"":""Invalid or missing authentication credentials"",""code"":""invalid_api_key_error"",""request_id"":""20260301_9c9728d9-794a-401d-a61b-b496178421eb""}}",../outputs/sarvam/tamil/tamil_11.wav
2026-03-01 16:31:54.858850,tamil,உணவறை ஏர் ப்யூரிஃபையர் 1 இல் ஹீட்டர் பவரை இயக்கவும்.,ElevenLabs,0.12581300735473633,"{""detail"":{""status"":""needs_authorization"",""message"":""Neither authorization header nor xi-api-key received, please provide one.""}}",../outputs/elevenlabs/tamil/tamil_12.mp3
2026-03-01 16:31:54.858850,tamil,உணவறை ஏர் ப்யூரிஃபையர் 1 இல் ஹீட்டர் பவரை இயக்கவும்.,Sarvam,0.14373493194580078,"{""error"":{""message"":""Invalid or missing authentication credentials"",""code"":""invalid_api_key_error"",""request_id"":""20260301_0eb1bdb9-de1d-439f-899b-f5b433168445""}}",../outputs/sarvam/tamil/tamil_12.wav
2026-03-01 16:31:55.130010,tamil,உணவறை ஏர் ப்யூரிஃபையர் 1 இல் நைட் மோடு அமைக்கவும்.,ElevenLabs,0.121337890625,"{""detail"":{""status"":""needs_authorization"",""message"":""Neither authorization header nor xi-api-key received, please provide one.""}}",../outputs/elevenlabs/tamil/tamil_13.mp3
2026-03-01 16:31:55.130010,tamil,உணவறை ஏர் ப்யூரிஃபையர் 1 இல் நைட் மோடு அமைக்கவும்.,Sarvam,0.17618346214294434,"{""error"":{""message"":""Invalid or missing authentication credentials"",""code"":""invalid_api_key_error"",""request_id"":""20260301_70d36b8c-683a-4b4f-a226-f96c66ba027e""}}",../outputs/sarvam/tamil/tamil_13.wav
2026-03-01 16:31:55.428636,tamil,உணவறை ஏர் ப்யூரிஃபையர் 1 இல் 180 நிமிட ஸ்விட்ச் ஆஃப் டைமரை அமைக்கவும்.,ElevenLabs,0.12439703941345215,"{""detail"":{""status"":""needs_authorization"",""message"":""Neither authorization header nor xi-api-key received, please provide one.""}}",../outputs/elevenlabs/tamil/tamil_14.mp3
2026-03-01 16:31:55.428636,tamil,உணவறை ஏர் ப்யூரிஃபையர் 1 இல் 180 நிமிட ஸ்விட்ச் ஆஃப் டைமரை அமைக்கவும்.,Sarvam,0.13459300994873047,"{""error"":{""message"":""Invalid or missing authentication credentials"",""code"":""invalid_api_key_error"",""request_id"":""20260301_3402c2ff-5ca7-41e6-a4de-e3466183197c""}}",../outputs/sarvam/tamil/tamil_14.wav
2026-03-01 16:31:55.688627,tamil,உணவறை ஏர் ப்யூரிஃபையர் 1 இல் பஸ்சர் கட்டுப்பாட்டை இயக்கவும்.,ElevenLabs,0.12002396583557129,"{""detail"":{""status"":""needs_authorization"",""message"":""Neither authorization header nor xi-api-key received, please provide one.""}}",../outputs/elevenlabs/tamil/tamil_15.mp3
2026-03-01 16:31:55.688627,tamil,உணவறை ஏர் ப்யூரிஃபையர் 1 இல் பஸ்சர் கட்டுப்பாட்டை இயக்கவும்.,Sarvam,0.1378459930419922,"{""error"":{""message"":""Invalid or missing authentication credentials"",""code"":""invalid_api_key_error"",""request_id"":""20260301_9808e9b9-4d1d-44f3-88f1-d58d099610b3""}}",../outputs/sarvam/tamil/tamil_15.wav
2026-03-01 16:31:55.947504,tamil,உணவறை ஏர் ப்யூரிஃபையர் 1 இல் பேன் வேகம் 3 அமைக்கவும்.,ElevenLabs,0.13144302368164062,"{""detail"":{""status"":""needs_authorization"",""message"":""Neither authorization header nor xi-api-key received, please provide one.""}}",../outputs/elevenlabs/tamil/tamil_16.mp3
2026-03-01 16:31:55.947504,tamil,உணவறை ஏர் ப்யூரிஃபையர் 1 இல் பேன் வேகம் 3 அமைக்கவும்.,Sarvam,0.12953495979309082,"{""error"":{""message"":""Invalid or missing authentication credentials"",""code"":""invalid_api_key_error"",""request_id"":""20260301_d4e61227-ecab-4653-aaba-3620a3c42556""}}",../outputs/sarvam/tamil/tamil_16.wav
2026-03-01 16:31:56.209506,tamil,உணவறை ஏர் ப்யூரிஃபையர் 1 ஐ இயக்கவும்.,ElevenLabs,0.149688720703125,"{""detail"":{""status"":""needs_authorization"",""message"":""Neither authorization header nor xi-api-key received, please provide one.""}}",../outputs/elevenlabs/tamil/tamil_17.mp3
2026-03-01 16:31:56.209506,tamil,உணவறை ஏர் ப்யூரிஃபையர் 1 ஐ இயக்கவும்.,Sarvam,0.13555121421813965,"{""error"":{""message"":""Invalid or missing authentication credentials"",""code"":""invalid_api_key_error"",""request_id"":""20260301_4c15d46a-58e9-46fe-8cce-28f0c5cc9b32""}}",../outputs/sarvam/tamil/tamil_17.wav
2026-03-01 16:31:56.495742,tamil,உணவறை ஏர் ப்யூரிஃபையர் 1 இல் ரிங் எல்இடி பிரைட்ட்னஸ் 200 ஆக அமைக்கவும்.,ElevenLabs,0.149033784866333,"{""detail"":{""status"":""needs_authorization"",""message"":""Neither authorization header nor xi-api-key received, please provide one.""}}",../outputs/elevenlabs/tamil/tamil_18.mp3
2026-03-01 16:31:56.495742,tamil,உணவறை ஏர் ப்யூரிஃபையர் 1 இல் ரிங் எல்இடி பிரைட்ட்னஸ் 200 ஆக அமைக்கவும்.,Sarvam,0.14252448081970215,"{""error"":{""message"":""Invalid or missing authentication credentials"",""code"":""invalid_api_key_error"",""request_id"":""20260301_82247851-a9a7-49f3-b6ae-b8b3b84b16f9""}}",../outputs/sarvam/tamil/tamil_18.wav
2026-03-01 16:31:56.788305,tamil,உணவறை ஏர் ப்யூரிஃபையர் 100 இல் 180 நிமிட ஸ்விட்ச் ஆஃப் டைமரை அமைக்கவும்.,ElevenLabs,0.12383866310119629,"{""detail"":{""status"":""needs_authorization"",""message"":""Neither authorization header nor xi-api-key received, please provide one.""}}",../outputs/elevenlabs/tamil/tamil_19.mp3
2026-03-01 16:31:56.788305,tamil,உணவறை ஏர் ப்யூரிஃபையர் 100 இல் 180 நிமிட ஸ்விட்ச் ஆஃப் டைமரை அமைக்கவும்.,Sarvam,0.15282726287841797,"{""error"":{""message"":""Invalid or missing authentication credentials"",""code"":""invalid_api_key_error"",""request_id"":""20260301_4f1a5ddf-8d64-4045-9219-6fa316dc600c""}}",../outputs/sarvam/tamil/tamil_19.wav
2026-03-01 16:31:57.065982,tamil,வசிப்பறை ஏர் ப்யூரிஃபையர் 1 ஐ இயக்கவும்.,ElevenLabs,0.12494182586669922,"{""detail"":{""status"":""needs_authorization"",""message"":""Neither authorization header nor xi-api-key received, please provide one.""}}",../outputs/elevenlabs/tamil/tamil_20.mp3
2026-03-01 16:31:57.065982,tamil,வசிப்பறை ஏர் ப்யூரிஃபையர் 1 ஐ இயக்கவும்.,Sarvam,0.15440058708190918,"{""error"":{""message"":""Invalid or missing authentication credentials"",""code"":""invalid_api_key_error"",""request_id"":""20260301_efc68160-1733-4442-9be3-59acf0423bf5""}}",../outputs/sarvam/tamil/tamil_20.wav
2026-03-01 16:31:57.346324,tamil,வசிப்பறை ஏர் ப்யூரிஃபையர் 1 இல் 60 நிமிட ஸ்விட்ச் ஆஃப் டைமரை அமைக்கவும்.,ElevenLabs,0.12077903747558594,"{""detail"":{""status"":""needs_authorization"",""message"":""Neither authorization header nor xi-api-key received, please provide one.""}}",../outputs/elevenlabs/tamil/tamil_21.mp3
2026-03-01 16:31:57.346324,tamil,வசிப்பறை ஏர் ப்யூரிஃபையர் 1 இல் 60 நிமிட ஸ்விட்ச் ஆஃப் டைமரை அமைக்கவும்.,Sarvam,0.1500377655029297,"{""error"":{""message"":""Invalid or missing authentication credentials"",""code"":""invalid_api_key_error"",""request_id"":""20260301_9e9d1fb7-3830-47fd-9ebb-8741397617cf""}}",../outputs/sarvam/tamil/tamil_21.wav
2026-03-01 16:31:57.618776,tamil,வசிப்பறை ஏர் ப்யூரிஃபையர் 1 இல் நைட் மோடு இயக்கவும்.,ElevenLabs,0.1262681484222412,"{""detail"":{""status"":""needs_authorization"",""message"":""Neither authorization header nor xi-api-key received, please provide one.""}}",../outputs/elevenlabs/tamil/tamil_22.mp3
2026-03-01 16:31:57.618776,tamil,வசிப்பறை ஏர் ப்யூரிஃபையர் 1 இல் நைட் மோடு இயக்கவும்.,Sarvam,0.1413888931274414,"{""error"":{""message"":""Invalid or missing authentication credentials"",""code"":""invalid_api_key_error"",""request_id"":""20260301_66e346a2-8f4d-4b7d-aad4-f1402097dc6a""}}",../outputs/sarvam/tamil/tamil_22.wav
2026-03-01 16:31:57.887461,tamil,வசிப்பறை ஏர் ப்யூரிஃபையர் 1 இன் பேன் பவரை அணைக்கவும்.,ElevenLabs,0.11634945869445801,"{""detail"":{""status"":""needs_authorization"",""message"":""Neither authorization header nor xi-api-key received, please provide one.""}}",../outputs/elevenlabs/tamil/tamil_23.mp3
2026-03-01 16:31:57.887461,tamil,வசிப்பறை ஏர் ப்யூரிஃபையர் 1 இன் பேன் பவரை அணைக்கவும்.,Sarvam,0.13555526733398438,"{""error"":{""message"":""Invalid or missing authentication credentials"",""code"":""invalid_api_key_error"",""request_id"":""20260301_06456ea4-b2a6-4743-bc0e-467a46ebf561""}}",../outputs/sarvam/tamil/tamil_23.wav
2026-03-01 16:31:58.141351,tamil,வசிப்பறை ஏர் ப்யூரிஃபையர் 1 இல் பேன் பவரை இயக்கி பேன் வேகம் 4 அமைக்கவும்.,ElevenLabs,0.12619376182556152,"{""detail"":{""status"":""needs_authorization"",""message"":""Neither authorization header nor xi-api-key received, please provide one.""}}",../outputs/elevenlabs/tamil/tamil_24.mp3
2026-03-01 16:31:58.141351,tamil,வசிப்பறை ஏர் ப்யூரிஃபையர் 1 இல் பேன் பவரை இயக்கி பேன் வேகம் 4 அமைக்கவும்.,Sarvam,0.1307680606842041,"{""error"":{""message"":""Invalid or missing authentication credentials"",""code"":""invalid_api_key_error"",""request_id"":""20260301_d62d2093-a12a-4dfc-a8ea-ca918e7b4dc7""}}",../outputs/sarvam/tamil/tamil_24.wav
2026-03-01 16:31:58.399318,tamil,லிவிங் ரூம் ஏர் ப்யூரிஃபையர் 1 இல் ஃபேன் வேகத்தை 8 ஆக அமைக்கவும்.,ElevenLabs,0.12737059593200684,"{""detail"":{""status"":""needs_authorization"",""message"":""Neither authorization header nor xi-api-key received, please provide one.""}}",../outputs/elevenlabs/tamil/tamil_25.mp3
2026-03-01 16:31:58.399318,tamil,லிவிங் ரூம் ஏர் ப்யூரிஃபையர் 1 இல் ஃபேன் வேகத்தை 8 ஆக அமைக்கவும்.,Sarvam,0.12629437446594238,"{""error"":{""message"":""Invalid or missing authentication credentials"",""code"":""invalid_api_key_error"",""request_id"":""20260301_98d04f59-a096-423a-bc82-f37c530c6b59""}}",../outputs/sarvam/tamil/tamil_25.wav
2026-03-01 16:31:58.653995,tamil,லிவிங் ரூம் ஏர் ப்யூரிஃபையர் 1 ஐ அணைக்கவும்.,ElevenLabs,0.12351107597351074,"{""detail"":{""status"":""needs_authorization"",""message"":""Neither authorization header nor xi-api-key received, please provide one.""}}",../outputs/elevenlabs/tamil/tamil_26.mp3
2026-03-01 16:31:58.653995,tamil,லிவிங் ரூம் ஏர் ப்யூரிஃபையர் 1 ஐ அணைக்கவும்.,Sarvam,0.14913320541381836,"{""error"":{""message"":""Invalid or missing authentication credentials"",""code"":""invalid_api_key_error"",""request_id"":""20260301_9cfbfa25-fba4-4b53-87a1-faaaa4b70912""}}",../outputs/sarvam/tamil/tamil_26.wav
2026-03-01 16:31:58.928656,tamil,லிவிங் ரூம் ஏர் ப்யூரிஃபையர் 1 ஐ அணைக்கவும்.,ElevenLabs,0.12147784233093262,"{""detail"":{""status"":""needs_authorization"",""message"":""Neither authorization header nor xi-api-key received, please provide one.""}}",../outputs/elevenlabs/tamil/tamil_27.mp3
2026-03-01 16:31:58.928656,tamil,லிவிங் ரூம் ஏர் ப்யூரிஃபையர் 1 ஐ அணைக்கவும்.,Sarvam,0.137373685836792,"{""error"":{""message"":""Invalid or missing authentication credentials"",""code"":""invalid_api_key_error"",""request_id"":""20260301_cdf0d927-396d-4850-bb94-e91671d6ec9a""}}",../outputs/sarvam/tamil/tamil_27.wav
2026-03-01 16:31:59.188530,tamil,லிவிங் ரூம் ஏர் ப்யூரிஃபையர் 1 இல் ஃபேன் வேகத்தை 2 ஆக அமைக்கவும்.,ElevenLabs,0.12543129920959473,"{""detail"":{""status"":""needs_authorization"",""message"":""Neither authorization header nor xi-api-key received, please provide one.""}}",../outputs/elevenlabs/tamil/tamil_28.mp3
2026-03-01 16:31:59.188530,tamil,லிவிங் ரூம் ஏர் ப்யூரிஃபையர் 1 இல் ஃபேன் வேகத்தை 2 ஆக அமைக்கவும்.,Sarvam,0.17120862007141113,"{""error"":{""message"":""Invalid or missing authentication credentials"",""code"":""invalid_api_key_error"",""request_id"":""20260301_c56c3b85-b420-48f1-92db-fe895a8a3131""}}",../outputs/sarvam/tamil/tamil_28.wav
2026-03-01 16:31:59.488175,tamil,என் படுக்கையறையில் என்ன சாதனங்கள் உள்ளன?,ElevenLabs,0.1176595687866211,"{""detail"":{""status"":""needs_authorization"",""message"":""Neither authorization header nor xi-api-key received, please provide one.""}}",../outputs/elevenlabs/tamil/tamil_29.mp3
2026-03-01 16:31:59.488175,tamil,என் படுக்கையறையில் என்ன சாதனங்கள் உள்ளன?,Sarvam,0.14384794235229492,"{""error"":{""message"":""Invalid or missing authentication credentials"",""code"":""invalid_api_key_error"",""request_id"":""20260301_f9c2cc2f-9096-4adc-92c3-957e46ee45f3""}}",../outputs/sarvam/tamil/tamil_29.wav
2026-03-01 16:31:59.750684,tamil,படுக்கையறையில் AC ஐ ஆன் செய்யவும்.,ElevenLabs,0.13879871368408203,"{""detail"":{""status"":""needs_authorization"",""message"":""Neither authorization header nor xi-api-key received, please provide one.""}}",../outputs/elevenlabs/tamil/tamil_30.mp3
2026-03-01 16:31:59.750684,tamil,படுக்கையறையில் AC ஐ ஆன் செய்யவும்.,Sarvam,0.13602876663208008,"{""error"":{""message"":""Invalid or missing authentication credentials"",""code"":""invalid_api_key_error"",""request_id"":""20260301_aa085d9e-0178-4662-95ca-14ae1cf73f22""}}",../outputs/sarvam/tamil/tamil_30.wav
2026-03-01 16:32:00.028557,tamil,படுக்கையறை AC இல் வெப்பநிலையை 18 டிகிரியாக அமைக்கவும்.,ElevenLabs,0.1258711814880371,"{""detail"":{""status"":""needs_authorization"",""message"":""Neither authorization header nor xi-api-key received, please provide one.""}}",../outputs/elevenlabs/tamil/tamil_31.mp3
2026-03-01 16:32:00.028557,tamil,படுக்கையறை AC இல் வெப்பநிலையை 18 டிகிரியாக அமைக்கவும்.,Sarvam,0.1551361083984375,"{""error"":{""message"":""Invalid or missing authentication credentials"",""code"":""invalid_api_key_error"",""request_id"":""20260301_640f5dfc-afda-4faf-8c29-7e9bede1e1d6""}}",../outputs/sarvam/tamil/tamil_31.wav
2026-03-01 16:32:00.311762,tamil,படுக்கையறை AC இல் டிஸ்ப்ளே மோடு ஆன் செய்யவும்.,ElevenLabs,0.11435461044311523,"{""detail"":{""status"":""needs_authorization"",""message"":""Neither authorization header nor xi-api-key received, please provide one.""}}",../outputs/elevenlabs/tamil/tamil_32.mp3
2026-03-01 16:32:00.311762,tamil,படுக்கையறை AC இல் டிஸ்ப்ளே மோடு ஆன் செய்யவும்.,Sarvam,0.14768218994140625,"{""error"":{""message"":""Invalid or missing authentication credentials"",""code"":""invalid_api_key_error"",""request_id"":""20260301_dd07b1a0-d9b6-4459-907c-222caab7a8fc""}}",../outputs/sarvam/tamil/tamil_32.wav
2026-03-01 16:32:00.574815,tamil,டைனிங் ரூமில் AC ஐ ஆன் செய்யவும்.,ElevenLabs,0.11625289916992188,"{""detail"":{""status"":""needs_authorization"",""message"":""Neither authorization header nor xi-api-key received, please provide one.""}}",../outputs/elevenlabs/tamil/tamil_33.mp3
2026-03-01 16:32:00.574815,tamil,டைனிங் ரூமில் AC ஐ ஆன் செய்யவும்.,Sarvam,0.13235902786254883,"{""error"":{""message"":""Invalid or missing authentication credentials"",""code"":""invalid_api_key_error"",""request_id"":""20260301_589da09e-8356-4099-85f5-6f502e9c2b93""}}",../outputs/sarvam/tamil/tamil_33.wav
2026-03-01 16:32:00.824446,tamil,ஆபிஸ் AC 2 ஐ ஆன் செய்யவும்.,ElevenLabs,0.11791086196899414,"{""detail"":{""status"":""needs_authorization"",""message"":""Neither authorization header nor xi-api-key received, please provide one.""}}",../outputs/elevenlabs/tamil/tamil_34.mp3
2026-03-01 16:32:00.824446,tamil,ஆபிஸ் AC 2 ஐ ஆன் செய்யவும்.,Sarvam,0.1514890193939209,"{""error"":{""message"":""Invalid or missing authentication credentials"",""code"":""invalid_api_key_error"",""request_id"":""20260301_4bd17b77-1cb4-4926-9ed8-85e820cfa171""}}",../outputs/sarvam/tamil/tamil_34.wav
2026-03-01 16:32:01.094863,tamil,படுக்கையறை AC இல் டிரை மோடு அமைக்கவும்.,ElevenLabs,0.11907291412353516,"{""detail"":{""status"":""needs_authorization"",""message"":""Neither authorization header nor xi-api-key received, please provide one.""}}",../outputs/elevenlabs/tamil/tamil_35.mp3
2026-03-01 16:32:01.094863,tamil,படுக்கையறை AC இல் டிரை மோடு அமைக்கவும்.,Sarvam,0.13782358169555664,"{""error"":{""message"":""Invalid or missing authentication credentials"",""code"":""invalid_api_key_error"",""request_id"":""20260301_1d4f4349-3378-4b38-8f8c-e7366ad60258""}}",../outputs/sarvam/tamil/tamil_35.wav
2026-03-01 16:32:01.351760,tamil,படுக்கையறை AC இல் ஸ்லீப் மோடு ஆன் செய்யவும்.,ElevenLabs,0.1328439712524414,"{""detail"":{""status"":""needs_authorization"",""message"":""Neither authorization header nor xi-api-key received, please provide one.""}}",../outputs/elevenlabs/tamil/tamil_36.mp3
2026-03-01 16:32:01.351760,tamil,படுக்கையறை AC இல் ஸ்லீப் மோடு ஆன் செய்யவும்.,Sarvam,0.1267251968383789,"{""error"":{""message"":""Invalid or missing authentication credentials"",""code"":""invalid_api_key_error"",""request_id"":""20260301_afaca4a9-baa5-472a-85da-98ed1e95ea27""}}",../outputs/sarvam/tamil/tamil_36.wav
2026-03-01 16:32:01.612311,tamil,படுக்கையறை AC இல் வெர்டிக்கல் ஸ்விங் நிலை 5 ஆக அமைக்கவும்.,ElevenLabs,0.12228035926818848,"{""detail"":{""status"":""needs_authorization"",""message"":""Neither authorization header nor xi-api-key received, please provide one.""}}",../outputs/elevenlabs/tamil/tamil_37.mp3
2026-03-01 16:32:01.612311,tamil,படுக்கையறை AC இல் வெர்டிக்கல் ஸ்விங் நிலை 5 ஆக அமைக்கவும்.,Sarvam,0.1496124267578125,"{""error"":{""message"":""Invalid or missing authentication credentials"",""code"":""invalid_api_key_error"",""request_id"":""20260301_71e0a225-6a5f-4b66-9a3c-503e15d89846""}}",../outputs/sarvam/tamil/tamil_37.wav
2026-03-01 16:32:01.885206,tamil,படுக்கையறை AC இல் ஸ்கை ஹை கலர் ஆன் செய்யவும்.,ElevenLabs,0.12355470657348633,"{""detail"":{""status"":""needs_authorization"",""message"":""Neither authorization header nor xi-api-key received, please provide one.""}}",../outputs/elevenlabs/tamil/tamil_38.mp3
2026-03-01 16:32:01.885206,tamil,படுக்கையறை AC இல் ஸ்கை ஹை கலர் ஆன் செய்யவும்.,Sarvam,0.14323902130126953,"{""error"":{""message"":""Invalid or missing authentication credentials"",""code"":""invalid_api_key_error"",""request_id"":""20260301_2c89dad9-a091-41c5-98d1-7f98282cf3a7""}}",../outputs/sarvam/tamil/tamil_38.wav
2026-03-01 16:32:02.154507,tamil,லிவிங் ரூம் AC 2 ஐ ஆன் செய்து அதன் ஹாரிசொண்டல் ஸ்விங் நிலை 2 ஆக அமைக்கவும்.,ElevenLabs,0.13229846954345703,"{""detail"":{""status"":""needs_authorization"",""message"":""Neither authorization header nor xi-api-key received, please provide one.""}}",../outputs/elevenlabs/tamil/tamil_39.mp3
2026-03-01 16:32:02.154507,tamil,லிவிங் ரூம் AC 2 ஐ ஆன் செய்து அதன் ஹாரிசொண்டல் ஸ்விங் நிலை 2 ஆக அமைக்கவும்.,Sarvam,0.15479040145874023,"{""error"":{""message"":""Invalid or missing authentication credentials"",""code"":""invalid_api_key_error"",""request_id"":""20260301_4c37aa4e-0721-4bd4-9d11-ffd1b69597b2""}}",../outputs/sarvam/tamil/tamil_39.wav
2026-03-01 16:32:02.442627,tamil,லிவிங் ரூம் AC 2 இல் டர்போ மோடு ஆன் செய்யவும்.,ElevenLabs,0.12589406967163086,"{""detail"":{""status"":""needs_authorization"",""message"":""Neither authorization header nor xi-api-key received, please provide one.""}}",../outputs/elevenlabs/tamil/tamil_40.mp3
2026-03-01 16:32:02.442627,tamil,லிவிங் ரூம் AC 2 இல் டர்போ மோடு ஆன் செய்யவும்.,Sarvam,0.17504000663757324,"{""error"":{""message"":""Invalid or missing authentication credentials"",""code"":""invalid_api_key_error"",""request_id"":""20260301_85d9d1b6-0889-4c4e-97fe-a916d22375e9""}}",../outputs/sarvam/tamil/tamil_40.wav
2026-03-01 16:32:02.745101,tamil,படுக்கையறை AC இல் சைல்ட் லாக் ஆன் செய்யவும்.,ElevenLabs,0.1238698959350586,"{""detail"":{""status"":""needs_authorization"",""message"":""Neither authorization header nor xi-api-key received, please provide one.""}}",../outputs/elevenlabs/tamil/tamil_41.mp3
2026-03-01 16:32:02.745101,tamil,படுக்கையறை AC இல் சைல்ட் லாக் ஆன் செய்யவும்.,Sarvam,0.15313124656677246,"{""error"":{""message"":""Invalid or missing authentication credentials"",""code"":""invalid_api_key_error"",""request_id"":""20260301_18e7d4e0-633d-4d94-8ce5-a7c9d977f904""}}",../outputs/sarvam/tamil/tamil_41.wav
2026-03-01 16:32:03.024126,tamil,ஆபிஸ் AC 2 இல் ஃபேன் வேகத்தை ஹை ஆக அமைக்கவும்.,ElevenLabs,0.12363362312316895,"{""detail"":{""status"":""needs_authorization"",""message"":""Neither authorization header nor xi-api-key received, please provide one.""}}",../outputs/elevenlabs/tamil/tamil_42.mp3
2026-03-01 16:32:03.024126,tamil,ஆபிஸ் AC 2 இல் ஃபேன் வேகத்தை ஹை ஆக அமைக்கவும்.,Sarvam,0.13840365409851074,"{""error"":{""message"":""Invalid or missing authentication credentials"",""code"":""invalid_api_key_error"",""request_id"":""20260301_41561aba-2b89-431e-92ae-28f3f2e46ab0""}}",../outputs/sarvam/tamil/tamil_42.wav
2026-03-01 16:32:03.287185,tamil,படுக்கையறை AC இல் ஹாரிசொண்டல் ஸ்விங் ஆட்டோ ஆக அமைக்கவும்.,ElevenLabs,0.12274646759033203,"{""detail"":{""status"":""needs_authorization"",""message"":""Neither authorization header nor xi-api-key received, please provide one.""}}",../outputs/elevenlabs/tamil/tamil_43.mp3
2026-03-01 16:32:03.287185,tamil,படுக்கையறை AC இல் ஹாரிசொண்டல் ஸ்விங் ஆட்டோ ஆக அமைக்கவும்.,Sarvam,0.1481482982635498,"{""error"":{""message"":""Invalid or missing authentication credentials"",""code"":""invalid_api_key_error"",""request_id"":""20260301_44ddd41e-6d1a-468d-960a-20f128688174""}}",../outputs/sarvam/tamil/tamil_43.wav
2026-03-01 16:32:03.559084,tamil,லிவிங் ரூம் AC 2 இல் வெப்பநிலையை 30 டிகிரியாக அமைக்கவும்.,ElevenLabs,0.120819091796875,"{""detail"":{""status"":""needs_authorization"",""message"":""Neither authorization header nor xi-api-key received, please provide one.""}}",../outputs/elevenlabs/tamil/tamil_44.mp3
2026-03-01 16:32:03.559084,tamil,லிவிங் ரூம் AC 2 இல் வெப்பநிலையை 30 டிகிரியாக அமைக்கவும்.,Sarvam,0.1307530403137207,"{""error"":{""message"":""Invalid or missing authentication credentials"",""code"":""invalid_api_key_error"",""request_id"":""20260301_79e9378e-e291-403c-a181-742180f7a36a""}}",../outputs/sarvam/tamil/tamil_44.wav
2026-03-01 16:32:03.811645,tamil,யோகா ரூம் AC 1 ஐ ஆன் செய்து அதன் ஸ்விட்ச் ஆஃப் டைமரை 20 நிமிடமாக அமைக்கவும்.,ElevenLabs,0.1285715103149414,"{""detail"":{""status"":""needs_authorization"",""message"":""Neither authorization header nor xi-api-key received, please provide one.""}}",../outputs/elevenlabs/tamil/tamil_45.mp3
2026-03-01 16:32:03.811645,tamil,யோகா ரூம் AC 1 ஐ ஆன் செய்து அதன் ஸ்விட்ச் ஆஃப் டைமரை 20 நிமிடமாக அமைக்கவும்.,Sarvam,0.15172076225280762,"{""error"":{""message"":""Invalid or missing authentication credentials"",""code"":""invalid_api_key_error"",""request_id"":""20260301_1d2aeaf8-3603-428f-abb1-2f5406ea357f""}}",../outputs/sarvam/tamil/tamil_45.wav
2026-03-01 16:32:04.094465,tamil,யோகா ரூம் AC 1 இல் ஹியூமிகான் மோடு ஆன் செய்யவும்.,ElevenLabs,0.1171269416809082,"{""detail"":{""status"":""needs_authorization"",""message"":""Neither authorization header nor xi-api-key received, please provide one.""}}",../outputs/elevenlabs/tamil/tamil_46.mp3
2026-03-01 16:32:04.094465,tamil,யோகா ரூம் AC 1 இல் ஹியூமிகான் மோடு ஆன் செய்யவும்.,Sarvam,0.1541142463684082,"{""error"":{""message"":""Invalid or missing authentication credentials"",""code"":""invalid_api_key_error"",""request_id"":""20260301_97cd33b5-8c2a-4ee9-b645-95a169430606""}}",../outputs/sarvam/tamil/tamil_46.wav
2026-03-01 16:32:04.368768,tamil,படுக்கையறை AC இல் சைல்ட் லாக் மோடு ஆஃப் செய்யவும்.,ElevenLabs,0.13396596908569336,"{""detail"":{""status"":""needs_authorization"",""message"":""Neither authorization header nor xi-api-key received, please provide one.""}}",../outputs/elevenlabs/tamil/tamil_47.mp3
2026-03-01 16:32:04.368768,tamil,படுக்கையறை AC இல் சைல்ட் லாக் மோடு ஆஃப் செய்யவும்.,Sarvam,0.15705513954162598,"{""error"":{""message"":""Invalid or missing authentication credentials"",""code"":""invalid_api_key_error"",""request_id"":""20260301_02711308-7d5b-4a08-a2cf-3cb23d1c3cfb""}}",../outputs/sarvam/tamil/tamil_47.wav
2026-03-01 16:32:04.660314,tamil,படுக்கையறை AC இல் ஈகோ மோடு ஆன் செய்யவும்.,ElevenLabs,0.12619233131408691,"{""detail"":{""status"":""needs_authorization"",""message"":""Neither authorization header nor xi-api-key received, please provide one.""}}",../outputs/elevenlabs/tamil/tamil_48.mp3
2026-03-01 16:32:04.660314,tamil,படுக்கையறை AC இல் ஈகோ மோடு ஆன் செய்யவும்.,Sarvam,0.14885544776916504,"{""error"":{""message"":""Invalid or missing authentication credentials"",""code"":""invalid_api_key_error"",""request_id"":""20260301_ccf67884-8182-41d1-a82c-3387755e87da""}}",../outputs/sarvam/tamil/tamil_48.wav
2026-03-01 16:32:04.937399,tamil,படுக்கையறை AC இல் லைட் இன்டென்சிட்டி லோ ஆக அமைக்கவும்.,ElevenLabs,0.12438321113586426,"{""detail"":{""status"":""needs_authorization"",""message"":""Neither authorization header nor xi-api-key received, please provide one.""}}",../outputs/elevenlabs/tamil/tamil_49.mp3
2026-03-01 16:32:04.937399,tamil,படுக்கையறை AC இல் லைட் இன்டென்சிட்டி லோ ஆக அமைக்கவும்.,Sarvam,0.13222527503967285,"{""error"":{""message"":""Invalid or missing authentication credentials"",""code"":""invalid_api_key_error"",""request_id"":""20260301_716b27a4-f863-406d-b5d3-6152ccb35946""}}",../outputs/sarvam/tamil/tamil_49.wav
2026-03-01 16:32:05.205037,bengali,শয়নকক্ষ এয়ার পিউরিফায়ার 1 চালু করুন।,ElevenLabs,0.12117719650268555,"{""detail"":{""status"":""needs_authorization"",""message"":""Neither authorization header nor xi-api-key received, please provide one.""}}",../outputs/elevenlabs/bengali/bengali_0.mp3
2026-03-01 16:32:05.205037,bengali,শয়নকক্ষ এয়ার পিউরিফায়ার 1 চালু করুন।,Sarvam,0.12539100646972656,"{""error"":{""message"":""Invalid or missing authentication credentials"",""code"":""invalid_api_key_error"",""request_id"":""20260301_10a1fdfd-a201-4301-b0cd-0aeee0d605b8""}}",../outputs/sarvam/bengali/bengali_0.wav
2026-03-01 16:32:05.453184,bengali,শয়নকক্ষ এয়ার পিউরিফায়ার 1 এ বাজার নিয়ন্ত্রণ চালু করুন।,ElevenLabs,0.12805891036987305,"{""detail"":{""status"":""needs_authorization"",""message"":""Neither authorization header nor xi-api-key received, please provide one.""}}",../outputs/elevenlabs/bengali/bengali_1.mp3
2026-03-01 16:32:05.453184,bengali,শয়নকক্ষ এয়ার পিউরিফায়ার 1 এ বাজার নিয়ন্ত্রণ চালু করুন।,Sarvam,0.14670729637145996,"{""error"":{""message"":""Invalid or missing authentication credentials"",""code"":""invalid_api_key_error"",""request_id"":""20260301_ba658569-d7c6-4d5c-bdf6-eb86f078e6e4""}}",../outputs/sarvam/bengali/bengali_1.wav
2026-03-01 16:32:05.728988,bengali,শয়নকক্ষ এয়ার পিউরিফায়ার 1 এ ফ্যানের গতি 4 সেট করুন।,ElevenLabs,0.12002682685852051,"{""detail"":{""status"":""needs_authorization"",""message"":""Neither authorization header nor xi-api-key received, please provide one.""}}",../outputs/elevenlabs/bengali/bengali_2.mp3
2026-03-01 16:32:05.728988,bengali,শয়নকক্ষ এয়ার পিউরিফায়ার 1 এ ফ্যানের গতি 4 সেট করুন।,Sarvam,0.14783287048339844,"{""error"":{""message"":""Invalid or missing authentication credentials"",""code"":""invalid_api_key_error"",""request_id"":""20260301_2a0875a3-53de-4029-9fea-b1021f362e2a""}}",../outputs/sarvam/bengali/bengali_2.wav
2026-03-01 16:32:05.999820,bengali,শয়নকক্ষ এয়ার পিউরিফায়ার 1 এ নাইট মোড সেট করুন।,ElevenLabs,0.13094496726989746,"{""detail"":{""status"":""needs_authorization"",""message"":""Neither authorization header nor xi-api-key received, please provide one.""}}",../outputs/elevenlabs/bengali/bengali_3.mp3
2026-03-01 16:32:05.999820,bengali,শয়নকক্ষ এয়ার পিউরিফায়ার 1 এ নাইট মোড সেট করুন।,Sarvam,0.15583133697509766,"{""error"":{""message"":""Invalid or missing authentication credentials"",""code"":""invalid_api_key_error"",""request_id"":""20260301_0800e55f-b9e7-4c6c-b241-317e919c291e""}}",../outputs/sarvam/bengali/bengali_3.wav
2026-03-01 16:32:06.288613,bengali,শয়নকক্ষ এয়ার পিউরিফায়ার 1 এ 60 মিনিটের সুইচ অফ টাইমার সেট করুন।,ElevenLabs,0.14969372749328613,"{""detail"":{""status"":""needs_authorization"",""message"":""Neither authorization header nor xi-api-key received, please provide one.""}}",../outputs/elevenlabs/bengali/bengali_4.mp3
2026-03-01 16:32:06.288613,bengali,শয়নকক্ষ এয়ার পিউরিফায়ার 1 এ 60 মিনিটের সুইচ অফ টাইমার সেট করুন।,Sarvam,0.1501929759979248,"{""error"":{""message"":""Invalid or missing authentication credentials"",""code"":""invalid_api_key_error"",""request_id"":""20260301_b8a17ce9-297c-4155-8c2e-40379701880e""}}",../outputs/sarvam/bengali/bengali_4.wav
2026-03-01 16:32:06.589510,bengali,শয়নকক্ষ এয়ার পিউরিফায়ার 1 এ রিং এলইডি উজ্জ্বলতা 40 সেট করুন।,ElevenLabs,0.1334848403930664,"{""detail"":{""status"":""needs_authorization"",""message"":""Neither authorization header nor xi-api-key received, please provide one.""}}",../outputs/elevenlabs/bengali/bengali_5.mp3
2026-03-01 16:32:06.589510,bengali,শয়নকক্ষ এয়ার পিউরিফায়ার 1 এ রিং এলইডি উজ্জ্বলতা 40 সেট করুন।,Sarvam,0.14012980461120605,"{""error"":{""message"":""Invalid or missing authentication credentials"",""code"":""invalid_api_key_error"",""request_id"":""20260301_05171b39-f193-4772-8c82-470b57d9bd70""}}",../outputs/sarvam/bengali/bengali_5.wav
2026-03-01 16:32:06.865146,bengali,শয়নকক্ষ এয়ার পিউরিফায়ার 1 এ টার্বো মোড চালু করুন এবং বাজার নিয়ন্ত্রণ বন্ধ করুন।,ElevenLabs,0.13044190406799316,"{""detail"":{""status"":""needs_authorization"",""message"":""Neither authorization header nor xi-api-key received, please provide one.""}}",../outputs/elevenlabs/bengali/bengali_6.mp3
2026-03-01 16:32:06.865146,bengali,শয়নকক্ষ এয়ার পিউরিফায়ার 1 এ টার্বো মোড চালু করুন এবং বাজার নিয়ন্ত্রণ বন্ধ করুন।,Sarvam,0.14630651473999023,"{""error"":{""message"":""Invalid or missing authentication credentials"",""code"":""invalid_api_key_error"",""request_id"":""20260301_d4518e48-e497-46c0-9104-2d7a93207b46""}}",../outputs/sarvam/bengali/bengali_6.wav
2026-03-01 16:32:07.142901,bengali,শয়নকক্ষ এয়ার পিউরিফায়ার 1 এ 720 মিনিটের সুইচ অফ টাইমার সেট করুন।,ElevenLabs,0.13223743438720703,"{""detail"":{""status"":""needs_authorization"",""message"":""Neither authorization header nor xi-api-key received, please provide one.""}}",../outputs/elevenlabs/bengali/bengali_7.mp3
2026-03-01 16:32:07.142901,bengali,শয়নকক্ষ এয়ার পিউরিফায়ার 1 এ 720 মিনিটের সুইচ অফ টাইমার সেট করুন।,Sarvam,0.1280226707458496,"{""error"":{""message"":""Invalid or missing authentication credentials"",""code"":""invalid_api_key_error"",""request_id"":""20260301_558625d6-fadc-456e-8bc8-9d886174fd10""}}",../outputs/sarvam/bengali/bengali_7.wav
2026-03-01 16:32:07.405144,bengali,ডাইনিং রুমে এয়ার পিউরিফায়ার চালু করুন।,ElevenLabs,0.12297773361206055,"{""detail"":{""status"":""needs_authorization"",""message"":""Neither authorization header nor xi-api-key received, please provide one.""}}",../outputs/elevenlabs/bengali/bengali_8.mp3
2026-03-01 16:32:07.405144,bengali,ডাইনিং রুমে এয়ার পিউরিফায়ার চালু করুন।,Sarvam,0.15139031410217285,"{""error"":{""message"":""Invalid or missing authentication credentials"",""code"":""invalid_api_key_error"",""request_id"":""20260301_7ac2c607-804f-4aad-a6ef-4cf722f98045""}}",../outputs/sarvam/bengali/bengali_8.wav
2026-03-01 16:32:07.681252,bengali,আমার শয়নকক্ষ এয়ার পিউরিফায়ার 1 এর অবস্থা কী?,ElevenLabs,0.12121200561523438,"{""detail"":{""status"":""needs_authorization"",""message"":""Neither authorization header nor xi-api-key received, please provide one.""}}",../outputs/elevenlabs/bengali/bengali_9.mp3
2026-03-01 16:32:07.681252,bengali,আমার শয়নকক্ষ এয়ার পিউরিফায়ার 1 এর অবস্থা কী?,Sarvam,0.12799477577209473,"{""error"":{""message"":""Invalid or missing authentication credentials"",""code"":""invalid_api_key_error"",""request_id"":""20260301_5de58db8-d164-4876-9873-20882dd55566""}}",../outputs/sarvam/bengali/bengali_9.wav
2026-03-01 16:32:07.932068,bengali,ডাইনিং রুম এয়ার পিউরিফায়ার 1 চালু করুন।,ElevenLabs,0.13197684288024902,"{""detail"":{""status"":""needs_authorization"",""message"":""Neither authorization header nor xi-api-key received, please provide one.""}}",../outputs/elevenlabs/bengali/bengali_10.mp3
2026-03-01 16:32:07.932068,bengali,ডাইনিং রুম এয়ার পিউরিফায়ার 1 চালু করুন।,Sarvam,0.17708396911621094,"{""error"":{""message"":""Invalid or missing authentication credentials"",""code"":""invalid_api_key_error"",""request_id"":""20260301_2d20de90-33c8-425e-b7ca-0189a50846ba""}}",../outputs/sarvam/bengali/bengali_10.wav
2026-03-01 16:32:08.242151,bengali,ডাইনিং রুম এয়ার পিউরিফায়ার 1 এ রিং এলইডি উজ্জ্বলতা 70 সেট করুন।,ElevenLabs,0.12350964546203613,"{""detail"":{""status"":""needs_authorization"",""message"":""Neither authorization header nor xi-api-key received, please provide one.""}}",../outputs/elevenlabs/bengali/bengali_11.mp3
2026-03-01 16:32:08.242151,bengali,ডাইনিং রুম এয়ার পিউরিফায়ার 1 এ রিং এলইডি উজ্জ্বলতা 70 সেট করুন।,Sarvam,0.15839195251464844,"{""error"":{""message"":""Invalid or missing authentication credentials"",""code"":""invalid_api_key_error"",""request_id"":""20260301_23df6ef4-a17a-44df-8f5f-a28e12236c3e""}}",../outputs/sarvam/bengali/bengali_11.wav
2026-03-01 16:32:08.526587,bengali,ডাইনিং রুম এয়ার পিউরিফায়ার 1 এ হিটার পাওয়ার চালু করুন।,ElevenLabs,0.13296103477478027,"{""detail"":{""status"":""needs_authorization"",""message"":""Neither authorization header nor xi-api-key received, please provide one.""}}",../outputs/elevenlabs/bengali/bengali_12.mp3
2026-03-01 16:32:08.526587,bengali,ডাইনিং রুম এয়ার পিউরিফায়ার 1 এ হিটার পাওয়ার চালু করুন।,Sarvam,0.14962506294250488,"{""error"":{""message"":""Invalid or missing authentication credentials"",""code"":""invalid_api_key_error"",""request_id"":""20260301_783e8779-19bf-4a61-a0fe-9fb9f25713cb""}}",../outputs/sarvam/bengali/bengali_12.wav
2026-03-01 16:32:08.810688,bengali,ডাইনিং রুম এয়ার পিউরিফায়ার 1 এ নাইট মোড সেট করুন।,ElevenLabs,0.1338660717010498,"{""detail"":{""status"":""needs_authorization"",""message"":""Neither authorization header nor xi-api-key received, please provide one.""}}",../outputs/elevenlabs/bengali/bengali_13.mp3
2026-03-01 16:32:08.810688,bengali,ডাইনিং রুম এয়ার পিউরিফায়ার 1 এ নাইট মোড সেট করুন।,Sarvam,0.1597459316253662,"{""error"":{""message"":""Invalid or missing authentication credentials"",""code"":""invalid_api_key_error"",""request_id"":""20260301_1a1e9e1e-31c2-4afc-b82a-71089f2e6578""}}",../outputs/sarvam/bengali/bengali_13.wav
2026-03-01 16:32:09.106299,bengali,ডাইনিং রুম এয়ার পিউরিফায়ার 1 এ 180 মিনিটের সুইচ অফ টাইমার সেট করুন।,ElevenLabs,0.13231658935546875,"{""detail"":{""status"":""needs_authorization"",""message"":""Neither authorization header nor xi-api-key received, please provide one.""}}",../outputs/elevenlabs/bengali/bengali_14.mp3
2026-03-01 16:32:09.106299,bengali,ডাইনিং রুম এয়ার পিউরিফায়ার 1 এ 180 মিনিটের সুইচ অফ টাইমার সেট করুন।,Sarvam,0.160386323928833,"{""error"":{""message"":""Invalid or missing authentication credentials"",""code"":""invalid_api_key_error"",""request_id"":""20260301_72beb005-cb3b-44fa-9776-62e2b99ea1c9""}}",../outputs/sarvam/bengali/bengali_14.wav
2026-03-01 16:32:09.401001,bengali,ডাইনিং রুম এয়ার পিউরিফায়ার 1 এ বাজার নিয়ন্ত্রণ চালু করুন।,ElevenLabs,0.1275942325592041,"{""detail"":{""status"":""needs_authorization"",""message"":""Neither authorization header nor xi-api-key received, please provide one.""}}",../outputs/elevenlabs/bengali/bengali_15.mp3
2026-03-01 16:32:09.401001,bengali,ডাইনিং রুম এয়ার পিউরিফায়ার 1 এ বাজার নিয়ন্ত্রণ চালু করুন।,Sarvam,0.13147211074829102,"{""error"":{""message"":""Invalid or missing authentication credentials"",""code"":""invalid_api_key_error"",""request_id"":""20260301_890e27fd-8f3d-4050-b539-a56309e77ea1""}}",../outputs/sarvam/bengali/bengali_15.wav
2026-03-01 16:32:09.662067,bengali,ডাইনিং রুম এয়ার পিউরিফায়ার 1 এ ফ্যানের গতি 3 সেট করুন।,ElevenLabs,0.11779141426086426,"{""detail"":{""status"":""needs_authorization"",""message"":""Neither authorization header nor xi-api-key received, please provide one.""}}",../outputs/elevenlabs/bengali/bengali_16.mp3
2026-03-01 16:32:09.662067,bengali,ডাইনিং রুম এয়ার পিউরিফায়ার 1 এ ফ্যানের গতি 3 সেট করুন।,Sarvam,0.14957737922668457,"{""error"":{""message"":""Invalid or missing authentication credentials"",""code"":""invalid_api_key_error"",""request_id"":""20260301_ff14deff-e17d-4e3c-8fea-5a63273a5483""}}",../outputs/sarvam/bengali/bengali_16.wav
2026-03-01 16:32:09.932410,bengali,ডাইনিং রুম এয়ার পিউরিফায়ার 1 চালু করুন।,ElevenLabs,0.12634944915771484,"{""detail"":{""status"":""needs_authorization"",""message"":""Neither authorization header nor xi-api-key received, please provide one.""}}",../outputs/elevenlabs/bengali/bengali_17.mp3
2026-03-01 16:32:09.932410,bengali,ডাইনিং রুম এয়ার পিউরিফায়ার 1 চালু করুন।,Sarvam,0.13592004776000977,"{""error"":{""message"":""Invalid or missing authentication credentials"",""code"":""invalid_api_key_error"",""request_id"":""20260301_08563962-3850-4a3c-8bb0-343941072246""}}",../outputs/sarvam/bengali/bengali_17.wav
2026-03-01 16:32:10.195676,bengali,ডাইনিং রুম এয়ার পিউরিফায়ার 1 এ রিং এলইডি উজ্জ্বলতা 200 সেট করুন।,ElevenLabs,0.12473917007446289,"{""detail"":{""status"":""needs_authorization"",""message"":""Neither authorization header nor xi-api-key received, please provide one.""}}",../outputs/elevenlabs/bengali/bengali_18.mp3
2026-03-01 16:32:10.195676,bengali,ডাইনিং রুম এয়ার পিউরিফায়ার 1 এ রিং এলইডি উজ্জ্বলতা 200 সেট করুন।,Sarvam,0.14115691184997559,"{""error"":{""message"":""Invalid or missing authentication credentials"",""code"":""invalid_api_key_error"",""request_id"":""20260301_3e4b0484-f731-4609-a05b-2db6bc378101""}}",../outputs/sarvam/bengali/bengali_18.wav
2026-03-01 16:32:10.463114,bengali,ডাইনিং রুম এয়ার পিউরিফায়ার 100 এ 180 মিনিটের সুইচ অফ টাইমার সেট করুন।,ElevenLabs,0.1295166015625,"{""detail"":{""status"":""needs_authorization"",""message"":""Neither authorization header nor xi-api-key received, please provide one.""}}",../outputs/elevenlabs/bengali/bengali_19.mp3
2026-03-01 16:32:10.463114,bengali,ডাইনিং রুম এয়ার পিউরিফায়ার 100 এ 180 মিনিটের সুইচ অফ টাইমার সেট করুন।,Sarvam,0.13519668579101562,"{""error"":{""message"":""Invalid or missing authentication credentials"",""code"":""invalid_api_key_error"",""request_id"":""20260301_c83df9a6-8204-461d-807c-5ae68b34ddd0""}}",../outputs/sarvam/bengali/bengali_19.wav
2026-03-01 16:32:10.729844,bengali,লিভিং রুম এয়ার পিউরিফায়ার 1 চালু করুন।,ElevenLabs,0.12432074546813965,"{""detail"":{""status"":""needs_authorization"",""message"":""Neither authorization header nor xi-api-key received, please provide one.""}}",../outputs/elevenlabs/bengali/bengali_20.mp3
2026-03-01 16:32:10.729844,bengali,লিভিং রুম এয়ার পিউরিফায়ার 1 চালু করুন।,Sarvam,0.15437912940979004,"{""error"":{""message"":""Invalid or missing authentication credentials"",""code"":""invalid_api_key_error"",""request_id"":""20260301_67988dee-6201-4b94-8c4d-5486d72cf2c6""}}",../outputs/sarvam/bengali/bengali_20.wav
2026-03-01 16:32:11.009562,bengali,লিভিং রুম এয়ার পিউরিফায়ার 1 এ 60 মিনিটের সুইচ অফ টাইমার সেট করুন।,ElevenLabs,0.11903667449951172,"{""detail"":{""status"":""needs_authorization"",""message"":""Neither authorization header nor xi-api-key received, please provide one.""}}",../outputs/elevenlabs/bengali/bengali_21.mp3
2026-03-01 16:32:11.009562,bengali,লিভিং রুম এয়ার পিউরিফায়ার 1 এ 60 মিনিটের সুইচ অফ টাইমার সেট করুন।,Sarvam,0.1338210105895996,"{""error"":{""message"":""Invalid or missing authentication credentials"",""code"":""invalid_api_key_error"",""request_id"":""20260301_c77695c2-bc55-4ca4-88d0-b9f730e127f7""}}",../outputs/sarvam/bengali/bengali_21.wav
2026-03-01 16:32:11.265447,bengali,লিভিং রুম এয়ার পিউরিফায়ার 1 এ নাইট মোড চালু করুন।,ElevenLabs,0.11975479125976562,"{""detail"":{""status"":""needs_authorization"",""message"":""Neither authorization header nor xi-api-key received, please provide one.""}}",../outputs/elevenlabs/bengali/bengali_22.mp3
2026-03-01 16:32:11.265447,bengali,লিভিং রুম এয়ার পিউরিফায়ার 1 এ নাইট মোড চালু করুন।,Sarvam,0.13092303276062012,"{""error"":{""message"":""Invalid or missing authentication credentials"",""code"":""invalid_api_key_error"",""request_id"":""20260301_6671f48a-926a-4c69-859c-6c1a7655cfa6""}}",../outputs/sarvam/bengali/bengali_22.wav
2026-03-01 16:32:11.517144,bengali,লিভিং রুম এয়ার পিউরিফায়ার 1 এর ফ্যান পাওয়ার বন্ধ করুন।,ElevenLabs,0.1223757266998291,"{""detail"":{""status"":""needs_authorization"",""message"":""Neither authorization header nor xi-api-key received, please provide one.""}}",../outputs/elevenlabs/bengali/bengali_23.mp3
2026-03-01 16:32:11.517144,bengali,লিভিং রুম এয়ার পিউরিফায়ার 1 এর ফ্যান পাওয়ার বন্ধ করুন।,Sarvam,0.14139723777770996,"{""error"":{""message"":""Invalid or missing authentication credentials"",""code"":""invalid_api_key_error"",""request_id"":""20260301_a334bb3f-2f89-45e5-bc59-cc27d9149027""}}",../outputs/sarvam/bengali/bengali_23.wav
2026-03-01 16:32:11.782547,bengali,লিভিং রুম এয়ার পিউরিফায়ার 1 এ ফ্যান পাওয়ার চালু করুন এবং ফ্যান গতি 4 সেট করুন।,ElevenLabs,0.13871407508850098,"{""detail"":{""status"":""needs_authorization"",""message"":""Neither authorization header nor xi-api-key received, please provide one.""}}",../outputs/elevenlabs/bengali/bengali_24.mp3
2026-03-01 16:32:11.782547,bengali,লিভিং রুম এয়ার পিউরিফায়ার 1 এ ফ্যান পাওয়ার চালু করুন এবং ফ্যান গতি 4 সেট করুন।,Sarvam,0.16066861152648926,"{""error"":{""message"":""Invalid or missing authentication credentials"",""code"":""invalid_api_key_error"",""request_id"":""20260301_799b8b22-5f2d-4b68-8584-ceb434783712""}}",../outputs/sarvam/bengali/bengali_24.wav
2026-03-01 16:32:12.082935,bengali,লিভিং রুম এয়ার পিউরিফায়ার 1 এ ফ্যানের গতি 8 সেট করুন।,ElevenLabs,0.1352081298828125,"{""detail"":{""status"":""needs_authorization"",""message"":""Neither authorization header nor xi-api-key received, please provide one.""}}",../outputs/elevenlabs/bengali/bengali_25.mp3
2026-03-01 16:32:12.082935,bengali,লিভিং রুম এয়ার পিউরিফায়ার 1 এ ফ্যানের গতি 8 সেট করুন।,Sarvam,0.13358449935913086,"{""error"":{""message"":""Invalid or missing authentication credentials"",""code"":""invalid_api_key_error"",""request_id"":""20260301_a0df1a8e-7095-4ea8-9e74-6259a669eda6""}}",../outputs/sarvam/bengali/bengali_25.wav
2026-03-01 16:32:12.353728,bengali,লিভিং রুম এয়ার পিউরিফায়ার 1 বন্ধ করুন।,ElevenLabs,0.12557768821716309,"{""detail"":{""status"":""needs_authorization"",""message"":""Neither authorization header nor xi-api-key received, please provide one.""}}",../outputs/elevenlabs/bengali/bengali_26.mp3
2026-03-01 16:32:12.353728,bengali,লিভিং রুম এয়ার পিউরিফায়ার 1 বন্ধ করুন।,Sarvam,0.14440488815307617,"{""error"":{""message"":""Invalid or missing authentication credentials"",""code"":""invalid_api_key_error"",""request_id"":""20260301_f7cfcc97-d105-42c5-bbfa-94231de681a1""}}",../outputs/sarvam/bengali/bengali_26.wav
2026-03-01 16:32:12.624318,bengali,লিভিং রুম এয়ার পিউরিফায়ার 1 বন্ধ করুন।,ElevenLabs,0.13788533210754395,"{""detail"":{""status"":""needs_authorization"",""message"":""Neither authorization header nor xi-api-key received, please provide one.""}}",../outputs/elevenlabs/bengali/bengali_27.mp3
2026-03-01 16:32:12.624318,bengali,লিভিং রুম এয়ার পিউরিফায়ার 1 বন্ধ করুন।,Sarvam,0.15546894073486328,"{""error"":{""message"":""Invalid or missing authentication credentials"",""code"":""invalid_api_key_error"",""request_id"":""20260301_d8900b54-5f41-468e-bf8f-695a1000d67c""}}",../outputs/sarvam/bengali/bengali_27.wav
2026-03-01 16:32:12.918659,bengali,লিভিং রুম এয়ার পিউরিফায়ার 1 এ ফ্যানের গতি 2 সেট করুন।,ElevenLabs,0.11775708198547363,"{""detail"":{""status"":""needs_authorization"",""message"":""Neither authorization header nor xi-api-key received, please provide one.""}}",../outputs/elevenlabs/bengali/bengali_28.mp3
2026-03-01 16:32:12.918659,bengali,লিভিং রুম এয়ার পিউরিফায়ার 1 এ ফ্যানের গতি 2 সেট করুন।,Sarvam,0.1405019760131836,"{""error"":{""message"":""Invalid or missing authentication credentials"",""code"":""invalid_api_key_error"",""request_id"":""20260301_e99df624-7da2-45fb-836b-b28827ab5049""}}",../outputs/sarvam/bengali/bengali_28.wav
2026-03-01 16:32:13.178973,bengali,আমার শয়নকক্ষে কী কী ডিভাইস আছে?,ElevenLabs,0.1252753734588623,"{""detail"":{""status"":""needs_authorization"",""message"":""Neither authorization header nor xi-api-key received, please provide one.""}}",../outputs/elevenlabs/bengali/bengali_29.mp3
2026-03-01 16:32:13.178973,bengali,আমার শয়নকক্ষে কী কী ডিভাইস আছে?,Sarvam,0.14172720909118652,"{""error"":{""message"":""Invalid or missing authentication credentials"",""code"":""invalid_api_key_error"",""request_id"":""20260301_13108cf3-5ebd-4434-b0ae-96fa2c8349fd""}}",../outputs/sarvam/bengali/bengali_29.wav
2026-03-01 16:32:13.446991,bengali,শয়নকক্ষে AC চালু করুন।,ElevenLabs,0.1269521713256836,"{""detail"":{""status"":""needs_authorization"",""message"":""Neither authorization header nor xi-api-key received, please provide one.""}}",../outputs/elevenlabs/bengali/bengali_30.mp3
2026-03-01 16:32:13.446991,bengali,শয়নকক্ষে AC চালু করুন।,Sarvam,0.1513373851776123,"{""error"":{""message"":""Invalid or missing authentication credentials"",""code"":""invalid_api_key_error"",""request_id"":""20260301_d9ed3151-0c6e-4e82-ad06-6c06aa08bc3c""}}",../outputs/sarvam/bengali/bengali_30.wav
2026-03-01 16:32:13.727458,bengali,শয়নকক্ষের AC তে তাপমাত্রা 18 ডিগ্রি সেট করুন।,ElevenLabs,0.1280229091644287,"{""detail"":{""status"":""needs_authorization"",""message"":""Neither authorization header nor xi-api-key received, please provide one.""}}",../outputs/elevenlabs/bengali/bengali_31.mp3
2026-03-01 16:32:13.727458,bengali,শয়নকক্ষের AC তে তাপমাত্রা 18 ডিগ্রি সেট করুন।,Sarvam,0.15012168884277344,"{""error"":{""message"":""Invalid or missing authentication credentials"",""code"":""invalid_api_key_error"",""request_id"":""20260301_b423e0e9-952c-4c7d-bfc7-1fa85654acc7""}}",../outputs/sarvam/bengali/bengali_31.wav
2026-03-01 16:32:14.005603,bengali,শয়নকক্ষের AC তে ডিসপ্লে মোড চালু করুন।,ElevenLabs,0.1292562484741211,"{""detail"":{""status"":""needs_authorization"",""message"":""Neither authorization header nor xi-api-key received, please provide one.""}}",../outputs/elevenlabs/bengali/bengali_32.mp3
2026-03-01 16:32:14.005603,bengali,শয়নকক্ষের AC তে ডিসপ্লে মোড চালু করুন।,Sarvam,0.13576078414916992,"{""error"":{""message"":""Invalid or missing authentication credentials"",""code"":""invalid_api_key_error"",""request_id"":""20260301_b5c643d8-376e-4ce5-a9f1-d554e8712a1c""}}",../outputs/sarvam/bengali/bengali_32.wav
2026-03-01 16:32:14.271634,bengali,ডাইনিং রুমে AC চালু করুন।,ElevenLabs,0.12867951393127441,"{""detail"":{""status"":""needs_authorization"",""message"":""Neither authorization header nor xi-api-key received, please provide one.""}}",../outputs/elevenlabs/bengali/bengali_33.mp3
2026-03-01 16:32:14.271634,bengali,ডাইনিং রুমে AC চালু করুন।,Sarvam,0.144789457321167,"{""error"":{""message"":""Invalid or missing authentication credentials"",""code"":""invalid_api_key_error"",""request_id"":""20260301_3198c097-9441-4c8b-b81e-cce4c2844443""}}",../outputs/sarvam/bengali/bengali_33.wav
2026-03-01 16:32:14.546106,bengali,অফিস AC 2 চালু করুন।,ElevenLabs,0.12215089797973633,"{""detail"":{""status"":""needs_authorization"",""message"":""Neither authorization header nor xi-api-key received, please provide one.""}}",../outputs/elevenlabs/bengali/bengali_34.mp3
2026-03-01 16:32:14.546106,bengali,অফিস AC 2 চালু করুন।,Sarvam,0.14005756378173828,"{""error"":{""message"":""Invalid or missing authentication credentials"",""code"":""invalid_api_key_error"",""request_id"":""20260301_91673420-f5b0-48c5-957a-1a177c822682""}}",../outputs/sarvam/bengali/bengali_34.wav
2026-03-01 16:32:14.808823,bengali,শয়নকক্ষের AC তে ড্রাই মোড সেট করুন।,ElevenLabs,0.13870787620544434,"{""detail"":{""status"":""needs_authorization"",""message"":""Neither authorization header nor xi-api-key received, please provide one.""}}",../outputs/elevenlabs/bengali/bengali_35.mp3
2026-03-01 16:32:14.808823,bengali,শয়নকক্ষের AC তে ড্রাই মোড সেট করুন।,Sarvam,0.17375969886779785,"{""error"":{""message"":""Invalid or missing authentication credentials"",""code"":""invalid_api_key_error"",""request_id"":""20260301_c2edfb18-b52a-4cbf-b356-ae14762e0e13""}}",../outputs/sarvam/bengali/bengali_35.wav
2026-03-01 16:32:15.122281,bengali,শয়নকক্ষের AC তে স্লিপ মোড চালু করুন।,ElevenLabs,0.13131380081176758,"{""detail"":{""status"":""needs_authorization"",""message"":""Neither authorization header nor xi-api-key received, please provide one.""}}",../outputs/elevenlabs/bengali/bengali_36.mp3
2026-03-01 16:32:15.122281,bengali,শয়নকক্ষের AC তে স্লিপ মোড চালু করুন।,Sarvam,0.17423629760742188,"{""error"":{""message"":""Invalid or missing authentication credentials"",""code"":""invalid_api_key_error"",""request_id"":""20260301_3f15e5ca-5b44-401b-91a9-495c343a468e""}}",../outputs/sarvam/bengali/bengali_36.wav
2026-03-01 16:32:15.428873,bengali,শয়নকক্ষের AC তে ভার্টিক্যাল সুইং পজিশন 5 এ সেট করুন।,ElevenLabs,0.12642359733581543,"{""detail"":{""status"":""needs_authorization"",""message"":""Neither authorization header nor xi-api-key received, please provide one.""}}",../outputs/elevenlabs/bengali/bengali_37.mp3
2026-03-01 16:32:15.428873,bengali,শয়নকক্ষের AC তে ভার্টিক্যাল সুইং পজিশন 5 এ সেট করুন।,Sarvam,0.14699053764343262,"{""error"":{""message"":""Invalid or missing authentication credentials"",""code"":""invalid_api_key_error"",""request_id"":""20260301_640109cb-fbe7-47ae-9fb5-668e6b075aae""}}",../outputs/sarvam/bengali/bengali_37.wav
2026-03-01 16:32:15.702288,bengali,শয়নকক্ষের AC তে স্কাই হাই কালার চালু করুন।,ElevenLabs,0.13356351852416992,"{""detail"":{""status"":""needs_authorization"",""message"":""Neither authorization header nor xi-api-key received, please provide one.""}}",../outputs/elevenlabs/bengali/bengali_38.mp3
2026-03-01 16:32:15.702288,bengali,শয়নকক্ষের AC তে স্কাই হাই কালার চালু করুন।,Sarvam,0.13388276100158691,"{""error"":{""message"":""Invalid or missing authentication credentials"",""code"":""invalid_api_key_error"",""request_id"":""20260301_1300ed8c-a3e2-422f-b686-987042317cbd""}}",../outputs/sarvam/bengali/bengali_38.wav
2026-03-01 16:32:15.971753,bengali,লিভিং রুম AC 2 চালু করুন এবং এর হরিজন্টাল সুইং পজিশন 2 এ সেট করুন।,ElevenLabs,0.12587833404541016,"{""detail"":{""status"":""needs_authorization"",""message"":""Neither authorization header nor xi-api-key received, please provide one.""}}",../outputs/elevenlabs/bengali/bengali_39.mp3
2026-03-01 16:32:15.971753,bengali,লিভিং রুম AC 2 চালু করুন এবং এর হরিজন্টাল সুইং পজিশন 2 এ সেট করুন।,Sarvam,0.1350111961364746,"{""error"":{""message"":""Invalid or missing authentication credentials"",""code"":""invalid_api_key_error"",""request_id"":""20260301_c58f1fbf-792d-4dca-aaef-a4eec034ef62""}}",../outputs/sarvam/bengali/bengali_39.wav
2026-03-01 16:32:16.234621,bengali,লিভিং রুম AC 2 এ টার্বো মোড চালু করুন।,ElevenLabs,0.1321258544921875,"{""detail"":{""status"":""needs_authorization"",""message"":""Neither authorization header nor xi-api-key received, please provide one.""}}",../outputs/elevenlabs/bengali/bengali_40.mp3
2026-03-01 16:32:16.234621,bengali,লিভিং রুম AC 2 এ টার্বো মোড চালু করুন।,Sarvam,0.13780426979064941,"{""error"":{""message"":""Invalid or missing authentication credentials"",""code"":""invalid_api_key_error"",""request_id"":""20260301_8c465971-45d5-44f2-a04f-84995564d7ad""}}",../outputs/sarvam/bengali/bengali_40.wav
2026-03-01 16:32:16.505529,bengali,শয়নকক্ষের AC তে চাইল্ড লক চালু করুন।,ElevenLabs,0.12613320350646973,"{""detail"":{""status"":""needs_authorization"",""message"":""Neither authorization header nor xi-api-key received, please provide one.""}}",../outputs/elevenlabs/bengali/bengali_41.mp3
2026-03-01 16:32:16.505529,bengali,শয়নকক্ষের AC তে চাইল্ড লক চালু করুন।,Sarvam,0.13691163063049316,"{""error"":{""message"":""Invalid or missing authentication credentials"",""code"":""invalid_api_key_error"",""request_id"":""20260301_5bf855c9-6354-4fd4-a498-cb5ba6793140""}}",../outputs/sarvam/bengali/bengali_41.wav
2026-03-01 16:32:16.769612,bengali,অফিস AC 2 এ ফ্যানের গতি হাই সেট করুন।,ElevenLabs,0.12875080108642578,"{""detail"":{""status"":""needs_authorization"",""message"":""Neither authorization header nor xi-api-key received, please provide one.""}}",../outputs/elevenlabs/bengali/bengali_42.mp3
2026-03-01 16:32:16.769612,bengali,অফিস AC 2 এ ফ্যানের গতি হাই সেট করুন।,Sarvam,0.13161778450012207,"{""error"":{""message"":""Invalid or missing authentication credentials"",""code"":""invalid_api_key_error"",""request_id"":""20260301_27b1976d-5166-417d-9535-63ae0927e07c""}}",../outputs/sarvam/bengali/bengali_42.wav
2026-03-01 16:32:17.030969,bengali,শয়নকক্ষের AC তে হরিজন্টাল সুইং অটো সেট করুন।,ElevenLabs,0.12751078605651855,"{""detail"":{""status"":""needs_authorization"",""message"":""Neither authorization header nor xi-api-key received, please provide one.""}}",../outputs/elevenlabs/bengali/bengali_43.mp3
2026-03-01 16:32:17.030969,bengali,শয়নকক্ষের AC তে হরিজন্টাল সুইং অটো সেট করুন।,Sarvam,0.1452922821044922,"{""error"":{""message"":""Invalid or missing authentication credentials"",""code"":""invalid_api_key_error"",""request_id"":""20260301_2f1e6d8f-00a4-4dad-85e5-7e1275335844""}}",../outputs/sarvam/bengali/bengali_43.wav
2026-03-01 16:32:17.305395,bengali,লিভিং রুম AC 2 এ তাপমাত্রা 30 ডিগ্রি সেট করুন।,ElevenLabs,0.14266085624694824,"{""detail"":{""status"":""needs_authorization"",""message"":""Neither authorization header nor xi-api-key received, please provide one.""}}",../outputs/elevenlabs/bengali/bengali_44.mp3
2026-03-01 16:32:17.305395,bengali,লিভিং রুম AC 2 এ তাপমাত্রা 30 ডিগ্রি সেট করুন।,Sarvam,0.15540289878845215,"{""error"":{""message"":""Invalid or missing authentication credentials"",""code"":""invalid_api_key_error"",""request_id"":""20260301_1a27c457-f155-44f1-b44a-19b75cd26064""}}",../outputs/sarvam/bengali/bengali_44.wav
2026-03-01 16:32:17.604459,bengali,যোগা রুম AC 1 চালু করুন এবং এর সুইচ অফ টাইমার 20 মিনিটে সেট করুন।,ElevenLabs,0.1208486557006836,"{""detail"":{""status"":""needs_authorization"",""message"":""Neither authorization header nor xi-api-key received, please provide one.""}}",../outputs/elevenlabs/bengali/bengali_45.mp3
2026-03-01 16:32:17.604459,bengali,যোগা রুম AC 1 চালু করুন এবং এর সুইচ অফ টাইমার 20 মিনিটে সেট করুন।,Sarvam,0.1410055160522461,"{""error"":{""message"":""Invalid or missing authentication credentials"",""code"":""invalid_api_key_error"",""request_id"":""20260301_2bc4f406-bde0-4412-b670-c085156654fe""}}",../outputs/sarvam/bengali/bengali_45.wav
2026-03-01 16:32:17.868807,bengali,যোগা রুম AC 1 এ হিউমিকন মোড চালু করুন।,ElevenLabs,1.221372365951538,"{""detail"":{""status"":""needs_authorization"",""message"":""Neither authorization header nor xi-api-key received, please provide one.""}}",../outputs/elevenlabs/bengali/bengali_46.mp3
2026-03-01 16:32:17.868807,bengali,যোগা রুম AC 1 এ হিউমিকন মোড চালু করুন।,Sarvam,0.1465473175048828,"{""error"":{""message"":""Invalid or missing authentication credentials"",""code"":""invalid_api_key_error"",""request_id"":""20260301_021eae71-8fe8-4ea4-95aa-a3e3d02b7e21""}}",../outputs/sarvam/bengali/bengali_46.wav
2026-03-01 16:32:19.238718,bengali,শয়নকক্ষের AC তে চাইল্ড লক মোড বন্ধ করুন।,ElevenLabs,0.1508924961090088,"{""detail"":{""status"":""needs_authorization"",""message"":""Neither authorization header nor xi-api-key received, please provide one.""}}",../outputs/elevenlabs/bengali/bengali_47.mp3
2026-03-01 16:32:19.238718,bengali,শয়নকক্ষের AC তে চাইল্ড লক মোড বন্ধ করুন।,Sarvam,0.13239049911499023,"{""error"":{""message"":""Invalid or missing authentication credentials"",""code"":""invalid_api_key_error"",""request_id"":""20260301_d894f427-b463-4d71-b8fd-3dedd17cf3a7""}}",../outputs/sarvam/bengali/bengali_47.wav
2026-03-01 16:32:19.522993,bengali,শয়নকক্ষের AC তে ইকো মোড চালু করুন।,ElevenLabs,0.13429975509643555,"{""detail"":{""status"":""needs_authorization"",""message"":""Neither authorization header nor xi-api-key received, please provide one.""}}",../outputs/elevenlabs/bengali/bengali_48.mp3
2026-03-01 16:32:19.522993,bengali,শয়নকক্ষের AC তে ইকো মোড চালু করুন।,Sarvam,0.17895221710205078,"{""error"":{""message"":""Invalid or missing authentication credentials"",""code"":""invalid_api_key_error"",""request_id"":""20260301_408a630c-7884-451a-8291-2d4bc790008b""}}",../outputs/sarvam/bengali/bengali_48.wav
2026-03-01 16:32:19.837387,bengali,শয়নকক্ষের AC তে লাইট ইনটেনসিটি লো সেট করুন।,ElevenLabs,0.1241462230682373,"{""detail"":{""status"":""needs_authorization"",""message"":""Neither authorization header nor xi-api-key received, please provide one.""}}",../outputs/elevenlabs/bengali/bengali_49.mp3
2026-03-01 16:32:19.837387,bengali,শয়নকক্ষের AC তে লাইট ইনটেনসিটি লো সেট করুন।,Sarvam,0.1393289566040039,"{""error"":{""message"":""Invalid or missing authentication credentials"",""code"":""invalid_api_key_error"",""request_id"":""20260301_229dd9c4-53d7-4ad5-8894-e4293a17bf40""}}",../outputs/sarvam/bengali/bengali_49.wav
2026-03-01 16:32:20.111440,kannada,ಶಯನಕಕ್ಷೆಯ ಏರ್ ಪ್ಯೂರಿಫೈಯರ್ 1 ಅನ್ನು ಆನ್ ಮಾಡಿ।,ElevenLabs,0.131317138671875,"{""detail"":{""status"":""needs_authorization"",""message"":""Neither authorization header nor xi-api-key received, please provide one.""}}",../outputs/elevenlabs/kannada/kannada_0.mp3
2026-03-01 16:32:20.111440,kannada,ಶಯನಕಕ್ಷೆಯ ಏರ್ ಪ್ಯೂರಿಫೈಯರ್ 1 ಅನ್ನು ಆನ್ ಮಾಡಿ।,Sarvam,0.13341784477233887,"{""error"":{""message"":""Invalid or missing authentication credentials"",""code"":""invalid_api_key_error"",""request_id"":""20260301_49bc74dc-a547-46e1-9b76-04f74f88330c""}}",../outputs/sarvam/kannada/kannada_0.wav
2026-03-01 16:32:20.377844,kannada,ಶಯನಕಕ್ಷೆಯ ಏರ್ ಪ್ಯೂರಿಫೈಯರ್ 1 ನಲ್ಲಿ ಬಜರ್ ನಿಯಂತ್ರಣವನ್ನು ಆನ್ ಮಾಡಿ।,ElevenLabs,0.12937235832214355,"{""detail"":{""status"":""needs_authorization"",""message"":""Neither authorization header nor xi-api-key received, please provide one.""}}",../outputs/elevenlabs/kannada/kannada_1.mp3
2026-03-01 16:32:20.377844,kannada,ಶಯನಕಕ್ಷೆಯ ಏರ್ ಪ್ಯೂರಿಫೈಯರ್ 1 ನಲ್ಲಿ ಬಜರ್ ನಿಯಂತ್ರಣವನ್ನು ಆನ್ ಮಾಡಿ।,Sarvam,0.14401626586914062,"{""error"":{""message"":""Invalid or missing authentication credentials"",""code"":""invalid_api_key_error"",""request_id"":""20260301_65a7990a-5a0c-4b6b-ad0a-f898fc02f6c4""}}",../outputs/sarvam/kannada/kannada_1.wav
2026-03-01 16:32:20.652252,kannada,ಶಯನಕಕ್ಷೆಯ ಏರ್ ಪ್ಯೂರಿಫೈಯರ್ 1 ನಲ್ಲಿ ಫ್ಯಾನ್ ವೇಗವನ್ನು 4 ಗೆ ಹೊಂದಿಸಿ।,ElevenLabs,0.14757823944091797,"{""detail"":{""status"":""needs_authorization"",""message"":""Neither authorization header nor xi-api-key received, please provide one.""}}",../outputs/elevenlabs/kannada/kannada_2.mp3
2026-03-01 16:32:20.652252,kannada,ಶಯನಕಕ್ಷೆಯ ಏರ್ ಪ್ಯೂರಿಫೈಯರ್ 1 ನಲ್ಲಿ ಫ್ಯಾನ್ ವೇಗವನ್ನು 4 ಗೆ ಹೊಂದಿಸಿ।,Sarvam,0.13750791549682617,"{""error"":{""message"":""Invalid or missing authentication credentials"",""code"":""invalid_api_key_error"",""request_id"":""20260301_e177a67c-32e1-4c03-9d1f-12cc2b00a85b""}}",../outputs/sarvam/kannada/kannada_2.wav
2026-03-01 16:32:20.939367,kannada,ಶಯನಕಕ್ಷೆಯ ಏರ್ ಪ್ಯೂರಿಫೈಯರ್ 1 ನಲ್ಲಿ ನೈಟ್ ಮೋಡ್ ಹೊಂದಿಸಿ।,ElevenLabs,0.13545489311218262,"{""detail"":{""status"":""needs_authorization"",""message"":""Neither authorization header nor xi-api-key received, please provide one.""}}",../outputs/elevenlabs/kannada/kannada_3.mp3
2026-03-01 16:32:20.939367,kannada,ಶಯನಕಕ್ಷೆಯ ಏರ್ ಪ್ಯೂರಿಫೈಯರ್ 1 ನಲ್ಲಿ ನೈಟ್ ಮೋಡ್ ಹೊಂದಿಸಿ।,Sarvam,0.1305713653564453,"{""error"":{""message"":""Invalid or missing authentication credentials"",""code"":""invalid_api_key_error"",""request_id"":""20260301_17259443-1323-4dc6-8c09-2c915005fcd0""}}",../outputs/sarvam/kannada/kannada_3.wav
2026-03-01 16:32:21.206933,kannada,ಶಯನಕಕ್ಷೆಯ ಏರ್ ಪ್ಯೂರಿಫೈಯರ್ 1 ನಲ್ಲಿ 60 ನಿಮಿಷಗಳ ಸ್ವಿಚ್ ಆಫ್ ಟೈಮರ್ ಹೊಂದಿಸಿ।,ElevenLabs,0.1268320083618164,"{""detail"":{""status"":""needs_authorization"",""message"":""Neither authorization header nor xi-api-key received, please provide one.""}}",../outputs/elevenlabs/kannada/kannada_4.mp3
2026-03-01 16:32:21.206933,kannada,ಶಯನಕಕ್ಷೆಯ ಏರ್ ಪ್ಯೂರಿಫೈಯರ್ 1 ನಲ್ಲಿ 60 ನಿಮಿಷಗಳ ಸ್ವಿಚ್ ಆಫ್ ಟೈಮರ್ ಹೊಂದಿಸಿ।,Sarvam,0.13375496864318848,"{""error"":{""message"":""Invalid or missing authentication credentials"",""code"":""invalid_api_key_error"",""request_id"":""20260301_d3eba723-6cee-46ba-9c57-bf65cff2ab2e""}}",../outputs/sarvam/kannada/kannada_4.wav
2026-03-01 16:32:21.469061,kannada,ಶಯನಕಕ್ಷೆಯ ಏರ್ ಪ್ಯೂರಿಫೈಯರ್ 1 ನಲ್ಲಿ ರಿಂಗ್ ಎಲ್ಇಡಿ ಪ್ರಕಾಶಮಾನತೆ 40 ಹೊಂದಿಸಿ।,ElevenLabs,0.12288355827331543,"{""detail"":{""status"":""needs_authorization"",""message"":""Neither authorization header nor xi-api-key received, please provide one.""}}",../outputs/elevenlabs/kannada/kannada_5.mp3
2026-03-01 16:32:21.469061,kannada,ಶಯನಕಕ್ಷೆಯ ಏರ್ ಪ್ಯೂರಿಫೈಯರ್ 1 ನಲ್ಲಿ ರಿಂಗ್ ಎಲ್ಇಡಿ ಪ್ರಕಾಶಮಾನತೆ 40 ಹೊಂದಿಸಿ।,Sarvam,0.14464521408081055,"{""error"":{""message"":""Invalid or missing authentication credentials"",""code"":""invalid_api_key_error"",""request_id"":""20260301_239d9c81-2794-4eee-bf0e-6a5b75933edb""}}",../outputs/sarvam/kannada/kannada_5.wav
2026-03-01 16:32:21.739150,kannada,ಶಯನಕಕ್ಷೆಯ ಏರ್ ಪ್ಯೂರಿಫೈಯರ್ 1 ನಲ್ಲಿ ಟರ್ಬೋ ಮೋಡ್ ಆನ್ ಮಾಡಿ ಮತ್ತು ಬಜರ್ ನಿಯಂತ್ರಣ ಆಫ್ ಮಾಡಿ।,ElevenLabs,0.11945271492004395,"{""detail"":{""status"":""needs_authorization"",""message"":""Neither authorization header nor xi-api-key received, please provide one.""}}",../outputs/elevenlabs/kannada/kannada_6.mp3
2026-03-01 16:32:21.739150,kannada,ಶಯನಕಕ್ಷೆಯ ಏರ್ ಪ್ಯೂರಿಫೈಯರ್ 1 ನಲ್ಲಿ ಟರ್ಬೋ ಮೋಡ್ ಆನ್ ಮಾಡಿ ಮತ್ತು ಬಜರ್ ನಿಯಂತ್ರಣ ಆಫ್ ಮಾಡಿ।,Sarvam,0.13013362884521484,"{""error"":{""message"":""Invalid or missing authentication credentials"",""code"":""invalid_api_key_error"",""request_id"":""20260301_40ec02da-f9c4-47cd-8331-fb0ac00f5a2d""}}",../outputs/sarvam/kannada/kannada_6.wav
2026-03-01 16:32:21.991749,kannada,ಶಯನಕಕ್ಷೆಯ ಏರ್ ಪ್ಯೂರಿಫೈಯರ್ 1 ನಲ್ಲಿ 720 ನಿಮಿಷಗಳ ಸ್ವಿಚ್ ಆಫ್ ಟೈಮರ್ ಹೊಂದಿಸಿ।,ElevenLabs,0.12339115142822266,"{""detail"":{""status"":""needs_authorization"",""message"":""Neither authorization header nor xi-api-key received, please provide one.""}}",../outputs/elevenlabs/kannada/kannada_7.mp3
2026-03-01 16:32:21.991749,kannada,ಶಯನಕಕ್ಷೆಯ ಏರ್ ಪ್ಯೂರಿಫೈಯರ್ 1 ನಲ್ಲಿ 720 ನಿಮಿಷಗಳ ಸ್ವಿಚ್ ಆಫ್ ಟೈಮರ್ ಹೊಂದಿಸಿ।,Sarvam,0.13742709159851074,"{""error"":{""message"":""Invalid or missing authentication credentials"",""code"":""invalid_api_key_error"",""request_id"":""20260301_33c22a29-e7c4-4d18-ac48-0242b0150f2d""}}",../outputs/sarvam/kannada/kannada_7.wav
2026-03-01 16:32:22.254554,kannada,ಡೈನಿಂಗ್ ರೂಮ್‌ನಲ್ಲಿ ಏರ್ ಪ್ಯೂರಿಫೈಯರ್ ಅನ್ನು ಆನ್ ಮಾಡಿ।,ElevenLabs,0.11603522300720215,"{""detail"":{""status"":""needs_authorization"",""message"":""Neither authorization header nor xi-api-key received, please provide one.""}}",../outputs/elevenlabs/kannada/kannada_8.mp3
2026-03-01 16:32:22.254554,kannada,ಡೈನಿಂಗ್ ರೂಮ್‌ನಲ್ಲಿ ಏರ್ ಪ್ಯೂರಿಫೈಯರ್ ಅನ್ನು ಆನ್ ಮಾಡಿ।,Sarvam,0.16368556022644043,"{""error"":{""message"":""Invalid or missing authentication credentials"",""code"":""invalid_api_key_error"",""request_id"":""20260301_2af915ed-5afc-4cbb-a646-a8796dbf332b""}}",../outputs/sarvam/kannada/kannada_8.wav
2026-03-01 16:32:22.536281,kannada,ನನ್ನ ಶಯನಕಕ್ಷೆಯ ಏರ್ ಪ್ಯೂರಿಫೈಯರ್ 1 ರ ಸ್ಥಿತಿ ಏನು?,ElevenLabs,0.1331157684326172,"{""detail"":{""status"":""needs_authorization"",""message"":""Neither authorization header nor xi-api-key received, please provide one.""}}",../outputs/elevenlabs/kannada/kannada_9.mp3
2026-03-01 16:32:22.536281,kannada,ನನ್ನ ಶಯನಕಕ್ಷೆಯ ಏರ್ ಪ್ಯೂರಿಫೈಯರ್ 1 ರ ಸ್ಥಿತಿ ಏನು?,Sarvam,0.1388108730316162,"{""error"":{""message"":""Invalid or missing authentication credentials"",""code"":""invalid_api_key_error"",""request_id"":""20260301_2e924bb3-9f16-4b2a-8f9b-07aa7fd225d6""}}",../outputs/sarvam/kannada/kannada_9.wav
2026-03-01 16:32:22.810436,kannada,ಡೈನಿಂಗ್ ರೂಮ್ ಏರ್ ಪ್ಯೂರಿಫೈಯರ್ 1 ಅನ್ನು ಆನ್ ಮಾಡಿ।,ElevenLabs,0.1207420825958252,"{""detail"":{""status"":""needs_authorization"",""message"":""Neither authorization header nor xi-api-key received, please provide one.""}}",../outputs/elevenlabs/kannada/kannada_10.mp3
2026-03-01 16:32:22.810436,kannada,ಡೈನಿಂಗ್ ರೂಮ್ ಏರ್ ಪ್ಯೂರಿಫೈಯರ್ 1 ಅನ್ನು ಆನ್ ಮಾಡಿ।,Sarvam,0.14661097526550293,"{""error"":{""message"":""Invalid or missing authentication credentials"",""code"":""invalid_api_key_error"",""request_id"":""20260301_6da78bad-0581-49a6-bfa5-700e8a1161e2""}}",../outputs/sarvam/kannada/kannada_10.wav
2026-03-01 16:32:23.078828,kannada,ಡೈನಿಂಗ್ ರೂಮ್ ಏರ್ ಪ್ಯೂರಿಫೈಯರ್ 1 ನಲ್ಲಿ ರಿಂಗ್ ಎಲ್ಇಡಿ ಪ್ರಕಾಶಮಾನತೆ 70 ಹೊಂದಿಸಿ।,ElevenLabs,0.12573814392089844,"{""detail"":{""status"":""needs_authorization"",""message"":""Neither authorization header nor xi-api-key received, please provide one.""}}",../outputs/elevenlabs/kannada/kannada_11.mp3
2026-03-01 16:32:23.078828,kannada,ಡೈನಿಂಗ್ ರೂಮ್ ಏರ್ ಪ್ಯೂರಿಫೈಯರ್ 1 ನಲ್ಲಿ ರಿಂಗ್ ಎಲ್ಇಡಿ ಪ್ರಕಾಶಮಾನತೆ 70 ಹೊಂದಿಸಿ।,Sarvam,0.16310858726501465,"{""error"":{""message"":""Invalid or missing authentication credentials"",""code"":""invalid_api_key_error"",""request_id"":""20260301_115f3b70-05cb-4264-892b-d4d5896ac507""}}",../outputs/sarvam/kannada/kannada_11.wav
2026-03-01 16:32:23.370673,kannada,ಡೈನಿಂಗ್ ರೂಮ್ ಏರ್ ಪ್ಯೂರಿಫೈಯರ್ 1 ನಲ್ಲಿ ಹೀಟರ್ ಪವರ್ ಆನ್ ಮಾಡಿ।,ElevenLabs,0.1316840648651123,"{""detail"":{""status"":""needs_authorization"",""message"":""Neither authorization header nor xi-api-key received, please provide one.""}}",../outputs/elevenlabs/kannada/kannada_12.mp3
2026-03-01 16:32:23.370673,kannada,ಡೈನಿಂಗ್ ರೂಮ್ ಏರ್ ಪ್ಯೂರಿಫೈಯರ್ 1 ನಲ್ಲಿ ಹೀಟರ್ ಪವರ್ ಆನ್ ಮಾಡಿ।,Sarvam,0.14298558235168457,"{""error"":{""message"":""Invalid or missing authentication credentials"",""code"":""invalid_api_key_error"",""request_id"":""20260301_c0d0856d-4623-42fb-85c2-b6b036f7a961""}}",../outputs/sarvam/kannada/kannada_12.wav
2026-03-01 16:32:23.647323,kannada,ಡೈನಿಂಗ್ ರೂಮ್ ಏರ್ ಪ್ಯೂರಿಫೈಯರ್ 1 ನಲ್ಲಿ ನೈಟ್ ಮೋಡ್ ಹೊಂದಿಸಿ।,ElevenLabs,0.13095378875732422,"{""detail"":{""status"":""needs_authorization"",""message"":""Neither authorization header nor xi-api-key received, please provide one.""}}",../outputs/elevenlabs/kannada/kannada_13.mp3
2026-03-01 16:32:23.647323,kannada,ಡೈನಿಂಗ್ ರೂಮ್ ಏರ್ ಪ್ಯೂರಿಫೈಯರ್ 1 ನಲ್ಲಿ ನೈಟ್ ಮೋಡ್ ಹೊಂದಿಸಿ।,Sarvam,0.14034318923950195,"{""error"":{""message"":""Invalid or missing authentication credentials"",""code"":""invalid_api_key_error"",""request_id"":""20260301_a21445d6-f92e-4307-9ac0-1ce23078ce9e""}}",../outputs/sarvam/kannada/kannada_13.wav
2026-03-01 16:32:23.919634,kannada,ಡೈನಿಂಗ್ ರೂಮ್ ಏರ್ ಪ್ಯೂರಿಫೈಯರ್ 1 ನಲ್ಲಿ 180 ನಿಮಿಷಗಳ ಸ್ವಿಚ್ ಆಫ್ ಟೈಮರ್ ಹೊಂದಿಸಿ।,ElevenLabs,0.12002706527709961,"{""detail"":{""status"":""needs_authorization"",""message"":""Neither authorization header nor xi-api-key received, please provide one.""}}",../outputs/elevenlabs/kannada/kannada_14.mp3
2026-03-01 16:32:23.919634,kannada,ಡೈನಿಂಗ್ ರೂಮ್ ಏರ್ ಪ್ಯೂರಿಫೈಯರ್ 1 ನಲ್ಲಿ 180 ನಿಮಿಷಗಳ ಸ್ವಿಚ್ ಆಫ್ ಟೈಮರ್ ಹೊಂದಿಸಿ।,Sarvam,0.15351343154907227,"{""error"":{""message"":""Invalid or missing authentication credentials"",""code"":""invalid_api_key_error"",""request_id"":""20260301_1d5958fc-6c37-48f1-983c-157a60c2b7f7""}}",../outputs/sarvam/kannada/kannada_14.wav
2026-03-01 16:32:24.195204,kannada,ಡೈನಿಂಗ್ ರೂಮ್ ಏರ್ ಪ್ಯೂರಿಫೈಯರ್ 1 ನಲ್ಲಿ ಬಜರ್ ನಿಯಂತ್ರಣ ಆನ್ ಮಾಡಿ।,ElevenLabs,0.1285548210144043,"{""detail"":{""status"":""needs_authorization"",""message"":""Neither authorization header nor xi-api-key received, please provide one.""}}",../outputs/elevenlabs/kannada/kannada_15.mp3
2026-03-01 16:32:24.195204,kannada,ಡೈನಿಂಗ್ ರೂಮ್ ಏರ್ ಪ್ಯೂರಿಫೈಯರ್ 1 ನಲ್ಲಿ ಬಜರ್ ನಿಯಂತ್ರಣ ಆನ್ ಮಾಡಿ।,Sarvam,0.13454985618591309,"{""error"":{""message"":""Invalid or missing authentication credentials"",""code"":""invalid_api_key_error"",""request_id"":""20260301_66d8afe0-ae08-4cec-84b0-67756b4cdeeb""}}",../outputs/sarvam/kannada/kannada_15.wav
2026-03-01 16:32:24.459324,kannada,ಡೈನಿಂಗ್ ರೂಮ್ ಏರ್ ಪ್ಯೂರಿಫೈಯರ್ 1 ನಲ್ಲಿ ಫ್ಯಾನ್ ವೇಗವನ್ನು 3 ಗೆ ಹೊಂದಿಸಿ।,ElevenLabs,0.12532734870910645,"{""detail"":{""status"":""needs_authorization"",""message"":""Neither authorization header nor xi-api-key received, please provide one.""}}",../outputs/elevenlabs/kannada/kannada_16.mp3
2026-03-01 16:32:24.459324,kannada,ಡೈನಿಂಗ್ ರೂಮ್ ಏರ್ ಪ್ಯೂರಿಫೈಯರ್ 1 ನಲ್ಲಿ ಫ್ಯಾನ್ ವೇಗವನ್ನು 3 ಗೆ ಹೊಂದಿಸಿ।,Sarvam,0.15021300315856934,"{""error"":{""message"":""Invalid or missing authentication credentials"",""code"":""invalid_api_key_error"",""request_id"":""20260301_4a52378f-b802-4fb8-8732-1b622b9f4a65""}}",../outputs/sarvam/kannada/kannada_16.wav
2026-03-01 16:32:24.737392,kannada,ಡೈನಿಂಗ್ ರೂಮ್ ಏರ್ ಪ್ಯೂರಿಫೈಯರ್ 1 ಅನ್ನು ಆನ್ ಮಾಡಿ।,ElevenLabs,0.12299132347106934,"{""detail"":{""status"":""needs_authorization"",""message"":""Neither authorization header nor xi-api-key received, please provide one.""}}",../outputs/elevenlabs/kannada/kannada_17.mp3
2026-03-01 16:32:24.737392,kannada,ಡೈನಿಂಗ್ ರೂಮ್ ಏರ್ ಪ್ಯೂರಿಫೈಯರ್ 1 ಅನ್ನು ಆನ್ ಮಾಡಿ।,Sarvam,0.15417170524597168,"{""error"":{""message"":""Invalid or missing authentication credentials"",""code"":""invalid_api_key_error"",""request_id"":""20260301_51510d46-1b11-45e9-8bb5-4ca53b621cb9""}}",../outputs/sarvam/kannada/kannada_17.wav
2026-03-01 16:32:25.016542,kannada,ಡೈನಿಂಗ್ ರೂಮ್ ಏರ್ ಪ್ಯೂರಿಫೈಯರ್ 1 ನಲ್ಲಿ ರಿಂಗ್ ಎಲ್ಇಡಿ ಪ್ರಕಾಶಮಾನತೆ 200 ಹೊಂದಿಸಿ।,ElevenLabs,0.12057042121887207,"{""detail"":{""status"":""needs_authorization"",""message"":""Neither authorization header nor xi-api-key received, please provide one.""}}",../outputs/elevenlabs/kannada/kannada_18.mp3
2026-03-01 16:32:25.016542,kannada,ಡೈನಿಂಗ್ ರೂಮ್ ಏರ್ ಪ್ಯೂರಿಫೈಯರ್ 1 ನಲ್ಲಿ ರಿಂಗ್ ಎಲ್ಇಡಿ ಪ್ರಕಾಶಮಾನತೆ 200 ಹೊಂದಿಸಿ।,Sarvam,0.19345688819885254,"{""error"":{""message"":""Invalid or missing authentication credentials"",""code"":""invalid_api_key_error"",""request_id"":""20260301_8b5c947e-526a-4916-b3ee-8c7751dee00e""}}",../outputs/sarvam/kannada/kannada_18.wav
2026-03-01 16:32:25.333132,kannada,ಡೈನಿಂಗ್ ರೂಮ್ ಏರ್ ಪ್ಯೂರಿಫೈಯರ್ 100 ನಲ್ಲಿ 180 ನಿಮಿಷಗಳ ಸ್ವಿಚ್ ಆಫ್ ಟೈಮರ್ ಹೊಂದಿಸಿ।,ElevenLabs,0.14773130416870117,"{""detail"":{""status"":""needs_authorization"",""message"":""Neither authorization header nor xi-api-key received, please provide one.""}}",../outputs/elevenlabs/kannada/kannada_19.mp3
2026-03-01 16:32:25.333132,kannada,ಡೈನಿಂಗ್ ರೂಮ್ ಏರ್ ಪ್ಯೂರಿಫೈಯರ್ 100 ನಲ್ಲಿ 180 ನಿಮಿಷಗಳ ಸ್ವಿಚ್ ಆಫ್ ಟೈಮರ್ ಹೊಂದಿಸಿ।,Sarvam,0.15464520454406738,"{""error"":{""message"":""Invalid or missing authentication credentials"",""code"":""invalid_api_key_error"",""request_id"":""20260301_fa53af83-c7a1-44a2-9290-9eb190c3439e""}}",../outputs/sarvam/kannada/kannada_19.wav
2026-03-01 16:32:25.636497,kannada,ಲಿವಿಂಗ್ ರೂಮ್ ಏರ್ ಪ್ಯೂರಿಫೈಯರ್ 1 ಅನ್ನು ಆನ್ ಮಾಡಿ।,ElevenLabs,0.12526226043701172,"{""detail"":{""status"":""needs_authorization"",""message"":""Neither authorization header nor xi-api-key received, please provide one.""}}",../outputs/elevenlabs/kannada/kannada_20.mp3
2026-03-01 16:32:25.636497,kannada,ಲಿವಿಂಗ್ ರೂಮ್ ಏರ್ ಪ್ಯೂರಿಫೈಯರ್ 1 ಅನ್ನು ಆನ್ ಮಾಡಿ।,Sarvam,0.15046977996826172,"{""error"":{""message"":""Invalid or missing authentication credentials"",""code"":""invalid_api_key_error"",""request_id"":""20260301_f6c7f5d5-8e70-43b0-b0e6-d74e3deb89aa""}}",../outputs/sarvam/kannada/kannada_20.wav
2026-03-01 16:32:25.913826,kannada,ಲಿವಿಂಗ್ ರೂಮ್ ಏರ್ ಪ್ಯೂರಿಫೈಯರ್ 1 ನಲ್ಲಿ 60 ನಿಮಿಷಗಳ ಸ್ವಿಚ್ ಆಫ್ ಟೈಮರ್ ಹೊಂದಿಸಿ।,ElevenLabs,0.12293696403503418,"{""detail"":{""status"":""needs_authorization"",""message"":""Neither authorization header nor xi-api-key received, please provide one.""}}",../outputs/elevenlabs/kannada/kannada_21.mp3
2026-03-01 16:32:25.913826,kannada,ಲಿವಿಂಗ್ ರೂಮ್ ಏರ್ ಪ್ಯೂರಿಫೈಯರ್ 1 ನಲ್ಲಿ 60 ನಿಮಿಷಗಳ ಸ್ವಿಚ್ ಆಫ್ ಟೈಮರ್ ಹೊಂದಿಸಿ।,Sarvam,0.14090228080749512,"{""error"":{""message"":""Invalid or missing authentication credentials"",""code"":""invalid_api_key_error"",""request_id"":""20260301_7cdf220c-22d8-47f9-bf8d-ef3927d3905c""}}",../outputs/sarvam/kannada/kannada_21.wav
2026-03-01 16:32:26.179708,kannada,ಲಿವಿಂಗ್ ರೂಮ್ ಏರ್ ಪ್ಯೂರಿಫೈಯರ್ 1 ನಲ್ಲಿ ನೈಟ್ ಮೋಡ್ ಆನ್ ಮಾಡಿ।,ElevenLabs,0.12374448776245117,"{""detail"":{""status"":""needs_authorization"",""message"":""Neither authorization header nor xi-api-key received, please provide one.""}}",../outputs/elevenlabs/kannada/kannada_22.mp3
2026-03-01 16:32:26.179708,kannada,ಲಿವಿಂಗ್ ರೂಮ್ ಏರ್ ಪ್ಯೂರಿಫೈಯರ್ 1 ನಲ್ಲಿ ನೈಟ್ ಮೋಡ್ ಆನ್ ಮಾಡಿ।,Sarvam,0.13987278938293457,"{""error"":{""message"":""Invalid or missing authentication credentials"",""code"":""invalid_api_key_error"",""request_id"":""20260301_2638c488-27fe-4546-b20f-f207f37a4837""}}",../outputs/sarvam/kannada/kannada_22.wav
2026-03-01 16:32:26.444342,kannada,ಲಿವಿಂಗ್ ರೂಮ್ ಏರ್ ಪ್ಯೂರಿಫೈಯರ್ 1 ರ ಫ್ಯಾನ್ ಪವರ್ ಆಫ್ ಮಾಡಿ।,ElevenLabs,0.12456655502319336,"{""detail"":{""status"":""needs_authorization"",""message"":""Neither authorization header nor xi-api-key received, please provide one.""}}",../outputs/elevenlabs/kannada/kannada_23.mp3
2026-03-01 16:32:26.444342,kannada,ಲಿವಿಂಗ್ ರೂಮ್ ಏರ್ ಪ್ಯೂರಿಫೈಯರ್ 1 ರ ಫ್ಯಾನ್ ಪವರ್ ಆಫ್ ಮಾಡಿ।,Sarvam,0.13053393363952637,"{""error"":{""message"":""Invalid or missing authentication credentials"",""code"":""invalid_api_key_error"",""request_id"":""20260301_e14d26e2-aa62-4931-9a2f-9b6da1b1883a""}}",../outputs/sarvam/kannada/kannada_23.wav
2026-03-01 16:32:26.700453,kannada,ಲಿವಿಂಗ್ ರೂಮ್ ಏರ್ ಪ್ಯೂರಿಫೈಯರ್ 1 ನಲ್ಲಿ ಫ್ಯಾನ್ ಪವರ್ ಆನ್ ಮಾಡಿ ಮತ್ತು ವೇಗ 4 ಹೊಂದಿಸಿ।,ElevenLabs,0.1281871795654297,"{""detail"":{""status"":""needs_authorization"",""message"":""Neither authorization header nor xi-api-key received, please provide one.""}}",../outputs/elevenlabs/kannada/kannada_24.mp3
2026-03-01 16:32:26.700453,kannada,ಲಿವಿಂಗ್ ರೂಮ್ ಏರ್ ಪ್ಯೂರಿಫೈಯರ್ 1 ನಲ್ಲಿ ಫ್ಯಾನ್ ಪವರ್ ಆನ್ ಮಾಡಿ ಮತ್ತು ವೇಗ 4 ಹೊಂದಿಸಿ।,Sarvam,0.1471707820892334,"{""error"":{""message"":""Invalid or missing authentication credentials"",""code"":""invalid_api_key_error"",""request_id"":""20260301_8bc85e80-4278-4f1c-b757-3b0505db8999""}}",../outputs/sarvam/kannada/kannada_24.wav
2026-03-01 16:32:26.976803,kannada,ಲಿವಿಂಗ್ ರೂಮ್ ಏರ್ ಪ್ಯೂರಿಫೈಯರ್ 1 ನಲ್ಲಿ ಫ್ಯಾನ್ ವೇಗವನ್ನು 8 ಗೆ ಹೊಂದಿಸಿ।,ElevenLabs,0.1325364112854004,"{""detail"":{""status"":""needs_authorization"",""message"":""Neither authorization header nor xi-api-key received, please provide one.""}}",../outputs/elevenlabs/kannada/kannada_25.mp3
2026-03-01 16:32:26.976803,kannada,ಲಿವಿಂಗ್ ರೂಮ್ ಏರ್ ಪ್ಯೂರಿಫೈಯರ್ 1 ನಲ್ಲಿ ಫ್ಯಾನ್ ವೇಗವನ್ನು 8 ಗೆ ಹೊಂದಿಸಿ।,Sarvam,0.12640833854675293,"{""error"":{""message"":""Invalid or missing authentication credentials"",""code"":""invalid_api_key_error"",""request_id"":""20260301_e8918814-5d1e-4762-ba90-c621c28d4776""}}",../outputs/sarvam/kannada/kannada_25.wav
2026-03-01 16:32:27.238808,kannada,ಲಿವಿಂಗ್ ರೂಮ್ ಏರ್ ಪ್ಯೂರಿಫೈಯರ್ 1 ಅನ್ನು ಆಫ್ ಮಾಡಿ।,ElevenLabs,0.12169432640075684,"{""detail"":{""status"":""needs_authorization"",""message"":""Neither authorization header nor xi-api-key received, please provide one.""}}",../outputs/elevenlabs/kannada/kannada_26.mp3
2026-03-01 16:32:27.238808,kannada,ಲಿವಿಂಗ್ ರೂಮ್ ಏರ್ ಪ್ಯೂರಿಫೈಯರ್ 1 ಅನ್ನು ಆಫ್ ಮಾಡಿ।,Sarvam,0.14037704467773438,"{""error"":{""message"":""Invalid or missing authentication credentials"",""code"":""invalid_api_key_error"",""request_id"":""20260301_eb849f2c-5932-4887-ac0c-929bd8b31e50""}}",../outputs/sarvam/kannada/kannada_26.wav
2026-03-01 16:32:27.502879,kannada,ಲಿವಿಂಗ್ ರೂಮ್ ಏರ್ ಪ್ಯೂರಿಫೈಯರ್ 1 ಅನ್ನು ಆಫ್ ಮಾಡಿ।,ElevenLabs,0.12604618072509766,"{""detail"":{""status"":""needs_authorization"",""message"":""Neither authorization header nor xi-api-key received, please provide one.""}}",../outputs/elevenlabs/kannada/kannada_27.mp3
2026-03-01 16:32:27.502879,kannada,ಲಿವಿಂಗ್ ರೂಮ್ ಏರ್ ಪ್ಯೂರಿಫೈಯರ್ 1 ಅನ್ನು ಆಫ್ ಮಾಡಿ।,Sarvam,0.16922640800476074,"{""error"":{""message"":""Invalid or missing authentication credentials"",""code"":""invalid_api_key_error"",""request_id"":""20260301_56be9467-447a-4d3d-8431-87aa3f83d9b2""}}",../outputs/sarvam/kannada/kannada_27.wav
2026-03-01 16:32:27.799152,kannada,ಲಿವಿಂಗ್ ರೂಮ್ ಏರ್ ಪ್ಯೂರಿಫೈಯರ್ 1 ನಲ್ಲಿ ಫ್ಯಾನ್ ವೇಗವನ್ನು 2 ಗೆ ಹೊಂದಿಸಿ।,ElevenLabs,0.1291494369506836,"{""detail"":{""status"":""needs_authorization"",""message"":""Neither authorization header nor xi-api-key received, please provide one.""}}",../outputs/elevenlabs/kannada/kannada_28.mp3
2026-03-01 16:32:27.799152,kannada,ಲಿವಿಂಗ್ ರೂಮ್ ಏರ್ ಪ್ಯೂರಿಫೈಯರ್ 1 ನಲ್ಲಿ ಫ್ಯಾನ್ ವೇಗವನ್ನು 2 ಗೆ ಹೊಂದಿಸಿ।,Sarvam,0.15265393257141113,"{""error"":{""message"":""Invalid or missing authentication credentials"",""code"":""invalid_api_key_error"",""request_id"":""20260301_92485670-b4fd-40ec-a564-3c9a1c7f3904""}}",../outputs/sarvam/kannada/kannada_28.wav
2026-03-01 16:32:28.082568,kannada,ನನ್ನ ಶಯನಕಕ್ಷೆಯಲ್ಲಿ ಯಾವ ಸಾಧನಗಳಿವೆ?,ElevenLabs,0.15198445320129395,"{""detail"":{""status"":""needs_authorization"",""message"":""Neither authorization header nor xi-api-key received, please provide one.""}}",../outputs/elevenlabs/kannada/kannada_29.mp3
2026-03-01 16:32:28.082568,kannada,ನನ್ನ ಶಯನಕಕ್ಷೆಯಲ್ಲಿ ಯಾವ ಸಾಧನಗಳಿವೆ?,Sarvam,0.14231634140014648,"{""error"":{""message"":""Invalid or missing authentication credentials"",""code"":""invalid_api_key_error"",""request_id"":""20260301_c7c956c3-8106-4573-9fee-b133ad8bbbb1""}}",../outputs/sarvam/kannada/kannada_29.wav
2026-03-01 16:32:28.378878,kannada,ಶಯನಕಕ್ಷೆಯಲ್ಲಿ AC ಅನ್ನು ಆನ್ ಮಾಡಿ।,ElevenLabs,0.13423466682434082,"{""detail"":{""status"":""needs_authorization"",""message"":""Neither authorization header nor xi-api-key received, please provide one.""}}",../outputs/elevenlabs/kannada/kannada_30.mp3
2026-03-01 16:32:28.378878,kannada,ಶಯನಕಕ್ಷೆಯಲ್ಲಿ AC ಅನ್ನು ಆನ್ ಮಾಡಿ।,Sarvam,0.16243958473205566,"{""error"":{""message"":""Invalid or missing authentication credentials"",""code"":""invalid_api_key_error"",""request_id"":""20260301_b106998e-7dbc-41c7-b4e9-bb4cdc730453""}}",../outputs/sarvam/kannada/kannada_30.wav
2026-03-01 16:32:28.678104,kannada,ಶಯನಕಕ್ಷೆಯ AC ನಲ್ಲಿ ತಾಪಮಾನವನ್ನು 18 ಡಿಗ್ರಿಗೆ ಹೊಂದಿಸಿ।,ElevenLabs,0.12100696563720703,"{""detail"":{""status"":""needs_authorization"",""message"":""Neither authorization header nor xi-api-key received, please provide one.""}}",../outputs/elevenlabs/kannada/kannada_31.mp3
2026-03-01 16:32:28.678104,kannada,ಶಯನಕಕ್ಷೆಯ AC ನಲ್ಲಿ ತಾಪಮಾನವನ್ನು 18 ಡಿಗ್ರಿಗೆ ಹೊಂದಿಸಿ।,Sarvam,0.12764191627502441,"{""error"":{""message"":""Invalid or missing authentication credentials"",""code"":""invalid_api_key_error"",""request_id"":""20260301_b274146f-8199-4c1c-ad60-80f87f7d536c""}}",../outputs/sarvam/kannada/kannada_31.wav
2026-03-01 16:32:28.927769,kannada,ಶಯನಕಕ್ಷೆಯ AC ನಲ್ಲಿ ಡಿಸ್ಪ್ಲೇ ಮೋಡ್ ಆನ್ ಮಾಡಿ।,ElevenLabs,0.1278696060180664,"{""detail"":{""status"":""needs_authorization"",""message"":""Neither authorization header nor xi-api-key received, please provide one.""}}",../outputs/elevenlabs/kannada/kannada_32.mp3
2026-03-01 16:32:28.927769,kannada,ಶಯನಕಕ್ಷೆಯ AC ನಲ್ಲಿ ಡಿಸ್ಪ್ಲೇ ಮೋಡ್ ಆನ್ ಮಾಡಿ।,Sarvam,0.13840603828430176,"{""error"":{""message"":""Invalid or missing authentication credentials"",""code"":""invalid_api_key_error"",""request_id"":""20260301_b4112d2a-b2d7-48e6-bedc-c12d2496d4b9""}}",../outputs/sarvam/kannada/kannada_32.wav
2026-03-01 16:32:29.195068,kannada,ಡೈನಿಂಗ್ ರೂಮ್‌ನಲ್ಲಿ AC ಅನ್ನು ಆನ್ ಮಾಡಿ।,ElevenLabs,0.12330341339111328,"{""detail"":{""status"":""needs_authorization"",""message"":""Neither authorization header nor xi-api-key received, please provide one.""}}",../outputs/elevenlabs/kannada/kannada_33.mp3
2026-03-01 16:32:29.195068,kannada,ಡೈನಿಂಗ್ ರೂಮ್‌ನಲ್ಲಿ AC ಅನ್ನು ಆನ್ ಮಾಡಿ।,Sarvam,0.13615989685058594,"{""error"":{""message"":""Invalid or missing authentication credentials"",""code"":""invalid_api_key_error"",""request_id"":""20260301_a866a88c-2aee-4ee4-b13d-94dc8081fac5""}}",../outputs/sarvam/kannada/kannada_33.wav
2026-03-01 16:32:29.456057,kannada,ಆಫೀಸ್ AC 2 ಅನ್ನು ಆನ್ ಮಾಡಿ।,ElevenLabs,0.12209248542785645,"{""detail"":{""status"":""needs_authorization"",""message"":""Neither authorization header nor xi-api-key received, please provide one.""}}",../outputs/elevenlabs/kannada/kannada_34.mp3
2026-03-01 16:32:29.456057,kannada,ಆಫೀಸ್ AC 2 ಅನ್ನು ಆನ್ ಮಾಡಿ।,Sarvam,0.16207242012023926,"{""error"":{""message"":""Invalid or missing authentication credentials"",""code"":""invalid_api_key_error"",""request_id"":""20260301_f1582e25-7ab8-45bf-8d37-758fea7a8b6b""}}",../outputs/sarvam/kannada/kannada_34.wav
2026-03-01 16:32:29.742208,kannada,ಶಯನಕಕ್ಷೆಯ AC ನಲ್ಲಿ ಡ್ರೈ ಮೋಡ್ ಹೊಂದಿಸಿ।,ElevenLabs,0.12400102615356445,"{""detail"":{""status"":""needs_authorization"",""message"":""Neither authorization header nor xi-api-key received, please provide one.""}}",../outputs/elevenlabs/kannada/kannada_35.mp3
2026-03-01 16:32:29.742208,kannada,ಶಯನಕಕ್ಷೆಯ AC ನಲ್ಲಿ ಡ್ರೈ ಮೋಡ್ ಹೊಂದಿಸಿ।,Sarvam,0.13081860542297363,"{""error"":{""message"":""Invalid or missing authentication credentials"",""code"":""invalid_api_key_error"",""request_id"":""20260301_e9ec368c-85e0-40ef-81e6-1985331716e7""}}",../outputs/sarvam/kannada/kannada_35.wav
2026-03-01 16:32:29.998028,kannada,ಶಯನಕಕ್ಷೆಯ AC ನಲ್ಲಿ ಸ್ಲೀಪ್ ಮೋಡ್ ಆನ್ ಮಾಡಿ।,ElevenLabs,0.12540626525878906,"{""detail"":{""status"":""needs_authorization"",""message"":""Neither authorization header nor xi-api-key received, please provide one.""}}",../outputs/elevenlabs/kannada/kannada_36.mp3
2026-03-01 16:32:29.998028,kannada,ಶಯನಕಕ್ಷೆಯ AC ನಲ್ಲಿ ಸ್ಲೀಪ್ ಮೋಡ್ ಆನ್ ಮಾಡಿ।,Sarvam,0.15359020233154297,"{""error"":{""message"":""Invalid or missing authentication credentials"",""code"":""invalid_api_key_error"",""request_id"":""20260301_3aa57455-650f-4f0e-9e96-f31b3bbfae20""}}",../outputs/sarvam/kannada/kannada_36.wav
2026-03-01 16:32:30.280023,kannada,ಶಯನಕಕ್ಷೆಯ AC ನಲ್ಲಿ ವರ್ಟಿಕಲ್ ಸ್ವಿಂಗ್ ಸ್ಥಾನ 5 ಗೆ ಹೊಂದಿಸಿ।,ElevenLabs,0.12627792358398438,"{""detail"":{""status"":""needs_authorization"",""message"":""Neither authorization header nor xi-api-key received, please provide one.""}}",../outputs/elevenlabs/kannada/kannada_37.mp3
2026-03-01 16:32:30.280023,kannada,ಶಯನಕಕ್ಷೆಯ AC ನಲ್ಲಿ ವರ್ಟಿಕಲ್ ಸ್ವಿಂಗ್ ಸ್ಥಾನ 5 ಗೆ ಹೊಂದಿಸಿ।,Sarvam,0.14511919021606445,"{""error"":{""message"":""Invalid or missing authentication credentials"",""code"":""invalid_api_key_error"",""request_id"":""20260301_52ba2a30-4266-4c59-948d-93bb92766639""}}",../outputs/sarvam/kannada/kannada_37.wav
2026-03-01 16:32:30.553425,kannada,ಶಯನಕಕ್ಷೆಯ AC ನಲ್ಲಿ ಸ್ಕೈ ಹೈ ಕಲರ್ ಆನ್ ಮಾಡಿ।,ElevenLabs,0.13526701927185059,"{""detail"":{""status"":""needs_authorization"",""message"":""Neither authorization header nor xi-api-key received, please provide one.""}}",../outputs/elevenlabs/kannada/kannada_38.mp3
2026-03-01 16:32:30.553425,kannada,ಶಯನಕಕ್ಷೆಯ AC ನಲ್ಲಿ ಸ್ಕೈ ಹೈ ಕಲರ್ ಆನ್ ಮಾಡಿ।,Sarvam,0.15570926666259766,"{""error"":{""message"":""Invalid or missing authentication credentials"",""code"":""invalid_api_key_error"",""request_id"":""20260301_e74b2892-647b-4426-80b3-19b8b21cd5f0""}}",../outputs/sarvam/kannada/kannada_38.wav
2026-03-01 16:32:30.845402,kannada,ಲಿವಿಂಗ್ ರೂಮ್ AC 2 ಅನ್ನು ಆನ್ ಮಾಡಿ ಮತ್ತು ಅದರ ಹಾರಿಜಾಂಟಲ್ ಸ್ವಿಂಗ್ ಸ್ಥಾನ 2 ಗೆ ಹೊಂದಿಸಿ।,ElevenLabs,0.12446379661560059,"{""detail"":{""status"":""needs_authorization"",""message"":""Neither authorization header nor xi-api-key received, please provide one.""}}",../outputs/elevenlabs/kannada/kannada_39.mp3
2026-03-01 16:32:30.845402,kannada,ಲಿವಿಂಗ್ ರೂಮ್ AC 2 ಅನ್ನು ಆನ್ ಮಾಡಿ ಮತ್ತು ಅದರ ಹಾರಿಜಾಂಟಲ್ ಸ್ವಿಂಗ್ ಸ್ಥಾನ 2 ಗೆ ಹೊಂದಿಸಿ।,Sarvam,0.1212928295135498,"{""error"":{""message"":""Invalid or missing authentication credentials"",""code"":""invalid_api_key_error"",""request_id"":""20260301_82b4e10c-b975-4a59-8d84-1ae756fc5c72""}}",../outputs/sarvam/kannada/kannada_39.wav
2026-03-01 16:32:31.092158,kannada,ಲಿವಿಂಗ್ ರೂಮ್ AC 2 ನಲ್ಲಿ ಟರ್ಬೋ ಮೋಡ್ ಆನ್ ಮಾಡಿ।,ElevenLabs,0.12523698806762695,"{""detail"":{""status"":""needs_authorization"",""message"":""Neither authorization header nor xi-api-key received, please provide one.""}}",../outputs/elevenlabs/kannada/kannada_40.mp3
2026-03-01 16:32:31.092158,kannada,ಲಿವಿಂಗ್ ರೂಮ್ AC 2 ನಲ್ಲಿ ಟರ್ಬೋ ಮೋಡ್ ಆನ್ ಮಾಡಿ।,Sarvam,0.14867186546325684,"{""error"":{""message"":""Invalid or missing authentication credentials"",""code"":""invalid_api_key_error"",""request_id"":""20260301_bbd3a31c-2d81-4dd8-a681-ea582fd30b96""}}",../outputs/sarvam/kannada/kannada_40.wav
2026-03-01 16:32:31.367065,kannada,ಶಯನಕಕ್ಷೆಯ AC ನಲ್ಲಿ ಚೈಲ್ಡ್ ಲಾಕ್ ಆನ್ ಮಾಡಿ।,ElevenLabs,0.13040471076965332,"{""detail"":{""status"":""needs_authorization"",""message"":""Neither authorization header nor xi-api-key received, please provide one.""}}",../outputs/elevenlabs/kannada/kannada_41.mp3
2026-03-01 16:32:31.367065,kannada,ಶಯನಕಕ್ಷೆಯ AC ನಲ್ಲಿ ಚೈಲ್ಡ್ ಲಾಕ್ ಆನ್ ಮಾಡಿ।,Sarvam,0.135361909866333,"{""error"":{""message"":""Invalid or missing authentication credentials"",""code"":""invalid_api_key_error"",""request_id"":""20260301_4a51998b-c448-4ece-b67f-abb0c9f932c6""}}",../outputs/sarvam/kannada/kannada_41.wav
2026-03-01 16:32:31.635496,kannada,ಆಫೀಸ್ AC 2 ನಲ್ಲಿ ಫ್ಯಾನ್ ವೇಗವನ್ನು ಹೈ ಗೆ ಹೊಂದಿಸಿ।,ElevenLabs,0.12778258323669434,"{""detail"":{""status"":""needs_authorization"",""message"":""Neither authorization header nor xi-api-key received, please provide one.""}}",../outputs/elevenlabs/kannada/kannada_42.mp3
2026-03-01 16:32:31.635496,kannada,ಆಫೀಸ್ AC 2 ನಲ್ಲಿ ಫ್ಯಾನ್ ವೇಗವನ್ನು ಹೈ ಗೆ ಹೊಂದಿಸಿ।,Sarvam,0.14551639556884766,"{""error"":{""message"":""Invalid or missing authentication credentials"",""code"":""invalid_api_key_error"",""request_id"":""20260301_7aec156a-efdd-4782-ac7d-5f53a2af97b5""}}",../outputs/sarvam/kannada/kannada_42.wav
2026-03-01 16:32:31.910311,kannada,ಶಯನಕಕ್ಷೆಯ AC ನಲ್ಲಿ ಹಾರಿಜಾಂಟಲ್ ಸ್ವಿಂಗ್ ಅನ್ನು ಆಟೋಗೆ ಹೊಂದಿಸಿ।,ElevenLabs,0.1208498477935791,"{""detail"":{""status"":""needs_authorization"",""message"":""Neither authorization header nor xi-api-key received, please provide one.""}}",../outputs/elevenlabs/kannada/kannada_43.mp3
2026-03-01 16:32:31.910311,kannada,ಶಯನಕಕ್ಷೆಯ AC ನಲ್ಲಿ ಹಾರಿಜಾಂಟಲ್ ಸ್ವಿಂಗ್ ಅನ್ನು ಆಟೋಗೆ ಹೊಂದಿಸಿ।,Sarvam,0.13368988037109375,"{""error"":{""message"":""Invalid or missing authentication credentials"",""code"":""invalid_api_key_error"",""request_id"":""20260301_1f3ff7cb-0f0f-4c5e-bfb3-6f95e67f49b5""}}",../outputs/sarvam/kannada/kannada_43.wav
2026-03-01 16:32:32.166372,kannada,ಲಿವಿಂಗ್ ರೂಮ್ AC 2 ನಲ್ಲಿ ತಾಪಮಾನವನ್ನು 30 ಡಿಗ್ರಿಗೆ ಹೊಂದಿಸಿ।,ElevenLabs,0.12511706352233887,"{""detail"":{""status"":""needs_authorization"",""message"":""Neither authorization header nor xi-api-key received, please provide one.""}}",../outputs/elevenlabs/kannada/kannada_44.mp3
2026-03-01 16:32:32.166372,kannada,ಲಿವಿಂಗ್ ರೂಮ್ AC 2 ನಲ್ಲಿ ತಾಪಮಾನವನ್ನು 30 ಡಿಗ್ರಿಗೆ ಹೊಂದಿಸಿ।,Sarvam,0.1340928077697754,"{""error"":{""message"":""Invalid or missing authentication credentials"",""code"":""invalid_api_key_error"",""request_id"":""20260301_3fc2ad7e-79ac-4c32-985c-8d800c8c76b2""}}",../outputs/sarvam/kannada/kannada_44.wav
2026-03-01 16:32:32.428089,kannada,ಯೋಗ ರೂಮ್ AC 1 ಅನ್ನು ಆನ್ ಮಾಡಿ ಮತ್ತು ಅದರ ಸ್ವಿಚ್ ಆಫ್ ಟೈಮರ್ 20 ನಿಮಿಷಗಳಿಗೆ ಹೊಂದಿಸಿ।,ElevenLabs,0.12535762786865234,"{""detail"":{""status"":""needs_authorization"",""message"":""Neither authorization header nor xi-api-key received, please provide one.""}}",../outputs/elevenlabs/kannada/kannada_45.mp3
2026-03-01 16:32:32.428089,kannada,ಯೋಗ ರೂಮ್ AC 1 ಅನ್ನು ಆನ್ ಮಾಡಿ ಮತ್ತು ಅದರ ಸ್ವಿಚ್ ಆಫ್ ಟೈಮರ್ 20 ನಿಮಿಷಗಳಿಗೆ ಹೊಂದಿಸಿ।,Sarvam,0.13457632064819336,"{""error"":{""message"":""Invalid or missing authentication credentials"",""code"":""invalid_api_key_error"",""request_id"":""20260301_9a049287-cef7-4c53-946d-f236f8f21dbb""}}",../outputs/sarvam/kannada/kannada_45.wav
2026-03-01 16:32:32.689037,kannada,ಯೋಗ ರೂಮ್ AC 1 ನಲ್ಲಿ ಹ್ಯೂಮಿಕಾನ್ ಮೋಡ್ ಆನ್ ಮಾಡಿ।,ElevenLabs,0.12251615524291992,"{""detail"":{""status"":""needs_authorization"",""message"":""Neither authorization header nor xi-api-key received, please provide one.""}}",../outputs/elevenlabs/kannada/kannada_46.mp3
2026-03-01 16:32:32.689037,kannada,ಯೋಗ ರೂಮ್ AC 1 ನಲ್ಲಿ ಹ್ಯೂಮಿಕಾನ್ ಮೋಡ್ ಆನ್ ಮಾಡಿ।,Sarvam,0.1377253532409668,"{""error"":{""message"":""Invalid or missing authentication credentials"",""code"":""invalid_api_key_error"",""request_id"":""20260301_ad6946bd-6fb0-4cf8-9539-0ff0dcf0a378""}}",../outputs/sarvam/kannada/kannada_46.wav
2026-03-01 16:32:32.949869,kannada,ಶಯನಕಕ್ಷೆಯ AC ನಲ್ಲಿ ಚೈಲ್ಡ್ ಲಾಕ್ ಮೋಡ್ ಆಫ್ ಮಾಡಿ।,ElevenLabs,0.13217711448669434,"{""detail"":{""status"":""needs_authorization"",""message"":""Neither authorization header nor xi-api-key received, please provide one.""}}",../outputs/elevenlabs/kannada/kannada_47.mp3
2026-03-01 16:32:32.949869,kannada,ಶಯನಕಕ್ಷೆಯ AC ನಲ್ಲಿ ಚೈಲ್ಡ್ ಲಾಕ್ ಮೋಡ್ ಆಫ್ ಮಾಡಿ।,Sarvam,0.1525428295135498,"{""error"":{""message"":""Invalid or missing authentication credentials"",""code"":""invalid_api_key_error"",""request_id"":""20260301_a1cf550a-92cf-420c-ae84-e93cf72798c5""}}",../outputs/sarvam/kannada/kannada_47.wav
2026-03-01 16:32:33.237609,kannada,ಶಯನಕಕ್ಷೆಯ AC ನಲ್ಲಿ ಇಕೊ ಮೋಡ್ ಆನ್ ಮಾಡಿ।,ElevenLabs,0.15796446800231934,"{""detail"":{""status"":""needs_authorization"",""message"":""Neither authorization header nor xi-api-key received, please provide one.""}}",../outputs/elevenlabs/kannada/kannada_48.mp3
2026-03-01 16:32:33.237609,kannada,ಶಯನಕಕ್ಷೆಯ AC ನಲ್ಲಿ ಇಕೊ ಮೋಡ್ ಆನ್ ಮಾಡಿ।,Sarvam,0.13424420356750488,"{""error"":{""message"":""Invalid or missing authentication credentials"",""code"":""invalid_api_key_error"",""request_id"":""20260301_e941e16a-ed81-450c-bd02-b6192b81b16d""}}",../outputs/sarvam/kannada/kannada_48.wav
2026-03-01 16:32:33.531841,kannada,ಶಯನಕಕ್ಷೆಯ AC ನಲ್ಲಿ ಲೈಟ್ ಇಂಟೆನ್ಸಿಟಿ ಲೋ ಗೆ ಹೊಂದಿಸಿ।,ElevenLabs,0.1301732063293457,"{""detail"":{""status"":""needs_authorization"",""message"":""Neither authorization header nor xi-api-key received, please provide one.""}}",../outputs/elevenlabs/kannada/kannada_49.mp3
2026-03-01 16:32:33.531841,kannada,ಶಯನಕಕ್ಷೆಯ AC ನಲ್ಲಿ ಲೈಟ್ ಇಂಟೆನ್ಸಿಟಿ ಲೋ ಗೆ ಹೊಂದಿಸಿ।,Sarvam,0.13600707054138184,"{""error"":{""message"":""Invalid or missing authentication credentials"",""code"":""invalid_api_key_error"",""request_id"":""20260301_91929e86-fe55-45a0-bd4f-a9154a8243de""}}",../outputs/sarvam/kannada/kannada_49.wav
2026-03-01 16:32:33.808550,telugu,పడకగది ఎయిర్ ప్యూరిఫైయర్ 1 ను ఆన్ చేయండి।,ElevenLabs,0.1200406551361084,"{""detail"":{""status"":""needs_authorization"",""message"":""Neither authorization header nor xi-api-key received, please provide one.""}}",../outputs/elevenlabs/telugu/telugu_0.mp3
2026-03-01 16:32:33.808550,telugu,పడకగది ఎయిర్ ప్యూరిఫైయర్ 1 ను ఆన్ చేయండి।,Sarvam,0.1352710723876953,"{""error"":{""message"":""Invalid or missing authentication credentials"",""code"":""invalid_api_key_error"",""request_id"":""20260301_525722f8-79d3-4d3d-b5f4-6ee4ac60b277""}}",../outputs/sarvam/telugu/telugu_0.wav
2026-03-01 16:32:34.065886,telugu,పడకగది ఎయిర్ ప్యూరిఫైయర్ 1 లో బజర్ నియంత్రణను ఆన్ చేయండి।,ElevenLabs,0.125413179397583,"{""detail"":{""status"":""needs_authorization"",""message"":""Neither authorization header nor xi-api-key received, please provide one.""}}",../outputs/elevenlabs/telugu/telugu_1.mp3
2026-03-01 16:32:34.065886,telugu,పడకగది ఎయిర్ ప్యూరిఫైయర్ 1 లో బజర్ నియంత్రణను ఆన్ చేయండి।,Sarvam,0.12966537475585938,"{""error"":{""message"":""Invalid or missing authentication credentials"",""code"":""invalid_api_key_error"",""request_id"":""20260301_2d98f4fa-afc4-4ef2-ba89-e25739cd46c4""}}",../outputs/sarvam/telugu/telugu_1.wav
2026-03-01 16:32:34.321982,telugu,పడకగది ఎయిర్ ప్యూరిఫైయర్ 1 లో ఫ్యాన్ వేగాన్ని 4 గా సెట్ చేయండి।,ElevenLabs,0.1190023422241211,"{""detail"":{""status"":""needs_authorization"",""message"":""Neither authorization header nor xi-api-key received, please provide one.""}}",../outputs/elevenlabs/telugu/telugu_2.mp3
2026-03-01 16:32:34.321982,telugu,పడకగది ఎయిర్ ప్యూరిఫైయర్ 1 లో ఫ్యాన్ వేగాన్ని 4 గా సెట్ చేయండి।,Sarvam,0.15837574005126953,"{""error"":{""message"":""Invalid or missing authentication credentials"",""code"":""invalid_api_key_error"",""request_id"":""20260301_411020e6-83b0-4320-9b65-d9d4d542ed9a""}}",../outputs/sarvam/telugu/telugu_2.wav
2026-03-01 16:32:34.600971,telugu,పడకగది ఎయిర్ ప్యూరిఫైయర్ 1 లో నైట్ మోడ్ సెట్ చేయండి।,ElevenLabs,0.1336207389831543,"{""detail"":{""status"":""needs_authorization"",""message"":""Neither authorization header nor xi-api-key received, please provide one.""}}",../outputs/elevenlabs/telugu/telugu_3.mp3
2026-03-01 16:32:34.600971,telugu,పడకగది ఎయిర్ ప్యూరిఫైయర్ 1 లో నైట్ మోడ్ సెట్ చేయండి।,Sarvam,0.14783215522766113,"{""error"":{""message"":""Invalid or missing authentication credentials"",""code"":""invalid_api_key_error"",""request_id"":""20260301_1ca9f32b-30f5-414b-8fe7-e65a98ae77a5""}}",../outputs/sarvam/telugu/telugu_3.wav
2026-03-01 16:32:34.884966,telugu,పడకగది ఎయిర్ ప్యూరిఫైయర్ 1 లో 60 నిమిషాల స్విచ్ ఆఫ్ టైమర్ సెట్ చేయండి।,ElevenLabs,0.1298525333404541,"{""detail"":{""status"":""needs_authorization"",""message"":""Neither authorization header nor xi-api-key received, please provide one.""}}",../outputs/elevenlabs/telugu/telugu_4.mp3
2026-03-01 16:32:34.884966,telugu,పడకగది ఎయిర్ ప్యూరిఫైయర్ 1 లో 60 నిమిషాల స్విచ్ ఆఫ్ టైమర్ సెట్ చేయండి।,Sarvam,0.1468970775604248,"{""error"":{""message"":""Invalid or missing authentication credentials"",""code"":""invalid_api_key_error"",""request_id"":""20260301_be7dabe0-1a6e-48f4-bbca-26a114cc4a60""}}",../outputs/sarvam/telugu/telugu_4.wav
2026-03-01 16:32:35.163226,telugu,పడకగది ఎయిర్ ప్యూరిఫైయర్ 1 లో రింగ్ ఎల్ఈడి ప్రకాశం 40 గా సెట్ చేయండి।,ElevenLabs,0.1404714584350586,"{""detail"":{""status"":""needs_authorization"",""message"":""Neither authorization header nor xi-api-key received, please provide one.""}}",../outputs/elevenlabs/telugu/telugu_5.mp3
2026-03-01 16:32:35.163226,telugu,పడకగది ఎయిర్ ప్యూరిఫైయర్ 1 లో రింగ్ ఎల్ఈడి ప్రకాశం 40 గా సెట్ చేయండి।,Sarvam,0.13694310188293457,"{""error"":{""message"":""Invalid or missing authentication credentials"",""code"":""invalid_api_key_error"",""request_id"":""20260301_b465ed0a-643b-45fb-bb13-f4eb14ecf64e""}}",../outputs/sarvam/telugu/telugu_5.wav
2026-03-01 16:32:35.441664,telugu,పడకగది ఎయిర్ ప్యూరిఫైయర్ 1 లో టర్బో మోడ్ ఆన్ చేసి బజర్ నియంత్రణ ఆఫ్ చేయండి।,ElevenLabs,0.13175010681152344,"{""detail"":{""status"":""needs_authorization"",""message"":""Neither authorization header nor xi-api-key received, please provide one.""}}",../outputs/elevenlabs/telugu/telugu_6.mp3
2026-03-01 16:32:35.441664,telugu,పడకగది ఎయిర్ ప్యూరిఫైయర్ 1 లో టర్బో మోడ్ ఆన్ చేసి బజర్ నియంత్రణ ఆఫ్ చేయండి।,Sarvam,0.20494651794433594,"{""error"":{""message"":""Invalid or missing authentication credentials"",""code"":""invalid_api_key_error"",""request_id"":""20260301_85e46605-6618-487a-aa7d-3a826e959284""}}",../outputs/sarvam/telugu/telugu_6.wav
2026-03-01 16:32:35.778361,telugu,పడకగది ఎయిర్ ప్యూరిఫైయర్ 1 లో 720 నిమిషాల స్విచ్ ఆఫ్ టైమర్ సెట్ చేయండి।,ElevenLabs,0.122711181640625,"{""detail"":{""status"":""needs_authorization"",""message"":""Neither authorization header nor xi-api-key received, please provide one.""}}",../outputs/elevenlabs/telugu/telugu_7.mp3
2026-03-01 16:32:35.778361,telugu,పడకగది ఎయిర్ ప్యూరిఫైయర్ 1 లో 720 నిమిషాల స్విచ్ ఆఫ్ టైమర్ సెట్ చేయండి।,Sarvam,0.15964150428771973,"{""error"":{""message"":""Invalid or missing authentication credentials"",""code"":""invalid_api_key_error"",""request_id"":""20260301_7f5be8ae-fad3-4dc8-86f0-d625370a771b""}}",../outputs/sarvam/telugu/telugu_7.wav
2026-03-01 16:32:36.061738,telugu,డైనింగ్ రూమ్ లో ఎయిర్ ప్యూరిఫైయర్ ఆన్ చేయండి।,ElevenLabs,0.1416325569152832,"{""detail"":{""status"":""needs_authorization"",""message"":""Neither authorization header nor xi-api-key received, please provide one.""}}",../outputs/elevenlabs/telugu/telugu_8.mp3
2026-03-01 16:32:36.061738,telugu,డైనింగ్ రూమ్ లో ఎయిర్ ప్యూరిఫైయర్ ఆన్ చేయండి।,Sarvam,0.15607380867004395,"{""error"":{""message"":""Invalid or missing authentication credentials"",""code"":""invalid_api_key_error"",""request_id"":""20260301_2b3eb805-7863-4ccd-8d49-4ee1aa144af5""}}",../outputs/sarvam/telugu/telugu_8.wav
2026-03-01 16:32:36.362078,telugu,నా పడకగది ఎయిర్ ప్యూరిఫైయర్ 1 స్థితి ఏమిటి?,ElevenLabs,0.1232137680053711,"{""detail"":{""status"":""needs_authorization"",""message"":""Neither authorization header nor xi-api-key received, please provide one.""}}",../outputs/elevenlabs/telugu/telugu_9.mp3
2026-03-01 16:32:36.362078,telugu,నా పడకగది ఎయిర్ ప్యూరిఫైయర్ 1 స్థితి ఏమిటి?,Sarvam,0.12974882125854492,"{""error"":{""message"":""Invalid or missing authentication credentials"",""code"":""invalid_api_key_error"",""request_id"":""20260301_15829ba2-c630-4bb3-a0b9-0fd3e4e2215f""}}",../outputs/sarvam/telugu/telugu_9.wav
2026-03-01 16:32:36.616033,telugu,డైనింగ్ రూమ్ ఎయిర్ ప్యూరిఫైయర్ 1 ను ఆన్ చేయండి।,ElevenLabs,0.12544584274291992,"{""detail"":{""status"":""needs_authorization"",""message"":""Neither authorization header nor xi-api-key received, please provide one.""}}",../outputs/elevenlabs/telugu/telugu_10.mp3
2026-03-01 16:32:36.616033,telugu,డైనింగ్ రూమ్ ఎయిర్ ప్యూరిఫైయర్ 1 ను ఆన్ చేయండి।,Sarvam,0.16165757179260254,"{""error"":{""message"":""Invalid or missing authentication credentials"",""code"":""invalid_api_key_error"",""request_id"":""20260301_e14d36fc-4982-4472-bca2-b62d7545fe28""}}",../outputs/sarvam/telugu/telugu_10.wav
2026-03-01 16:32:36.905110,telugu,డైనింగ్ రూమ్ ఎయిర్ ప్యూరిఫైయర్ 1 లో రింగ్ ఎల్ఈడి ప్రకాశం 70 సెట్ చేయండి।,ElevenLabs,0.14059829711914062,"{""detail"":{""status"":""needs_authorization"",""message"":""Neither authorization header nor xi-api-key received, please provide one.""}}",../outputs/elevenlabs/telugu/telugu_11.mp3
2026-03-01 16:32:36.905110,telugu,డైనింగ్ రూమ్ ఎయిర్ ప్యూరిఫైయర్ 1 లో రింగ్ ఎల్ఈడి ప్రకాశం 70 సెట్ చేయండి।,Sarvam,0.14132952690124512,"{""error"":{""message"":""Invalid or missing authentication credentials"",""code"":""invalid_api_key_error"",""request_id"":""20260301_79c198b1-11b1-4f82-9413-1e2287fad3c6""}}",../outputs/sarvam/telugu/telugu_11.wav
2026-03-01 16:32:37.188647,telugu,డైనింగ్ రూమ్ ఎయిర్ ప్యూరిఫైయర్ 1 లో హీటర్ పవర్ ఆన్ చేయండి।,ElevenLabs,0.1331179141998291,"{""detail"":{""status"":""needs_authorization"",""message"":""Neither authorization header nor xi-api-key received, please provide one.""}}",../outputs/elevenlabs/telugu/telugu_12.mp3
2026-03-01 16:32:37.188647,telugu,డైనింగ్ రూమ్ ఎయిర్ ప్యూరిఫైయర్ 1 లో హీటర్ పవర్ ఆన్ చేయండి।,Sarvam,0.13979029655456543,"{""error"":{""message"":""Invalid or missing authentication credentials"",""code"":""invalid_api_key_error"",""request_id"":""20260301_76e38951-1a26-43cc-b413-44bafefbb15e""}}",../outputs/sarvam/telugu/telugu_12.wav
2026-03-01 16:32:37.463083,telugu,డైనింగ్ రూమ్ ఎయిర్ ప్యూరిఫైయర్ 1 లో నైట్ మోడ్ సెట్ చేయండి।,ElevenLabs,0.1520395278930664,"{""detail"":{""status"":""needs_authorization"",""message"":""Neither authorization header nor xi-api-key received, please provide one.""}}",../outputs/elevenlabs/telugu/telugu_13.mp3
2026-03-01 16:32:37.463083,telugu,డైనింగ్ రూమ్ ఎయిర్ ప్యూరిఫైయర్ 1 లో నైట్ మోడ్ సెట్ చేయండి।,Sarvam,0.1516399383544922,"{""error"":{""message"":""Invalid or missing authentication credentials"",""code"":""invalid_api_key_error"",""request_id"":""20260301_227ceb18-ea48-4941-aa59-f646f442638c""}}",../outputs/sarvam/telugu/telugu_13.wav
2026-03-01 16:32:37.768738,telugu,డైనింగ్ రూమ్ ఎయిర్ ప్యూరిఫైయర్ 1 లో 180 నిమిషాల స్విచ్ ఆఫ్ టైమర్ సెట్ చేయండి।,ElevenLabs,0.13126540184020996,"{""detail"":{""status"":""needs_authorization"",""message"":""Neither authorization header nor xi-api-key received, please provide one.""}}",../outputs/elevenlabs/telugu/telugu_14.mp3
2026-03-01 16:32:37.768738,telugu,డైనింగ్ రూమ్ ఎయిర్ ప్యూరిఫైయర్ 1 లో 180 నిమిషాల స్విచ్ ఆఫ్ టైమర్ సెట్ చేయండి।,Sarvam,0.15061664581298828,"{""error"":{""message"":""Invalid or missing authentication credentials"",""code"":""invalid_api_key_error"",""request_id"":""20260301_6f4f02e1-f19d-4124-8d7c-eea36127944e""}}",../outputs/sarvam/telugu/telugu_14.wav
2026-03-01 16:32:38.052630,telugu,డైనింగ్ రూమ్ ఎయిర్ ప్యూరిఫైయర్ 1 లో బజర్ నియంత్రణ ఆన్ చేయండి।,ElevenLabs,0.14438700675964355,"{""detail"":{""status"":""needs_authorization"",""message"":""Neither authorization header nor xi-api-key received, please provide one.""}}",../outputs/elevenlabs/telugu/telugu_15.mp3
2026-03-01 16:32:38.052630,telugu,డైనింగ్ రూమ్ ఎయిర్ ప్యూరిఫైయర్ 1 లో బజర్ నియంత్రణ ఆన్ చేయండి।,Sarvam,0.13204169273376465,"{""error"":{""message"":""Invalid or missing authentication credentials"",""code"":""invalid_api_key_error"",""request_id"":""20260301_1eca61d1-1a8d-4a1a-ac1e-cc638a4c945e""}}",../outputs/sarvam/telugu/telugu_15.wav
2026-03-01 16:32:38.330074,telugu,డైనింగ్ రూమ్ ఎయిర్ ప్యూరిఫైయర్ 1 లో ఫ్యాన్ వేగం 3 సెట్ చేయండి।,ElevenLabs,0.12717819213867188,"{""detail"":{""status"":""needs_authorization"",""message"":""Neither authorization header nor xi-api-key received, please provide one.""}}",../outputs/elevenlabs/telugu/telugu_16.mp3
2026-03-01 16:32:38.330074,telugu,డైనింగ్ రూమ్ ఎయిర్ ప్యూరిఫైయర్ 1 లో ఫ్యాన్ వేగం 3 సెట్ చేయండి।,Sarvam,0.1457374095916748,"{""error"":{""message"":""Invalid or missing authentication credentials"",""code"":""invalid_api_key_error"",""request_id"":""20260301_7ee9f240-0851-4bb6-aa66-05616cc326eb""}}",../outputs/sarvam/telugu/telugu_16.wav
2026-03-01 16:32:38.603995,telugu,డైనింగ్ రూమ్ ఎయిర్ ప్యూరిఫైయర్ 1 ను ఆన్ చేయండి।,ElevenLabs,0.1221919059753418,"{""detail"":{""status"":""needs_authorization"",""message"":""Neither authorization header nor xi-api-key received, please provide one.""}}",../outputs/elevenlabs/telugu/telugu_17.mp3
2026-03-01 16:32:38.603995,telugu,డైనింగ్ రూమ్ ఎయిర్ ప్యూరిఫైయర్ 1 ను ఆన్ చేయండి।,Sarvam,0.13758468627929688,"{""error"":{""message"":""Invalid or missing authentication credentials"",""code"":""invalid_api_key_error"",""request_id"":""20260301_17226a3c-10cf-4234-aa23-cce5aae6d3f9""}}",../outputs/sarvam/telugu/telugu_17.wav
2026-03-01 16:32:38.864795,telugu,డైనింగ్ రూమ్ ఎయిర్ ప్యూరిఫైయర్ 1 లో రింగ్ ఎల్ఈడి ప్రకాశం 200 సెట్ చేయండి।,ElevenLabs,0.12418437004089355,"{""detail"":{""status"":""needs_authorization"",""message"":""Neither authorization header nor xi-api-key received, please provide one.""}}",../outputs/elevenlabs/telugu/telugu_18.mp3
2026-03-01 16:32:38.864795,telugu,డైనింగ్ రూమ్ ఎయిర్ ప్యూరిఫైయర్ 1 లో రింగ్ ఎల్ఈడి ప్రకాశం 200 సెట్ చేయండి।,Sarvam,0.1373438835144043,"{""error"":{""message"":""Invalid or missing authentication credentials"",""code"":""invalid_api_key_error"",""request_id"":""20260301_c4850496-012d-4632-b354-a5d5a1d4351e""}}",../outputs/sarvam/telugu/telugu_18.wav
2026-03-01 16:32:39.128001,telugu,డైనింగ్ రూమ్ ఎయిర్ ప్యూరిఫైయర్ 100 లో 180 నిమిషాల స్విచ్ ఆఫ్ టైమర్ సెట్ చేయండి।,ElevenLabs,0.1227715015411377,"{""detail"":{""status"":""needs_authorization"",""message"":""Neither authorization header nor xi-api-key received, please provide one.""}}",../outputs/elevenlabs/telugu/telugu_19.mp3
2026-03-01 16:32:39.128001,telugu,డైనింగ్ రూమ్ ఎయిర్ ప్యూరిఫైయర్ 100 లో 180 నిమిషాల స్విచ్ ఆఫ్ టైమర్ సెట్ చేయండి।,Sarvam,0.13711071014404297,"{""error"":{""message"":""Invalid or missing authentication credentials"",""code"":""invalid_api_key_error"",""request_id"":""20260301_b51a10c0-5397-4a72-a7af-23d72167d371""}}",../outputs/sarvam/telugu/telugu_19.wav
2026-03-01 16:32:39.389856,telugu,లివింగ్ రూమ్ ఎయిర్ ప్యూరిఫైయర్ 1 ను ఆన్ చేయండి।,ElevenLabs,0.1334066390991211,"{""detail"":{""status"":""needs_authorization"",""message"":""Neither authorization header nor xi-api-key received, please provide one.""}}",../outputs/elevenlabs/telugu/telugu_20.mp3
2026-03-01 16:32:39.389856,telugu,లివింగ్ రూమ్ ఎయిర్ ప్యూరిఫైయర్ 1 ను ఆన్ చేయండి।,Sarvam,0.12949132919311523,"{""error"":{""message"":""Invalid or missing authentication credentials"",""code"":""invalid_api_key_error"",""request_id"":""20260301_38ec2600-65e1-4bfc-b3d1-c090fb1a8280""}}",../outputs/sarvam/telugu/telugu_20.wav
2026-03-01 16:32:39.654268,telugu,లివింగ్ రూమ్ ఎయిర్ ప్యూరిఫైయర్ 1 లో 60 నిమిషాల స్విచ్ ఆఫ్ టైమర్ సెట్ చేయండి।,ElevenLabs,0.12703847885131836,"{""detail"":{""status"":""needs_authorization"",""message"":""Neither authorization header nor xi-api-key received, please provide one.""}}",../outputs/elevenlabs/telugu/telugu_21.mp3
2026-03-01 16:32:39.654268,telugu,లివింగ్ రూమ్ ఎయిర్ ప్యూరిఫైయర్ 1 లో 60 నిమిషాల స్విచ్ ఆఫ్ టైమర్ సెట్ చేయండి।,Sarvam,0.13930773735046387,"{""error"":{""message"":""Invalid or missing authentication credentials"",""code"":""invalid_api_key_error"",""request_id"":""20260301_73e0269d-c911-4a1a-b2b7-5d700d96bede""}}",../outputs/sarvam/telugu/telugu_21.wav
2026-03-01 16:32:39.921611,telugu,లివింగ్ రూమ్ ఎయిర్ ప్యూరిఫైయర్ 1 లో నైట్ మోడ్ ఆన్ చేయండి।,ElevenLabs,0.11844325065612793,"{""detail"":{""status"":""needs_authorization"",""message"":""Neither authorization header nor xi-api-key received, please provide one.""}}",../outputs/elevenlabs/telugu/telugu_22.mp3
2026-03-01 16:32:39.921611,telugu,లివింగ్ రూమ్ ఎయిర్ ప్యూరిఫైయర్ 1 లో నైట్ మోడ్ ఆన్ చేయండి।,Sarvam,0.20567798614501953,"{""error"":{""message"":""Invalid or missing authentication credentials"",""code"":""invalid_api_key_error"",""request_id"":""20260301_ff8f4eb4-30ef-4b23-8f31-fea43ffa6a3d""}}",../outputs/sarvam/telugu/telugu_22.wav
2026-03-01 16:32:40.248341,telugu,లివింగ్ రూమ్ ఎయిర్ ప్యూరిఫైయర్ 1 లో ఫ్యాన్ పవర్ ఆఫ్ చేయండి।,ElevenLabs,0.12191009521484375,"{""detail"":{""status"":""needs_authorization"",""message"":""Neither authorization header nor xi-api-key received, please provide one.""}}",../outputs/elevenlabs/telugu/telugu_23.mp3
2026-03-01 16:32:40.248341,telugu,లివింగ్ రూమ్ ఎయిర్ ప్యూరిఫైయర్ 1 లో ఫ్యాన్ పవర్ ఆఫ్ చేయండి।,Sarvam,0.16420197486877441,"{""error"":{""message"":""Invalid or missing authentication credentials"",""code"":""invalid_api_key_error"",""request_id"":""20260301_529234ca-a176-4f2d-8b2b-98e0b9d6a97f""}}",../outputs/sarvam/telugu/telugu_23.wav
2026-03-01 16:32:40.536431,telugu,లివింగ్ రూమ్ ఎయిర్ ప్యూరిఫైయర్ 1 లో ఫ్యాన్ పవర్ ఆన్ చేసి వేగం 4 సెట్ చేయండి।,ElevenLabs,0.13015532493591309,"{""detail"":{""status"":""needs_authorization"",""message"":""Neither authorization header nor xi-api-key received, please provide one.""}}",../outputs/elevenlabs/telugu/telugu_24.mp3
2026-03-01 16:32:40.536431,telugu,లివింగ్ రూమ్ ఎయిర్ ప్యూరిఫైయర్ 1 లో ఫ్యాన్ పవర్ ఆన్ చేసి వేగం 4 సెట్ చేయండి।,Sarvam,0.1610710620880127,"{""error"":{""message"":""Invalid or missing authentication credentials"",""code"":""invalid_api_key_error"",""request_id"":""20260301_047c1939-ab51-4b8d-b290-030df05134ef""}}",../outputs/sarvam/telugu/telugu_24.wav
2026-03-01 16:32:40.828683,telugu,లివింగ్ రూమ్ ఎయిర్ ప్యూరిఫైయర్ 1 లో ఫ్యాన్ వేగం 8 గా సెట్ చేయండి।,ElevenLabs,0.13087916374206543,"{""detail"":{""status"":""needs_authorization"",""message"":""Neither authorization header nor xi-api-key received, please provide one.""}}",../outputs/elevenlabs/telugu/telugu_25.mp3
2026-03-01 16:32:40.828683,telugu,లివింగ్ రూమ్ ఎయిర్ ప్యూరిఫైయర్ 1 లో ఫ్యాన్ వేగం 8 గా సెట్ చేయండి।,Sarvam,0.14065814018249512,"{""error"":{""message"":""Invalid or missing authentication credentials"",""code"":""invalid_api_key_error"",""request_id"":""20260301_f35e1d12-868a-4fca-b643-88887e547d92""}}",../outputs/sarvam/telugu/telugu_25.wav
2026-03-01 16:32:41.103188,telugu,లివింగ్ రూమ్ ఎయిర్ ప్యూరిఫైయర్ 1 ను ఆఫ్ చేయండి।,ElevenLabs,0.1274881362915039,"{""detail"":{""status"":""needs_authorization"",""message"":""Neither authorization header nor xi-api-key received, please provide one.""}}",../outputs/elevenlabs/telugu/telugu_26.mp3
2026-03-01 16:32:41.103188,telugu,లివింగ్ రూమ్ ఎయిర్ ప్యూరిఫైయర్ 1 ను ఆఫ్ చేయండి।,Sarvam,0.45604848861694336,"{""error"":{""message"":""Invalid or missing authentication credentials"",""code"":""invalid_api_key_error"",""request_id"":""20260301_4d05e89d-341e-4c45-a75c-b2093d6fa457""}}",../outputs/sarvam/telugu/telugu_26.wav
2026-03-01 16:32:41.688233,telugu,లివింగ్ రూమ్ ఎయిర్ ప్యూరిఫైయర్ 1 ను ఆఫ్ చేయండి।,ElevenLabs,0.14024806022644043,"{""detail"":{""status"":""needs_authorization"",""message"":""Neither authorization header nor xi-api-key received, please provide one.""}}",../outputs/elevenlabs/telugu/telugu_27.mp3
2026-03-01 16:32:41.688233,telugu,లివింగ్ రూమ్ ఎయిర్ ప్యూరిఫైయర్ 1 ను ఆఫ్ చేయండి।,Sarvam,0.1557466983795166,"{""error"":{""message"":""Invalid or missing authentication credentials"",""code"":""invalid_api_key_error"",""request_id"":""20260301_b1ea2086-5955-44f7-a475-b8bf121a08d7""}}",../outputs/sarvam/telugu/telugu_27.wav
2026-03-01 16:32:41.986796,telugu,లివింగ్ రూమ్ ఎయిర్ ప్యూరిఫైయర్ 1 లో ఫ్యాన్ వేగం 2 గా సెట్ చేయండి।,ElevenLabs,0.12009382247924805,"{""detail"":{""status"":""needs_authorization"",""message"":""Neither authorization header nor xi-api-key received, please provide one.""}}",../outputs/elevenlabs/telugu/telugu_28.mp3
2026-03-01 16:32:41.986796,telugu,లివింగ్ రూమ్ ఎయిర్ ప్యూరిఫైయర్ 1 లో ఫ్యాన్ వేగం 2 గా సెట్ చేయండి।,Sarvam,0.1778697967529297,"{""error"":{""message"":""Invalid or missing authentication credentials"",""code"":""invalid_api_key_error"",""request_id"":""20260301_6a4375b2-46d4-4cb0-8c6c-3ffa8d14f7c5""}}",../outputs/sarvam/telugu/telugu_28.wav
2026-03-01 16:32:42.284760,telugu,నా పడకగదిలో ఏ పరికరాలు ఉన్నాయి?,ElevenLabs,0.12498664855957031,"{""detail"":{""status"":""needs_authorization"",""message"":""Neither authorization header nor xi-api-key received, please provide one.""}}",../outputs/elevenlabs/telugu/telugu_29.mp3
2026-03-01 16:32:42.284760,telugu,నా పడకగదిలో ఏ పరికరాలు ఉన్నాయి?,Sarvam,0.15707755088806152,"{""error"":{""message"":""Invalid or missing authentication credentials"",""code"":""invalid_api_key_error"",""request_id"":""20260301_f3e8c149-8ed7-4968-b39d-386fcb5e9671""}}",../outputs/sarvam/telugu/telugu_29.wav
2026-03-01 16:32:42.568824,telugu,పడకగదిలో AC ను ఆన్ చేయండి।,ElevenLabs,0.12847614288330078,"{""detail"":{""status"":""needs_authorization"",""message"":""Neither authorization header nor xi-api-key received, please provide one.""}}",../outputs/elevenlabs/telugu/telugu_30.mp3
2026-03-01 16:32:42.568824,telugu,పడకగదిలో AC ను ఆన్ చేయండి।,Sarvam,0.1928398609161377,"{""error"":{""message"":""Invalid or missing authentication credentials"",""code"":""invalid_api_key_error"",""request_id"":""20260301_d6a59dd4-6650-4b3c-a088-c723aa5e8f9c""}}",../outputs/sarvam/telugu/telugu_30.wav
2026-03-01 16:32:42.892228,telugu,పడకగది AC లో ఉష్ణోగ్రత 18 డిగ్రీలకు సెట్ చేయండి।,ElevenLabs,0.1239309310913086,"{""detail"":{""status"":""needs_authorization"",""message"":""Neither authorization header nor xi-api-key received, please provide one.""}}",../outputs/elevenlabs/telugu/telugu_31.mp3
2026-03-01 16:32:42.892228,telugu,పడకగది AC లో ఉష్ణోగ్రత 18 డిగ్రీలకు సెట్ చేయండి।,Sarvam,0.1672823429107666,"{""error"":{""message"":""Invalid or missing authentication credentials"",""code"":""invalid_api_key_error"",""request_id"":""20260301_c15c6578-9b9d-4f16-9afc-d83a1dcd724b""}}",../outputs/sarvam/telugu/telugu_31.wav
2026-03-01 16:32:43.184444,telugu,పడకగది AC లో డిస్‌ప్లే మోడ్ ఆన్ చేయండి।,ElevenLabs,0.12032580375671387,"{""detail"":{""status"":""needs_authorization"",""message"":""Neither authorization header nor xi-api-key received, please provide one.""}}",../outputs/elevenlabs/telugu/telugu_32.mp3
2026-03-01 16:32:43.184444,telugu,పడకగది AC లో డిస్‌ప్లే మోడ్ ఆన్ చేయండి।,Sarvam,0.12754058837890625,"{""error"":{""message"":""Invalid or missing authentication credentials"",""code"":""invalid_api_key_error"",""request_id"":""20260301_540f8693-d68b-4ba5-b43a-f0e2561f8430""}}",../outputs/sarvam/telugu/telugu_32.wav
2026-03-01 16:32:43.433309,telugu,డైనింగ్ రూమ్ లో AC ను ఆన్ చేయండి।,ElevenLabs,0.12544941902160645,"{""detail"":{""status"":""needs_authorization"",""message"":""Neither authorization header nor xi-api-key received, please provide one.""}}",../outputs/elevenlabs/telugu/telugu_33.mp3
2026-03-01 16:32:43.433309,telugu,డైనింగ్ రూమ్ లో AC ను ఆన్ చేయండి।,Sarvam,0.14057350158691406,"{""error"":{""message"":""Invalid or missing authentication credentials"",""code"":""invalid_api_key_error"",""request_id"":""20260301_12f627b9-726e-4571-93ad-f02a7cd3a8b4""}}",../outputs/sarvam/telugu/telugu_33.wav
2026-03-01 16:32:43.701339,telugu,ఆఫీస్ AC 2 ను ఆన్ చేయండి।,ElevenLabs,0.1202855110168457,"{""detail"":{""status"":""needs_authorization"",""message"":""Neither authorization header nor xi-api-key received, please provide one.""}}",../outputs/elevenlabs/telugu/telugu_34.mp3
2026-03-01 16:32:43.701339,telugu,ఆఫీస్ AC 2 ను ఆన్ చేయండి।,Sarvam,0.1443617343902588,"{""error"":{""message"":""Invalid or missing authentication credentials"",""code"":""invalid_api_key_error"",""request_id"":""20260301_fb86ddfd-61fc-40ca-b7af-9b16b99e042d""}}",../outputs/sarvam/telugu/telugu_34.wav
2026-03-01 16:32:43.966968,telugu,పడకగది AC లో డ్రై మోడ్ సెట్ చేయండి।,ElevenLabs,0.12881731986999512,"{""detail"":{""status"":""needs_authorization"",""message"":""Neither authorization header nor xi-api-key received, please provide one.""}}",../outputs/elevenlabs/telugu/telugu_35.mp3
2026-03-01 16:32:43.966968,telugu,పడకగది AC లో డ్రై మోడ్ సెట్ చేయండి।,Sarvam,0.14875197410583496,"{""error"":{""message"":""Invalid or missing authentication credentials"",""code"":""invalid_api_key_error"",""request_id"":""20260301_f690af6c-f989-41eb-b6eb-da67706bc4b1""}}",../outputs/sarvam/telugu/telugu_35.wav
2026-03-01 16:32:44.245538,telugu,పడకగది AC లో స్లీప్ మోడ్ ఆన్ చేయండి।,ElevenLabs,0.12575721740722656,"{""detail"":{""status"":""needs_authorization"",""message"":""Neither authorization header nor xi-api-key received, please provide one.""}}",../outputs/elevenlabs/telugu/telugu_36.mp3
2026-03-01 16:32:44.245538,telugu,పడకగది AC లో స్లీప్ మోడ్ ఆన్ చేయండి।,Sarvam,0.1495208740234375,"{""error"":{""message"":""Invalid or missing authentication credentials"",""code"":""invalid_api_key_error"",""request_id"":""20260301_e66f2868-0379-48b5-b4b8-fe4aae1d3060""}}",../outputs/sarvam/telugu/telugu_36.wav
2026-03-01 16:32:44.521808,telugu,పడకగది AC లో వెర్టికల్ స్వింగ్ ను స్థానం 5 కు సెట్ చేయండి।,ElevenLabs,0.1371016502380371,"{""detail"":{""status"":""needs_authorization"",""message"":""Neither authorization header nor xi-api-key received, please provide one.""}}",../outputs/elevenlabs/telugu/telugu_37.mp3
2026-03-01 16:32:44.521808,telugu,పడకగది AC లో వెర్టికల్ స్వింగ్ ను స్థానం 5 కు సెట్ చేయండి।,Sarvam,0.1315462589263916,"{""error"":{""message"":""Invalid or missing authentication credentials"",""code"":""invalid_api_key_error"",""request_id"":""20260301_94b92279-aa7f-443d-b97f-77efac653e72""}}",../outputs/sarvam/telugu/telugu_37.wav
2026-03-01 16:32:44.792035,telugu,పడకగది AC లో స్కై హై కలర్ ఆన్ చేయండి।,ElevenLabs,0.12090253829956055,"{""detail"":{""status"":""needs_authorization"",""message"":""Neither authorization header nor xi-api-key received, please provide one.""}}",../outputs/elevenlabs/telugu/telugu_38.mp3
2026-03-01 16:32:44.792035,telugu,పడకగది AC లో స్కై హై కలర్ ఆన్ చేయండి।,Sarvam,0.14223027229309082,"{""error"":{""message"":""Invalid or missing authentication credentials"",""code"":""invalid_api_key_error"",""request_id"":""20260301_0878a9bc-f541-44bf-ac63-9cad49b10bcf""}}",../outputs/sarvam/telugu/telugu_38.wav
2026-03-01 16:32:45.056167,telugu,లివింగ్ రూమ్ AC 2 ను ఆన్ చేసి దాని హారిజాంటల్ స్వింగ్ ను స్థానం 2 కు సెట్ చేయండి।,ElevenLabs,0.12681365013122559,"{""detail"":{""status"":""needs_authorization"",""message"":""Neither authorization header nor xi-api-key received, please provide one.""}}",../outputs/elevenlabs/telugu/telugu_39.mp3
2026-03-01 16:32:45.056167,telugu,లివింగ్ రూమ్ AC 2 ను ఆన్ చేసి దాని హారిజాంటల్ స్వింగ్ ను స్థానం 2 కు సెట్ చేయండి।,Sarvam,0.14047908782958984,"{""error"":{""message"":""Invalid or missing authentication credentials"",""code"":""invalid_api_key_error"",""request_id"":""20260301_680d67e2-8963-46ea-972a-2711645be6a0""}}",../outputs/sarvam/telugu/telugu_39.wav
2026-03-01 16:32:45.324499,telugu,లివింగ్ రూమ్ AC 2 లో టర్బో మోడ్ ఆన్ చేయండి।,ElevenLabs,0.1680138111114502,"{""detail"":{""status"":""needs_authorization"",""message"":""Neither authorization header nor xi-api-key received, please provide one.""}}",../outputs/elevenlabs/telugu/telugu_40.mp3
2026-03-01 16:32:45.324499,telugu,లివింగ్ రూమ్ AC 2 లో టర్బో మోడ్ ఆన్ చేయండి।,Sarvam,0.1787734031677246,"{""error"":{""message"":""Invalid or missing authentication credentials"",""code"":""invalid_api_key_error"",""request_id"":""20260301_d67a10ed-382f-4f10-9d2a-f1b17dadf260""}}",../outputs/sarvam/telugu/telugu_40.wav
2026-03-01 16:32:45.672288,telugu,పడకగది AC లో చైల్డ్ లాక్ ఆన్ చేయండి।,ElevenLabs,0.12254118919372559,"{""detail"":{""status"":""needs_authorization"",""message"":""Neither authorization header nor xi-api-key received, please provide one.""}}",../outputs/elevenlabs/telugu/telugu_41.mp3
2026-03-01 16:32:45.672288,telugu,పడకగది AC లో చైల్డ్ లాక్ ఆన్ చేయండి।,Sarvam,0.16836857795715332,"{""error"":{""message"":""Invalid or missing authentication credentials"",""code"":""invalid_api_key_error"",""request_id"":""20260301_7737d979-74b8-41bf-a62c-5f15492806c1""}}",../outputs/sarvam/telugu/telugu_41.wav
2026-03-01 16:32:45.964219,telugu,ఆఫీస్ AC 2 లో ఫ్యాన్ వేగం హై గా సెట్ చేయండి।,ElevenLabs,0.12223243713378906,"{""detail"":{""status"":""needs_authorization"",""message"":""Neither authorization header nor xi-api-key received, please provide one.""}}",../outputs/elevenlabs/telugu/telugu_42.mp3
2026-03-01 16:32:45.964219,telugu,ఆఫీస్ AC 2 లో ఫ్యాన్ వేగం హై గా సెట్ చేయండి।,Sarvam,0.12749600410461426,"{""error"":{""message"":""Invalid or missing authentication credentials"",""code"":""invalid_api_key_error"",""request_id"":""20260301_d0ba266f-840b-41d7-b15f-0d2b00a74001""}}",../outputs/sarvam/telugu/telugu_42.wav
2026-03-01 16:32:46.215949,telugu,పడకగది AC లో హారిజాంటల్ స్వింగ్ ను ఆటోగా సెట్ చేయండి।,ElevenLabs,0.14268827438354492,"{""detail"":{""status"":""needs_authorization"",""message"":""Neither authorization header nor xi-api-key received, please provide one.""}}",../outputs/elevenlabs/telugu/telugu_43.mp3
2026-03-01 16:32:46.215949,telugu,పడకగది AC లో హారిజాంటల్ స్వింగ్ ను ఆటోగా సెట్ చేయండి।,Sarvam,0.15687155723571777,"{""error"":{""message"":""Invalid or missing authentication credentials"",""code"":""invalid_api_key_error"",""request_id"":""20260301_24c81b56-0ce4-402b-8192-4dbedada97bb""}}",../outputs/sarvam/telugu/telugu_43.wav
2026-03-01 16:32:46.517509,telugu,లివింగ్ రూమ్ AC 2 లో ఉష్ణోగ్రత 30 డిగ్రీలకు సెట్ చేయండి।,ElevenLabs,0.13109445571899414,"{""detail"":{""status"":""needs_authorization"",""message"":""Neither authorization header nor xi-api-key received, please provide one.""}}",../outputs/elevenlabs/telugu/telugu_44.mp3
2026-03-01 16:32:46.517509,telugu,లివింగ్ రూమ్ AC 2 లో ఉష్ణోగ్రత 30 డిగ్రీలకు సెట్ చేయండి।,Sarvam,0.14364910125732422,"{""error"":{""message"":""Invalid or missing authentication credentials"",""code"":""invalid_api_key_error"",""request_id"":""20260301_1bdfad86-e5cf-4396-abfb-0f82c3faaa75""}}",../outputs/sarvam/telugu/telugu_44.wav
2026-03-01 16:32:46.794291,telugu,యోగ రూమ్ AC 1 ను ఆన్ చేసి దాని స్విచ్ ఆఫ్ టైమర్ ను 20 నిమిషాలకు సెట్ చేయండి।,ElevenLabs,0.12767267227172852,"{""detail"":{""status"":""needs_authorization"",""message"":""Neither authorization header nor xi-api-key received, please provide one.""}}",../outputs/elevenlabs/telugu/telugu_45.mp3
2026-03-01 16:32:46.794291,telugu,యోగ రూమ్ AC 1 ను ఆన్ చేసి దాని స్విచ్ ఆఫ్ టైమర్ ను 20 నిమిషాలకు సెట్ చేయండి।,Sarvam,0.14208126068115234,"{""error"":{""message"":""Invalid or missing authentication credentials"",""code"":""invalid_api_key_error"",""request_id"":""20260301_bb021803-a26d-43a9-8e69-72d7dda03d30""}}",../outputs/sarvam/telugu/telugu_45.wav
2026-03-01 16:32:47.065079,telugu,యోగ రూమ్ AC 1 లో హ్యూమికాన్ మోడ్ ఆన్ చేయండి।,ElevenLabs,0.11643290519714355,"{""detail"":{""status"":""needs_authorization"",""message"":""Neither authorization header nor xi-api-key received, please provide one.""}}",../outputs/elevenlabs/telugu/telugu_46.mp3
2026-03-01 16:32:47.065079,telugu,యోగ రూమ్ AC 1 లో హ్యూమికాన్ మోడ్ ఆన్ చేయండి।,Sarvam,0.1428844928741455,"{""error"":{""message"":""Invalid or missing authentication credentials"",""code"":""invalid_api_key_error"",""request_id"":""20260301_9bd98db6-b154-484b-94fd-2175b9f6c7af""}}",../outputs/sarvam/telugu/telugu_46.wav
2026-03-01 16:32:47.324396,telugu,పడకగది AC లో చైల్డ్ లాక్ మోడ్ ఆఫ్ చేయండి।,ElevenLabs,0.12419605255126953,"{""detail"":{""status"":""needs_authorization"",""message"":""Neither authorization header nor xi-api-key received, please provide one.""}}",../outputs/elevenlabs/telugu/telugu_47.mp3
2026-03-01 16:32:47.324396,telugu,పడకగది AC లో చైల్డ్ లాక్ మోడ్ ఆఫ్ చేయండి।,Sarvam,0.13835644721984863,"{""error"":{""message"":""Invalid or missing authentication credentials"",""code"":""invalid_api_key_error"",""request_id"":""20260301_32079d99-5df2-418b-a520-3014a937b00b""}}",../outputs/sarvam/telugu/telugu_47.wav
2026-03-01 16:32:47.588939,telugu,పడకగది AC లో ఈకో మోడ్ ఆన్ చేయండి।,ElevenLabs,0.1321101188659668,"{""detail"":{""status"":""needs_authorization"",""message"":""Neither authorization header nor xi-api-key received, please provide one.""}}",../outputs/elevenlabs/telugu/telugu_48.mp3
2026-03-01 16:32:47.588939,telugu,పడకగది AC లో ఈకో మోడ్ ఆన్ చేయండి।,Sarvam,0.13443827629089355,"{""error"":{""message"":""Invalid or missing authentication credentials"",""code"":""invalid_api_key_error"",""request_id"":""20260301_b856cc4d-54b9-4955-9116-f26d8bf4595c""}}",../outputs/sarvam/telugu/telugu_48.wav
2026-03-01 16:32:47.856487,telugu,పడకగది AC లో లైట్ ఇన్‌టెన్సిటీ లో గా సెట్ చేయండి।,ElevenLabs,0.12213301658630371,"{""detail"":{""status"":""needs_authorization"",""message"":""Neither authorization header nor xi-api-key received, please provide one.""}}",../outputs/elevenlabs/telugu/telugu_49.mp3
2026-03-01 16:32:47.856487,telugu,పడకగది AC లో లైట్ ఇన్‌టెన్సిటీ లో గా సెట్ చేయండి।,Sarvam,0.14235758781433105,"{""error"":{""message"":""Invalid or missing authentication credentials"",""code"":""invalid_api_key_error"",""request_id"":""20260301_a840a6a2-7946-46a8-8bd1-5c574191a7bf""}}",../outputs/sarvam/telugu/telugu_49.wav
2026-03-01 16:32:48.132242,malayalam,കിടപ്പുമുറിയിലെ എയർ പ്യൂരിഫയർ 1 ഓൺ ചെയ്യുക।,ElevenLabs,0.12312817573547363,"{""detail"":{""status"":""needs_authorization"",""message"":""Neither authorization header nor xi-api-key received, please provide one.""}}",../outputs/elevenlabs/malayalam/malayalam_0.mp3
2026-03-01 16:32:48.132242,malayalam,കിടപ്പുമുറിയിലെ എയർ പ്യൂരിഫയർ 1 ഓൺ ചെയ്യുക।,Sarvam,0.1408548355102539,"{""error"":{""message"":""Invalid or missing authentication credentials"",""code"":""invalid_api_key_error"",""request_id"":""20260301_91f870d2-840b-482e-bce2-1aa849d3a01d""}}",../outputs/sarvam/malayalam/malayalam_0.wav
2026-03-01 16:32:48.397235,malayalam,കിടപ്പുമുറിയിലെ എയർ പ്യൂരിഫയർ 1 ൽ ബസർ നിയന്ത്രണം ഓൺ ചെയ്യുക।,ElevenLabs,0.12260603904724121,"{""detail"":{""status"":""needs_authorization"",""message"":""Neither authorization header nor xi-api-key received, please provide one.""}}",../outputs/elevenlabs/malayalam/malayalam_1.mp3
2026-03-01 16:32:48.397235,malayalam,കിടപ്പുമുറിയിലെ എയർ പ്യൂരിഫയർ 1 ൽ ബസർ നിയന്ത്രണം ഓൺ ചെയ്യുക।,Sarvam,0.13644719123840332,"{""error"":{""message"":""Invalid or missing authentication credentials"",""code"":""invalid_api_key_error"",""request_id"":""20260301_50490d12-d152-44b5-8e58-92bb5abd4ca2""}}",../outputs/sarvam/malayalam/malayalam_1.wav
2026-03-01 16:32:48.657798,malayalam,കിടപ്പുമുറിയിലെ എയർ പ്യൂരിഫയർ 1 ൽ ഫാൻ വേഗം 4 ആയി സജ്ജീകരിക്കുക।,ElevenLabs,0.11969661712646484,"{""detail"":{""status"":""needs_authorization"",""message"":""Neither authorization header nor xi-api-key received, please provide one.""}}",../outputs/elevenlabs/malayalam/malayalam_2.mp3
2026-03-01 16:32:48.657798,malayalam,കിടപ്പുമുറിയിലെ എയർ പ്യൂരിഫയർ 1 ൽ ഫാൻ വേഗം 4 ആയി സജ്ജീകരിക്കുക।,Sarvam,0.15344023704528809,"{""error"":{""message"":""Invalid or missing authentication credentials"",""code"":""invalid_api_key_error"",""request_id"":""20260301_11937c4d-4f1b-42fb-b13d-64a72043005f""}}",../outputs/sarvam/malayalam/malayalam_2.wav
2026-03-01 16:32:48.934469,malayalam,കിടപ്പുമുറിയിലെ എയർ പ്യൂരിഫയർ 1 ൽ നൈറ്റ് മോഡ് സജ്ജീകരിക്കുക।,ElevenLabs,0.12314200401306152,"{""detail"":{""status"":""needs_authorization"",""message"":""Neither authorization header nor xi-api-key received, please provide one.""}}",../outputs/elevenlabs/malayalam/malayalam_3.mp3
2026-03-01 16:32:48.934469,malayalam,കിടപ്പുമുറിയിലെ എയർ പ്യൂരിഫയർ 1 ൽ നൈറ്റ് മോഡ് സജ്ജീകരിക്കുക।,Sarvam,0.1601395606994629,"{""error"":{""message"":""Invalid or missing authentication credentials"",""code"":""invalid_api_key_error"",""request_id"":""20260301_402cbea6-c7a6-490a-a7d6-c073ce7be03a""}}",../outputs/sarvam/malayalam/malayalam_3.wav
2026-03-01 16:32:49.219266,malayalam,കിടപ്പുമുറിയിലെ എയർ പ്യൂരിഫയർ 1 ൽ 60 മിനിറ്റ് സ്വിച്ച് ഓഫ് ടൈമർ സജ്ജീകരിക്കുക।,ElevenLabs,0.11696887016296387,"{""detail"":{""status"":""needs_authorization"",""message"":""Neither authorization header nor xi-api-key received, please provide one.""}}",../outputs/elevenlabs/malayalam/malayalam_4.mp3
2026-03-01 16:32:49.219266,malayalam,കിടപ്പുമുറിയിലെ എയർ പ്യൂരിഫയർ 1 ൽ 60 മിനിറ്റ് സ്വിച്ച് ഓഫ് ടൈമർ സജ്ജീകരിക്കുക।,Sarvam,0.1423027515411377,"{""error"":{""message"":""Invalid or missing authentication credentials"",""code"":""invalid_api_key_error"",""request_id"":""20260301_c990df1d-dd02-418e-aa92-874ef8603fc5""}}",../outputs/sarvam/malayalam/malayalam_4.wav
2026-03-01 16:32:49.481112,malayalam,കിടപ്പുമുറിയിലെ എയർ പ്യൂരിഫയർ 1 ൽ റിംഗ് എൽഇഡി പ്രകാശം 40 ആയി സജ്ജീകരിക്കുക।,ElevenLabs,0.11912918090820312,"{""detail"":{""status"":""needs_authorization"",""message"":""Neither authorization header nor xi-api-key received, please provide one.""}}",../outputs/elevenlabs/malayalam/malayalam_5.mp3
2026-03-01 16:32:49.481112,malayalam,കിടപ്പുമുറിയിലെ എയർ പ്യൂരിഫയർ 1 ൽ റിംഗ് എൽഇഡി പ്രകാശം 40 ആയി സജ്ജീകരിക്കുക।,Sarvam,0.14381170272827148,"{""error"":{""message"":""Invalid or missing authentication credentials"",""code"":""invalid_api_key_error"",""request_id"":""20260301_a33e60e4-8636-45f8-a727-f7dce5c5c87e""}}",../outputs/sarvam/malayalam/malayalam_5.wav
2026-03-01 16:32:49.747051,malayalam,കിടപ്പുമുറിയിലെ എയർ പ്യൂരിഫയർ 1 ൽ ടർബോ മോഡ് ഓൺ ചെയ്ത് ബസർ നിയന്ത്രണം ഓഫ് ചെയ്യുക।,ElevenLabs,0.12954497337341309,"{""detail"":{""status"":""needs_authorization"",""message"":""Neither authorization header nor xi-api-key received, please provide one.""}}",../outputs/elevenlabs/malayalam/malayalam_6.mp3
2026-03-01 16:32:49.747051,malayalam,കിടപ്പുമുറിയിലെ എയർ പ്യൂരിഫയർ 1 ൽ ടർബോ മോഡ് ഓൺ ചെയ്ത് ബസർ നിയന്ത്രണം ഓഫ് ചെയ്യുക।,Sarvam,0.1298809051513672,"{""error"":{""message"":""Invalid or missing authentication credentials"",""code"":""invalid_api_key_error"",""request_id"":""20260301_07c4b9e0-c56b-4773-87f7-e13d6d445ec0""}}",../outputs/sarvam/malayalam/malayalam_6.wav
2026-03-01 16:32:50.008503,malayalam,കിടപ്പുമുറിയിലെ എയർ പ്യൂരിഫയർ 1 ൽ 720 മിനിറ്റ് സ്വിച്ച് ഓഫ് ടൈമർ സജ്ജീകരിക്കുക।,ElevenLabs,0.14340829849243164,"{""detail"":{""status"":""needs_authorization"",""message"":""Neither authorization header nor xi-api-key received, please provide one.""}}",../outputs/elevenlabs/malayalam/malayalam_7.mp3
2026-03-01 16:32:50.008503,malayalam,കിടപ്പുമുറിയിലെ എയർ പ്യൂരിഫയർ 1 ൽ 720 മിനിറ്റ് സ്വിച്ച് ഓഫ് ടൈമർ സജ്ജീകരിക്കുക।,Sarvam,0.13824677467346191,"{""error"":{""message"":""Invalid or missing authentication credentials"",""code"":""invalid_api_key_error"",""request_id"":""20260301_b5ffb9f5-f6da-46e8-896e-054ccfb3cacc""}}",../outputs/sarvam/malayalam/malayalam_7.wav
2026-03-01 16:32:50.292169,malayalam,ഡൈനിംഗ് റൂമിൽ എയർ പ്യൂരിഫയർ ഓൺ ചെയ്യുക।,ElevenLabs,0.13309860229492188,"{""detail"":{""status"":""needs_authorization"",""message"":""Neither authorization header nor xi-api-key received, please provide one.""}}",../outputs/elevenlabs/malayalam/malayalam_8.mp3
2026-03-01 16:32:50.292169,malayalam,ഡൈനിംഗ് റൂമിൽ എയർ പ്യൂരിഫയർ ഓൺ ചെയ്യുക।,Sarvam,0.13944101333618164,"{""error"":{""message"":""Invalid or missing authentication credentials"",""code"":""invalid_api_key_error"",""request_id"":""20260301_33a52f14-8c9d-4fda-a7e3-98ff343e7604""}}",../outputs/sarvam/malayalam/malayalam_8.wav
2026-03-01 16:32:50.566347,malayalam,എന്റെ കിടപ്പുമുറിയിലെ എയർ പ്യൂരിഫയർ 1 ന്റെ നില എന്താണ്?,ElevenLabs,0.13398337364196777,"{""detail"":{""status"":""needs_authorization"",""message"":""Neither authorization header nor xi-api-key received, please provide one.""}}",../outputs/elevenlabs/malayalam/malayalam_9.mp3
2026-03-01 16:32:50.566347,malayalam,എന്റെ കിടപ്പുമുറിയിലെ എയർ പ്യൂരിഫയർ 1 ന്റെ നില എന്താണ്?,Sarvam,0.1301281452178955,"{""error"":{""message"":""Invalid or missing authentication credentials"",""code"":""invalid_api_key_error"",""request_id"":""20260301_40dca59f-30de-4955-baf0-a050b24c6b1c""}}",../outputs/sarvam/malayalam/malayalam_9.wav
2026-03-01 16:32:50.831486,malayalam,ഡൈനിംഗ് റൂം എയർ പ്യൂരിഫയർ 1 ഓൺ ചെയ്യുക।,ElevenLabs,0.11988306045532227,"{""detail"":{""status"":""needs_authorization"",""message"":""Neither authorization header nor xi-api-key received, please provide one.""}}",../outputs/elevenlabs/malayalam/malayalam_10.mp3
2026-03-01 16:32:50.831486,malayalam,ഡൈനിംഗ് റൂം എയർ പ്യൂരിഫയർ 1 ഓൺ ചെയ്യുക।,Sarvam,0.1357438564300537,"{""error"":{""message"":""Invalid or missing authentication credentials"",""code"":""invalid_api_key_error"",""request_id"":""20260301_33909352-d25b-4f7d-8c97-9dc624ab50e9""}}",../outputs/sarvam/malayalam/malayalam_10.wav
2026-03-01 16:32:51.088137,malayalam,ഡൈനിംഗ് റൂം എയർ പ്യൂരിഫയർ 1 ൽ റിംഗ് എൽഇഡി പ്രകാശം 70 ആയി സജ്ജീകരിക്കുക।,ElevenLabs,0.12625551223754883,"{""detail"":{""status"":""needs_authorization"",""message"":""Neither authorization header nor xi-api-key received, please provide one.""}}",../outputs/elevenlabs/malayalam/malayalam_11.mp3
2026-03-01 16:32:51.088137,malayalam,ഡൈനിംഗ് റൂം എയർ പ്യൂരിഫയർ 1 ൽ റിംഗ് എൽഇഡി പ്രകാശം 70 ആയി സജ്ജീകരിക്കുക।,Sarvam,0.14283180236816406,"{""error"":{""message"":""Invalid or missing authentication credentials"",""code"":""invalid_api_key_error"",""request_id"":""20260301_d292d03c-a378-4222-8c93-365c00cefc94""}}",../outputs/sarvam/malayalam/malayalam_11.wav
2026-03-01 16:32:51.359237,malayalam,ഡൈനിംഗ് റൂം എയർ പ്യൂരിഫയർ 1 ൽ ഹീറ്റർ പവർ ഓൺ ചെയ്യുക।,ElevenLabs,0.12085318565368652,"{""detail"":{""status"":""needs_authorization"",""message"":""Neither authorization header nor xi-api-key received, please provide one.""}}",../outputs/elevenlabs/malayalam/malayalam_12.mp3
2026-03-01 16:32:51.359237,malayalam,ഡൈനിംഗ് റൂം എയർ പ്യൂരിഫയർ 1 ൽ ഹീറ്റർ പവർ ഓൺ ചെയ്യുക।,Sarvam,0.14870500564575195,"{""error"":{""message"":""Invalid or missing authentication credentials"",""code"":""invalid_api_key_error"",""request_id"":""20260301_cf4a95fc-0401-4a83-a441-5712ebb0edab""}}",../outputs/sarvam/malayalam/malayalam_12.wav
2026-03-01 16:32:51.631813,malayalam,ഡൈനിംഗ് റൂം എയർ പ്യൂരിഫയർ 1 ൽ നൈറ്റ് മോഡ് സജ്ജീകരിക്കുക।,ElevenLabs,0.123565673828125,"{""detail"":{""status"":""needs_authorization"",""message"":""Neither authorization header nor xi-api-key received, please provide one.""}}",../outputs/elevenlabs/malayalam/malayalam_13.mp3
2026-03-01 16:32:51.631813,malayalam,ഡൈനിംഗ് റൂം എയർ പ്യൂരിഫയർ 1 ൽ നൈറ്റ് മോഡ് സജ്ജീകരിക്കുക।,Sarvam,0.13864398002624512,"{""error"":{""message"":""Invalid or missing authentication credentials"",""code"":""invalid_api_key_error"",""request_id"":""20260301_0fe2bcc5-834a-418b-9525-28cfda87d946""}}",../outputs/sarvam/malayalam/malayalam_13.wav
2026-03-01 16:32:51.895058,malayalam,ഡൈനിംഗ് റൂം എയർ പ്യൂരിഫയർ 1 ൽ 180 മിനിറ്റ് സ്വിച്ച് ഓഫ് ടൈമർ സജ്ജീകരിക്കുക।,ElevenLabs,0.1193685531616211,"{""detail"":{""status"":""needs_authorization"",""message"":""Neither authorization header nor xi-api-key received, please provide one.""}}",../outputs/elevenlabs/malayalam/malayalam_14.mp3
2026-03-01 16:32:51.895058,malayalam,ഡൈനിംഗ് റൂം എയർ പ്യൂരിഫയർ 1 ൽ 180 മിനിറ്റ് സ്വിച്ച് ഓഫ് ടൈമർ സജ്ജീകരിക്കുക।,Sarvam,0.15459728240966797,"{""error"":{""message"":""Invalid or missing authentication credentials"",""code"":""invalid_api_key_error"",""request_id"":""20260301_15eb584e-8789-4066-ba2e-ed477de15e7b""}}",../outputs/sarvam/malayalam/malayalam_14.wav
2026-03-01 16:32:52.169624,malayalam,ഡൈനിംഗ് റൂം എയർ പ്യൂരിഫയർ 1 ൽ ബസർ നിയന്ത്രണം ഓൺ ചെയ്യുക।,ElevenLabs,0.13429951667785645,"{""detail"":{""status"":""needs_authorization"",""message"":""Neither authorization header nor xi-api-key received, please provide one.""}}",../outputs/elevenlabs/malayalam/malayalam_15.mp3
2026-03-01 16:32:52.169624,malayalam,ഡൈനിംഗ് റൂം എയർ പ്യൂരിഫയർ 1 ൽ ബസർ നിയന്ത്രണം ഓൺ ചെയ്യുക।,Sarvam,0.13646197319030762,"{""error"":{""message"":""Invalid or missing authentication credentials"",""code"":""invalid_api_key_error"",""request_id"":""20260301_0656bcfe-9510-44d3-ad65-06fd4f69bc0c""}}",../outputs/sarvam/malayalam/malayalam_15.wav
2026-03-01 16:32:52.441380,malayalam,ഡൈനിംഗ് റൂം എയർ പ്യൂരിഫയർ 1 ൽ ഫാൻ വേഗം 3 ആയി സജ്ജീകരിക്കുക।,ElevenLabs,0.12489604949951172,"{""detail"":{""status"":""needs_authorization"",""message"":""Neither authorization header nor xi-api-key received, please provide one.""}}",../outputs/elevenlabs/malayalam/malayalam_16.mp3
2026-03-01 16:32:52.441380,malayalam,ഡൈനിംഗ് റൂം എയർ പ്യൂരിഫയർ 1 ൽ ഫാൻ വേഗം 3 ആയി സജ്ജീകരിക്കുക।,Sarvam,0.15599465370178223,"{""error"":{""message"":""Invalid or missing authentication credentials"",""code"":""invalid_api_key_error"",""request_id"":""20260301_5c082736-a9d9-4ba4-bfaa-c30250a9d6f8""}}",../outputs/sarvam/malayalam/malayalam_16.wav
2026-03-01 16:32:52.723785,malayalam,ഡൈനിംഗ് റൂം എയർ പ്യൂരിഫയർ 1 ഓൺ ചെയ്യുക।,ElevenLabs,0.1232004165649414,"{""detail"":{""status"":""needs_authorization"",""message"":""Neither authorization header nor xi-api-key received, please provide one.""}}",../outputs/elevenlabs/malayalam/malayalam_17.mp3
2026-03-01 16:32:52.723785,malayalam,ഡൈനിംഗ് റൂം എയർ പ്യൂരിഫയർ 1 ഓൺ ചെയ്യുക।,Sarvam,0.15720820426940918,"{""error"":{""message"":""Invalid or missing authentication credentials"",""code"":""invalid_api_key_error"",""request_id"":""20260301_2ce88982-7148-4b07-a915-820680cdc633""}}",../outputs/sarvam/malayalam/malayalam_17.wav
2026-03-01 16:32:53.004194,malayalam,ഡൈനിംഗ് റൂം എയർ പ്യൂരിഫയർ 1 ൽ റിംഗ് എൽഇഡി പ്രകാശം 200 ആയി സജ്ജീകരിക്കുക।,ElevenLabs,0.11821675300598145,"{""detail"":{""status"":""needs_authorization"",""message"":""Neither authorization header nor xi-api-key received, please provide one.""}}",../outputs/elevenlabs/malayalam/malayalam_18.mp3
2026-03-01 16:32:53.004194,malayalam,ഡൈനിംഗ് റൂം എയർ പ്യൂരിഫയർ 1 ൽ റിംഗ് എൽഇഡി പ്രകാശം 200 ആയി സജ്ജീകരിക്കുക।,Sarvam,0.1357712745666504,"{""error"":{""message"":""Invalid or missing authentication credentials"",""code"":""invalid_api_key_error"",""request_id"":""20260301_bfbc6d43-4eec-4606-99f2-32af5a7ec585""}}",../outputs/sarvam/malayalam/malayalam_18.wav
2026-03-01 16:32:53.259687,malayalam,ഡൈനിംഗ് റൂം എയർ പ്യൂരിഫയർ 100 ൽ 180 മിനിറ്റ് സ്വിച്ച് ഓഫ് ടൈമർ സജ്ജീകരിക്കുക।,ElevenLabs,0.12647247314453125,"{""detail"":{""status"":""needs_authorization"",""message"":""Neither authorization header nor xi-api-key received, please provide one.""}}",../outputs/elevenlabs/malayalam/malayalam_19.mp3
2026-03-01 16:32:53.259687,malayalam,ഡൈനിംഗ് റൂം എയർ പ്യൂരിഫയർ 100 ൽ 180 മിനിറ്റ് സ്വിച്ച് ഓഫ് ടൈമർ സജ്ജീകരിക്കുക।,Sarvam,0.12067794799804688,"{""error"":{""message"":""Invalid or missing authentication credentials"",""code"":""invalid_api_key_error"",""request_id"":""20260301_d8892a55-ca76-4146-b974-652903dc3d14""}}",../outputs/sarvam/malayalam/malayalam_19.wav
2026-03-01 16:32:53.508872,malayalam,ലിവിംഗ് റൂം എയർ പ്യൂരിഫയർ 1 ഓൺ ചെയ്യുക।,ElevenLabs,0.1216897964477539,"{""detail"":{""status"":""needs_authorization"",""message"":""Neither authorization header nor xi-api-key received, please provide one.""}}",../outputs/elevenlabs/malayalam/malayalam_20.mp3
2026-03-01 16:32:53.508872,malayalam,ലിവിംഗ് റൂം എയർ പ്യൂരിഫയർ 1 ഓൺ ചെയ്യുക।,Sarvam,0.1428534984588623,"{""error"":{""message"":""Invalid or missing authentication credentials"",""code"":""invalid_api_key_error"",""request_id"":""20260301_7b7d3e87-0572-4fa7-8bdd-057fc7282c9e""}}",../outputs/sarvam/malayalam/malayalam_20.wav
2026-03-01 16:32:53.774440,malayalam,ലിവിംഗ് റൂം എയർ പ്യൂരിഫയർ 1 ൽ 60 മിനിറ്റ് സ്വിച്ച് ഓഫ് ടൈമർ സജ്ജീകരിക്കുക।,ElevenLabs,0.12396550178527832,"{""detail"":{""status"":""needs_authorization"",""message"":""Neither authorization header nor xi-api-key received, please provide one.""}}",../outputs/elevenlabs/malayalam/malayalam_21.mp3
2026-03-01 16:32:53.774440,malayalam,ലിവിംഗ് റൂം എയർ പ്യൂരിഫയർ 1 ൽ 60 മിനിറ്റ് സ്വിച്ച് ഓഫ് ടൈമർ സജ്ജീകരിക്കുക।,Sarvam,0.15276122093200684,"{""error"":{""message"":""Invalid or missing authentication credentials"",""code"":""invalid_api_key_error"",""request_id"":""20260301_c701e50a-2477-460d-a5bc-3c83395f7b44""}}",../outputs/sarvam/malayalam/malayalam_21.wav
2026-03-01 16:32:54.053756,malayalam,ലിവിംഗ് റൂം എയർ പ്യൂരിഫയർ 1 ൽ നൈറ്റ് മോഡ് ഓൺ ചെയ്യുക।,ElevenLabs,0.15868639945983887,"{""detail"":{""status"":""needs_authorization"",""message"":""Neither authorization header nor xi-api-key received, please provide one.""}}",../outputs/elevenlabs/malayalam/malayalam_22.mp3
2026-03-01 16:32:54.053756,malayalam,ലിവിംഗ് റൂം എയർ പ്യൂരിഫയർ 1 ൽ നൈറ്റ് മോഡ് ഓൺ ചെയ്യുക।,Sarvam,0.14551591873168945,"{""error"":{""message"":""Invalid or missing authentication credentials"",""code"":""invalid_api_key_error"",""request_id"":""20260301_d04dab52-2174-4d92-9603-9c76ce05808c""}}",../outputs/sarvam/malayalam/malayalam_22.wav
2026-03-01 16:32:54.358939,malayalam,ലിവിംഗ് റൂം എയർ പ്യൂരിഫയർ 1 ലെ ഫാൻ പവർ ഓഫ് ചെയ്യുക।,ElevenLabs,0.11895489692687988,"{""detail"":{""status"":""needs_authorization"",""message"":""Neither authorization header nor xi-api-key received, please provide one.""}}",../outputs/elevenlabs/malayalam/malayalam_23.mp3
2026-03-01 16:32:54.358939,malayalam,ലിവിംഗ് റൂം എയർ പ്യൂരിഫയർ 1 ലെ ഫാൻ പവർ ഓഫ് ചെയ്യുക।,Sarvam,0.17155885696411133,"{""error"":{""message"":""Invalid or missing authentication credentials"",""code"":""invalid_api_key_error"",""request_id"":""20260301_e85efcd0-ea81-47c2-910a-7e18a6eed55d""}}",../outputs/sarvam/malayalam/malayalam_23.wav
2026-03-01 16:32:54.650466,malayalam,ലിവിംഗ് റൂം എയർ പ്യൂരിഫയർ 1 ൽ ഫാൻ പവർ ഓൺ ചെയ്ത് വേഗം 4 ആയി സജ്ജീകരിക്കുക।,ElevenLabs,0.12500643730163574,"{""detail"":{""status"":""needs_authorization"",""message"":""Neither authorization header nor xi-api-key received, please provide one.""}}",../outputs/elevenlabs/malayalam/malayalam_24.mp3
2026-03-01 16:32:54.650466,malayalam,ലിവിംഗ് റൂം എയർ പ്യൂരിഫയർ 1 ൽ ഫാൻ പവർ ഓൺ ചെയ്ത് വേഗം 4 ആയി സജ്ജീകരിക്കുക।,Sarvam,0.13218235969543457,"{""error"":{""message"":""Invalid or missing authentication credentials"",""code"":""invalid_api_key_error"",""request_id"":""20260301_0113cecb-4dd5-441c-80f2-bd1cd0007d34""}}",../outputs/sarvam/malayalam/malayalam_24.wav
2026-03-01 16:32:54.910221,malayalam,ലിവിംഗ് റൂം എയർ പ്യൂരിഫയർ 1 ൽ ഫാൻ വേഗം 8 ആയി സജ്ജീകരിക്കുക।,ElevenLabs,0.13057827949523926,"{""detail"":{""status"":""needs_authorization"",""message"":""Neither authorization header nor xi-api-key received, please provide one.""}}",../outputs/elevenlabs/malayalam/malayalam_25.mp3
2026-03-01 16:32:54.910221,malayalam,ലിവിംഗ് റൂം എയർ പ്യൂരിഫയർ 1 ൽ ഫാൻ വേഗം 8 ആയി സജ്ജീകരിക്കുക।,Sarvam,0.14577460289001465,"{""error"":{""message"":""Invalid or missing authentication credentials"",""code"":""invalid_api_key_error"",""request_id"":""20260301_30c89a3c-99f4-48de-b317-59f083476df1""}}",../outputs/sarvam/malayalam/malayalam_25.wav
2026-03-01 16:32:55.188587,malayalam,ലിവിംഗ് റൂം എയർ പ്യൂരിഫയർ 1 ഓഫ് ചെയ്യുക।,ElevenLabs,0.12043642997741699,"{""detail"":{""status"":""needs_authorization"",""message"":""Neither authorization header nor xi-api-key received, please provide one.""}}",../outputs/elevenlabs/malayalam/malayalam_26.mp3
2026-03-01 16:32:55.188587,malayalam,ലിവിംഗ് റൂം എയർ പ്യൂരിഫയർ 1 ഓഫ് ചെയ്യുക।,Sarvam,0.14007806777954102,"{""error"":{""message"":""Invalid or missing authentication credentials"",""code"":""invalid_api_key_error"",""request_id"":""20260301_45387fca-8f08-4b58-a95d-72012dd298e7""}}",../outputs/sarvam/malayalam/malayalam_26.wav
2026-03-01 16:32:55.451122,malayalam,ലിവിംഗ് റൂം എയർ പ്യൂരിഫയർ 1 ഓഫ് ചെയ്യുക।,ElevenLabs,0.12423825263977051,"{""detail"":{""status"":""needs_authorization"",""message"":""Neither authorization header nor xi-api-key received, please provide one.""}}",../outputs/elevenlabs/malayalam/malayalam_27.mp3
2026-03-01 16:32:55.451122,malayalam,ലിവിംഗ് റൂം എയർ പ്യൂരിഫയർ 1 ഓഫ് ചെയ്യുക।,Sarvam,0.150665283203125,"{""error"":{""message"":""Invalid or missing authentication credentials"",""code"":""invalid_api_key_error"",""request_id"":""20260301_3f3a9e39-0688-4fe6-b318-2e32c10a3344""}}",../outputs/sarvam/malayalam/malayalam_27.wav
2026-03-01 16:32:55.727042,malayalam,ലിവിംഗ് റൂം എയർ പ്യൂരിഫയർ 1 ൽ ഫാൻ വേഗം 2 ആയി സജ്ജീകരിക്കുക।,ElevenLabs,0.12731218338012695,"{""detail"":{""status"":""needs_authorization"",""message"":""Neither authorization header nor xi-api-key received, please provide one.""}}",../outputs/elevenlabs/malayalam/malayalam_28.mp3
2026-03-01 16:32:55.727042,malayalam,ലിവിംഗ് റൂം എയർ പ്യൂരിഫയർ 1 ൽ ഫാൻ വേഗം 2 ആയി സജ്ജീകരിക്കുക।,Sarvam,0.14109539985656738,"{""error"":{""message"":""Invalid or missing authentication credentials"",""code"":""invalid_api_key_error"",""request_id"":""20260301_54db2e45-b40f-4874-9cdb-86e27743a583""}}",../outputs/sarvam/malayalam/malayalam_28.wav
2026-03-01 16:32:55.998037,malayalam,എന്റെ കിടപ്പുമുറിയിൽ ഏത് ഉപകരണങ്ങളുണ്ട്?,ElevenLabs,0.12435793876647949,"{""detail"":{""status"":""needs_authorization"",""message"":""Neither authorization header nor xi-api-key received, please provide one.""}}",../outputs/elevenlabs/malayalam/malayalam_29.mp3
2026-03-01 16:32:55.998037,malayalam,എന്റെ കിടപ്പുമുറിയിൽ ഏത് ഉപകരണങ്ങളുണ്ട്?,Sarvam,0.15789222717285156,"{""error"":{""message"":""Invalid or missing authentication credentials"",""code"":""invalid_api_key_error"",""request_id"":""20260301_9183ac3e-5496-48b5-a5f8-5d42bfbc25b9""}}",../outputs/sarvam/malayalam/malayalam_29.wav
2026-03-01 16:32:56.281289,malayalam,കിടപ്പുമുറിയിൽ AC ഓൺ ചെയ്യുക।,ElevenLabs,0.11963963508605957,"{""detail"":{""status"":""needs_authorization"",""message"":""Neither authorization header nor xi-api-key received, please provide one.""}}",../outputs/elevenlabs/malayalam/malayalam_30.mp3
2026-03-01 16:32:56.281289,malayalam,കിടപ്പുമുറിയിൽ AC ഓൺ ചെയ്യുക।,Sarvam,0.14777040481567383,"{""error"":{""message"":""Invalid or missing authentication credentials"",""code"":""invalid_api_key_error"",""request_id"":""20260301_ae2b0834-ce73-44de-b9bc-3a4020804092""}}",../outputs/sarvam/malayalam/malayalam_30.wav
2026-03-01 16:32:56.551744,malayalam,കിടപ്പുമുറി AC ൽ താപനില 18 ഡിഗ്രിയായി സജ്ജീകരിക്കുക।,ElevenLabs,0.12923789024353027,"{""detail"":{""status"":""needs_authorization"",""message"":""Neither authorization header nor xi-api-key received, please provide one.""}}",../outputs/elevenlabs/malayalam/malayalam_31.mp3
2026-03-01 16:32:56.551744,malayalam,കിടപ്പുമുറി AC ൽ താപനില 18 ഡിഗ്രിയായി സജ്ജീകരിക്കുക।,Sarvam,0.1706991195678711,"{""error"":{""message"":""Invalid or missing authentication credentials"",""code"":""invalid_api_key_error"",""request_id"":""20260301_a7066f5e-56d9-4bfe-a3fe-58c1930ea43f""}}",../outputs/sarvam/malayalam/malayalam_31.wav
2026-03-01 16:32:56.851681,malayalam,കിടപ്പുമുറി AC ൽ ഡിസ്പ്ലേ മോഡ് ഓൺ ചെയ്യുക।,ElevenLabs,0.13213133811950684,"{""detail"":{""status"":""needs_authorization"",""message"":""Neither authorization header nor xi-api-key received, please provide one.""}}",../outputs/elevenlabs/malayalam/malayalam_32.mp3
2026-03-01 16:32:56.851681,malayalam,കിടപ്പുമുറി AC ൽ ഡിസ്പ്ലേ മോഡ് ഓൺ ചെയ്യുക।,Sarvam,0.18902039527893066,"{""error"":{""message"":""Invalid or missing authentication credentials"",""code"":""invalid_api_key_error"",""request_id"":""20260301_4acce947-cc8e-46fd-a93b-05f7d797ebdc""}}",../outputs/sarvam/malayalam/malayalam_32.wav
2026-03-01 16:32:57.174857,malayalam,ഡൈനിംഗ് റൂമിൽ AC ഓൺ ചെയ്യുക।,ElevenLabs,0.12437891960144043,"{""detail"":{""status"":""needs_authorization"",""message"":""Neither authorization header nor xi-api-key received, please provide one.""}}",../outputs/elevenlabs/malayalam/malayalam_33.mp3
2026-03-01 16:32:57.174857,malayalam,ഡൈനിംഗ് റൂമിൽ AC ഓൺ ചെയ്യുക।,Sarvam,0.1367957592010498,"{""error"":{""message"":""Invalid or missing authentication credentials"",""code"":""invalid_api_key_error"",""request_id"":""20260301_fd06200a-79f9-4752-a004-846b525c2369""}}",../outputs/sarvam/malayalam/malayalam_33.wav
2026-03-01 16:32:57.436694,malayalam,ഓഫീസ് AC 2 ഓൺ ചെയ്യുക।,ElevenLabs,0.13234329223632812,"{""detail"":{""status"":""needs_authorization"",""message"":""Neither authorization header nor xi-api-key received, please provide one.""}}",../outputs/elevenlabs/malayalam/malayalam_34.mp3
2026-03-01 16:32:57.436694,malayalam,ഓഫീസ് AC 2 ഓൺ ചെയ്യുക।,Sarvam,0.15040206909179688,"{""error"":{""message"":""Invalid or missing authentication credentials"",""code"":""invalid_api_key_error"",""request_id"":""20260301_3f19b050-1331-486e-9ace-8c054e45f6c4""}}",../outputs/sarvam/malayalam/malayalam_34.wav
2026-03-01 16:32:57.721444,malayalam,കിടപ്പുമുറി AC ൽ ഡ്രൈ മോഡ് സജ്ജീകരിക്കുക।,ElevenLabs,0.1370234489440918,"{""detail"":{""status"":""needs_authorization"",""message"":""Neither authorization header nor xi-api-key received, please provide one.""}}",../outputs/elevenlabs/malayalam/malayalam_35.mp3
2026-03-01 16:32:57.721444,malayalam,കിടപ്പുമുറി AC ൽ ഡ്രൈ മോഡ് സജ്ജീകരിക്കുക।,Sarvam,0.14281058311462402,"{""error"":{""message"":""Invalid or missing authentication credentials"",""code"":""invalid_api_key_error"",""request_id"":""20260301_e40430d8-d9f7-4436-9d26-b13fe75d0492""}}",../outputs/sarvam/malayalam/malayalam_35.wav
2026-03-01 16:32:58.001278,malayalam,കിടപ്പുമുറി AC ൽ സ്ലീപ് മോഡ് ഓൺ ചെയ്യുക।,ElevenLabs,0.13405108451843262,"{""detail"":{""status"":""needs_authorization"",""message"":""Neither authorization header nor xi-api-key received, please provide one.""}}",../outputs/elevenlabs/malayalam/malayalam_36.mp3
2026-03-01 16:32:58.001278,malayalam,കിടപ്പുമുറി AC ൽ സ്ലീപ് മോഡ് ഓൺ ചെയ്യുക।,Sarvam,0.17011404037475586,"{""error"":{""message"":""Invalid or missing authentication credentials"",""code"":""invalid_api_key_error"",""request_id"":""20260301_40b67394-104e-4807-a664-e2b80abf936e""}}",../outputs/sarvam/malayalam/malayalam_36.wav
2026-03-01 16:32:58.308483,malayalam,കിടപ്പുമുറി AC ൽ വെർട്ടിക്കൽ സ്വിംഗ് സ്ഥാനം 5 ആയി സജ്ജീകരിക്കുക।,ElevenLabs,0.1327986717224121,"{""detail"":{""status"":""needs_authorization"",""message"":""Neither authorization header nor xi-api-key received, please provide one.""}}",../outputs/elevenlabs/malayalam/malayalam_37.mp3
2026-03-01 16:32:58.308483,malayalam,കിടപ്പുമുറി AC ൽ വെർട്ടിക്കൽ സ്വിംഗ് സ്ഥാനം 5 ആയി സജ്ജീകരിക്കുക।,Sarvam,0.15129804611206055,"{""error"":{""message"":""Invalid or missing authentication credentials"",""code"":""invalid_api_key_error"",""request_id"":""20260301_d6e4063c-7bed-42c4-9e30-e1468b08ddef""}}",../outputs/sarvam/malayalam/malayalam_37.wav
2026-03-01 16:32:58.593575,malayalam,കിടപ്പുമുറി AC ൽ സ്കൈ ഹൈ കളർ ഓൺ ചെയ്യുക।,ElevenLabs,0.12305879592895508,"{""detail"":{""status"":""needs_authorization"",""message"":""Neither authorization header nor xi-api-key received, please provide one.""}}",../outputs/elevenlabs/malayalam/malayalam_38.mp3
2026-03-01 16:32:58.593575,malayalam,കിടപ്പുമുറി AC ൽ സ്കൈ ഹൈ കളർ ഓൺ ചെയ്യുക।,Sarvam,0.13585376739501953,"{""error"":{""message"":""Invalid or missing authentication credentials"",""code"":""invalid_api_key_error"",""request_id"":""20260301_79106aef-9d66-4ad0-85a0-ae6e024e8142""}}",../outputs/sarvam/malayalam/malayalam_38.wav
2026-03-01 16:32:58.853975,malayalam,ലിവിംഗ് റൂം AC 2 ഓൺ ചെയ്ത് അതിന്റെ ഹൊറിസോണ്ടൽ സ്വിംഗ് സ്ഥാനം 2 ആയി സജ്ജീകരിക്കുക।,ElevenLabs,0.12198114395141602,"{""detail"":{""status"":""needs_authorization"",""message"":""Neither authorization header nor xi-api-key received, please provide one.""}}",../outputs/elevenlabs/malayalam/malayalam_39.mp3
2026-03-01 16:32:58.853975,malayalam,ലിവിംഗ് റൂം AC 2 ഓൺ ചെയ്ത് അതിന്റെ ഹൊറിസോണ്ടൽ സ്വിംഗ് സ്ഥാനം 2 ആയി സജ്ജീകരിക്കുക।,Sarvam,0.1385819911956787,"{""error"":{""message"":""Invalid or missing authentication credentials"",""code"":""invalid_api_key_error"",""request_id"":""20260301_973ae93f-05d4-4923-836a-407b16a179c6""}}",../outputs/sarvam/malayalam/malayalam_39.wav
2026-03-01 16:32:59.116535,malayalam,ലിവിംഗ് റൂം AC 2 ൽ ടർബോ മോഡ് ഓൺ ചെയ്യുക।,ElevenLabs,0.12063336372375488,"{""detail"":{""status"":""needs_authorization"",""message"":""Neither authorization header nor xi-api-key received, please provide one.""}}",../outputs/elevenlabs/malayalam/malayalam_40.mp3
2026-03-01 16:32:59.116535,malayalam,ലിവിംഗ് റൂം AC 2 ൽ ടർബോ മോഡ് ഓൺ ചെയ്യുക।,Sarvam,0.14869356155395508,"{""error"":{""message"":""Invalid or missing authentication credentials"",""code"":""invalid_api_key_error"",""request_id"":""20260301_c702b311-f18d-40d3-975e-8d5b8d3729e3""}}",../outputs/sarvam/malayalam/malayalam_40.wav
2026-03-01 16:32:59.386369,malayalam,കിടപ്പുമുറി AC ൽ ചൈൽഡ് ലോക്ക് ഓൺ ചെയ്യുക।,ElevenLabs,0.14249205589294434,"{""detail"":{""status"":""needs_authorization"",""message"":""Neither authorization header nor xi-api-key received, please provide one.""}}",../outputs/elevenlabs/malayalam/malayalam_41.mp3
2026-03-01 16:32:59.386369,malayalam,കിടപ്പുമുറി AC ൽ ചൈൽഡ് ലോക്ക് ഓൺ ചെയ്യുക।,Sarvam,0.13289594650268555,"{""error"":{""message"":""Invalid or missing authentication credentials"",""code"":""invalid_api_key_error"",""request_id"":""20260301_7e29c5ef-7aba-4e0e-a778-7f5c9c8f72e6""}}",../outputs/sarvam/malayalam/malayalam_41.wav
2026-03-01 16:32:59.663269,malayalam,ഓഫീസ് AC 2 ൽ ഫാൻ വേഗം ഹൈ ആയി സജ്ജീകരിക്കുക।,ElevenLabs,0.1272296905517578,"{""detail"":{""status"":""needs_authorization"",""message"":""Neither authorization header nor xi-api-key received, please provide one.""}}",../outputs/elevenlabs/malayalam/malayalam_42.mp3
2026-03-01 16:32:59.663269,malayalam,ഓഫീസ് AC 2 ൽ ഫാൻ വേഗം ഹൈ ആയി സജ്ജീകരിക്കുക।,Sarvam,0.14751148223876953,"{""error"":{""message"":""Invalid or missing authentication credentials"",""code"":""invalid_api_key_error"",""request_id"":""20260301_67a0ee83-921c-4369-81c5-0371f090abba""}}",../outputs/sarvam/malayalam/malayalam_42.wav
2026-03-01 16:32:59.938988,malayalam,കിടപ്പുമുറി AC ൽ ഹൊറിസോണ്ടൽ സ്വിംഗ് ഓട്ടോ ആയി സജ്ജീകരിക്കുക।,ElevenLabs,0.12429499626159668,"{""detail"":{""status"":""needs_authorization"",""message"":""Neither authorization header nor xi-api-key received, please provide one.""}}",../outputs/elevenlabs/malayalam/malayalam_43.mp3
2026-03-01 16:32:59.938988,malayalam,കിടപ്പുമുറി AC ൽ ഹൊറിസോണ്ടൽ സ്വിംഗ് ഓട്ടോ ആയി സജ്ജീകരിക്കുക।,Sarvam,0.13989472389221191,"{""error"":{""message"":""Invalid or missing authentication credentials"",""code"":""invalid_api_key_error"",""request_id"":""20260301_0bc71a0c-8b58-4705-a4c7-d709de992e24""}}",../outputs/sarvam/malayalam/malayalam_43.wav
2026-03-01 16:33:00.204170,malayalam,ലിവിംഗ് റൂം AC 2 ൽ താപനില 30 ഡിഗ്രിയായി സജ്ജീകരിക്കുക।,ElevenLabs,0.12676095962524414,"{""detail"":{""status"":""needs_authorization"",""message"":""Neither authorization header nor xi-api-key received, please provide one.""}}",../outputs/elevenlabs/malayalam/malayalam_44.mp3
2026-03-01 16:33:00.204170,malayalam,ലിവിംഗ് റൂം AC 2 ൽ താപനില 30 ഡിഗ്രിയായി സജ്ജീകരിക്കുക।,Sarvam,0.13620543479919434,"{""error"":{""message"":""Invalid or missing authentication credentials"",""code"":""invalid_api_key_error"",""request_id"":""20260301_7d2ad2d4-6de9-48b2-9b02-5f0f2e1e9a1f""}}",../outputs/sarvam/malayalam/malayalam_44.wav
2026-03-01 16:33:00.467704,malayalam,യോഗ റൂം AC 1 ഓൺ ചെയ്ത് അതിന്റെ സ്വിച്ച് ഓഫ് ടൈമർ 20 മിനിറ്റായി സജ്ജീകരിക്കുക।,ElevenLabs,0.13291239738464355,"{""detail"":{""status"":""needs_authorization"",""message"":""Neither authorization header nor xi-api-key received, please provide one.""}}",../outputs/elevenlabs/malayalam/malayalam_45.mp3
2026-03-01 16:33:00.467704,malayalam,യോഗ റൂം AC 1 ഓൺ ചെയ്ത് അതിന്റെ സ്വിച്ച് ഓഫ് ടൈമർ 20 മിനിറ്റായി സജ്ജീകരിക്കുക।,Sarvam,0.16648197174072266,"{""error"":{""message"":""Invalid or missing authentication credentials"",""code"":""invalid_api_key_error"",""request_id"":""20260301_b03c4947-6940-4073-bd0a-17574ec6911d""}}",../outputs/sarvam/malayalam/malayalam_45.wav
2026-03-01 16:33:00.767098,malayalam,യോഗ റൂം AC 1 ൽ ഹ്യൂമികോൺ മോഡ് ഓൺ ചെയ്യുക।,ElevenLabs,0.1338362693786621,"{""detail"":{""status"":""needs_authorization"",""message"":""Neither authorization header nor xi-api-key received, please provide one.""}}",../outputs/elevenlabs/malayalam/malayalam_46.mp3
2026-03-01 16:33:00.767098,malayalam,യോഗ റൂം AC 1 ൽ ഹ്യൂമികോൺ മോഡ് ഓൺ ചെയ്യുക।,Sarvam,0.1484522819519043,"{""error"":{""message"":""Invalid or missing authentication credentials"",""code"":""invalid_api_key_error"",""request_id"":""20260301_cf4f2f10-78c7-4b26-b736-b8e2e0d820d6""}}",../outputs/sarvam/malayalam/malayalam_46.wav
2026-03-01 16:33:01.051334,malayalam,കിടപ്പുമുറി AC ൽ ചൈൽഡ് ലോക്ക് മോഡ് ഓഫ് ചെയ്യുക।,ElevenLabs,0.12479305267333984,"{""detail"":{""status"":""needs_authorization"",""message"":""Neither authorization header nor xi-api-key received, please provide one.""}}",../outputs/elevenlabs/malayalam/malayalam_47.mp3
2026-03-01 16:33:01.051334,malayalam,കിടപ്പുമുറി AC ൽ ചൈൽഡ് ലോക്ക് മോഡ് ഓഫ് ചെയ്യുക।,Sarvam,0.16567683219909668,"{""error"":{""message"":""Invalid or missing authentication credentials"",""code"":""invalid_api_key_error"",""request_id"":""20260301_4e42d650-f9e2-488c-8cd1-3dc4a0f3756c""}}",../outputs/sarvam/malayalam/malayalam_47.wav
2026-03-01 16:33:01.342796,malayalam,കിടപ്പുമുറി AC ൽ ഇക്കോ മോഡ് ഓൺ ചെയ്യുക।,ElevenLabs,0.12594866752624512,"{""detail"":{""status"":""needs_authorization"",""message"":""Neither authorization header nor xi-api-key received, please provide one.""}}",../outputs/elevenlabs/malayalam/malayalam_48.mp3
2026-03-01 16:33:01.342796,malayalam,കിടപ്പുമുറി AC ൽ ഇക്കോ മോഡ് ഓൺ ചെയ്യുക।,Sarvam,0.1350693702697754,"{""error"":{""message"":""Invalid or missing authentication credentials"",""code"":""invalid_api_key_error"",""request_id"":""20260301_d16260a6-4584-49d3-9c09-cd502a7a15ef""}}",../outputs/sarvam/malayalam/malayalam_48.wav
2026-03-01 16:33:01.605924,malayalam,കിടപ്പുമുറി AC ൽ ലൈറ്റ് ഇന്റൻസിറ്റി ലോ ആയി സജ്ജീകരിക്കുക।,ElevenLabs,0.12628841400146484,"{""detail"":{""status"":""needs_authorization"",""message"":""Neither authorization header nor xi-api-key received, please provide one.""}}",../outputs/elevenlabs/malayalam/malayalam_49.mp3
2026-03-01 16:33:01.605924,malayalam,കിടപ്പുമുറി AC ൽ ലൈറ്റ് ഇന്റൻസിറ്റി ലോ ആയി സജ്ജീകരിക്കുക।,Sarvam,0.14898109436035156,"{""error"":{""message"":""Invalid or missing authentication credentials"",""code"":""invalid_api_key_error"",""request_id"":""20260301_5cbb5195-dedd-4ec8-a396-6409d67df3ea""}}",../outputs/sarvam/malayalam/malayalam_49.wav
2026-03-01 16:33:01.893406,gujarati,શયનખંડ એર પ્યુરિફાયર 1 ચાલુ કરો।,ElevenLabs,0.14277100563049316,"{""detail"":{""status"":""needs_authorization"",""message"":""Neither authorization header nor xi-api-key received, please provide one.""}}",../outputs/elevenlabs/gujarati/gujarati_0.mp3
2026-03-01 16:33:01.893406,gujarati,શયનખંડ એર પ્યુરિફાયર 1 ચાલુ કરો।,Sarvam,0.1631603240966797,"{""error"":{""message"":""Invalid or missing authentication credentials"",""code"":""invalid_api_key_error"",""request_id"":""20260301_06246160-7116-427a-9840-13a11dbf1a8b""}}",../outputs/sarvam/gujarati/gujarati_0.wav
2026-03-01 16:33:02.199909,gujarati,શયનખંડ એર પ્યુરિફાયર 1 માં બજ્ઝર નિયંત્રણ ચાલુ કરો।,ElevenLabs,0.13656926155090332,"{""detail"":{""status"":""needs_authorization"",""message"":""Neither authorization header nor xi-api-key received, please provide one.""}}",../outputs/elevenlabs/gujarati/gujarati_1.mp3
2026-03-01 16:33:02.199909,gujarati,શયનખંડ એર પ્યુરિફાયર 1 માં બજ્ઝર નિયંત્રણ ચાલુ કરો।,Sarvam,0.12993955612182617,"{""error"":{""message"":""Invalid or missing authentication credentials"",""code"":""invalid_api_key_error"",""request_id"":""20260301_c2b230cf-2e84-47cd-923e-008924650fef""}}",../outputs/sarvam/gujarati/gujarati_1.wav
2026-03-01 16:33:02.467422,gujarati,શયનખંડ એર પ્યુરિફાયર 1 માં ફેન ઝડપ 4 સેટ કરો।,ElevenLabs,0.12076997756958008,"{""detail"":{""status"":""needs_authorization"",""message"":""Neither authorization header nor xi-api-key received, please provide one.""}}",../outputs/elevenlabs/gujarati/gujarati_2.mp3
2026-03-01 16:33:02.467422,gujarati,શયનખંડ એર પ્યુરિફાયર 1 માં ફેન ઝડપ 4 સેટ કરો।,Sarvam,0.15288710594177246,"{""error"":{""message"":""Invalid or missing authentication credentials"",""code"":""invalid_api_key_error"",""request_id"":""20260301_1fb75fbd-ddea-4ecb-bbe5-65a3fa150522""}}",../outputs/sarvam/gujarati/gujarati_2.wav
2026-03-01 16:33:02.742078,gujarati,શયનખંડ એર પ્યુરિફાયર 1 માં નાઈટ મોડ સેટ કરો।,ElevenLabs,0.1347062587738037,"{""detail"":{""status"":""needs_authorization"",""message"":""Neither authorization header nor xi-api-key received, please provide one.""}}",../outputs/elevenlabs/gujarati/gujarati_3.mp3
2026-03-01 16:33:02.742078,gujarati,શયનખંડ એર પ્યુરિફાયર 1 માં નાઈટ મોડ સેટ કરો।,Sarvam,0.13846302032470703,"{""error"":{""message"":""Invalid or missing authentication credentials"",""code"":""invalid_api_key_error"",""request_id"":""20260301_1e6f0178-1e33-490b-bb41-7b534af3e8ec""}}",../outputs/sarvam/gujarati/gujarati_3.wav
2026-03-01 16:33:03.016415,gujarati,શયનખંડ એર પ્યુરિફાયર 1 માં 60 મિનિટનો સ્વિચ ઓફ ટાઈમર સેટ કરો।,ElevenLabs,0.12952399253845215,"{""detail"":{""status"":""needs_authorization"",""message"":""Neither authorization header nor xi-api-key received, please provide one.""}}",../outputs/elevenlabs/gujarati/gujarati_4.mp3
2026-03-01 16:33:03.016415,gujarati,શયનખંડ એર પ્યુરિફાયર 1 માં 60 મિનિટનો સ્વિચ ઓફ ટાઈમર સેટ કરો।,Sarvam,0.13952422142028809,"{""error"":{""message"":""Invalid or missing authentication credentials"",""code"":""invalid_api_key_error"",""request_id"":""20260301_05d44208-0447-41be-ae93-bd02dc4774b7""}}",../outputs/sarvam/gujarati/gujarati_4.wav
2026-03-01 16:33:03.286951,gujarati,શયનખંડ એર પ્યુરિફાયર 1 માં રિંગ એલઈડી બ્રાઇટનેસ 40 સેટ કરો।,ElevenLabs,0.1235809326171875,"{""detail"":{""status"":""needs_authorization"",""message"":""Neither authorization header nor xi-api-key received, please provide one.""}}",../outputs/elevenlabs/gujarati/gujarati_5.mp3
2026-03-01 16:33:03.286951,gujarati,શયનખંડ એર પ્યુરિફાયર 1 માં રિંગ એલઈડી બ્રાઇટનેસ 40 સેટ કરો।,Sarvam,0.15278959274291992,"{""error"":{""message"":""Invalid or missing authentication credentials"",""code"":""invalid_api_key_error"",""request_id"":""20260301_7576b782-b3ba-4e91-9734-44970df4484d""}}",../outputs/sarvam/gujarati/gujarati_5.wav
2026-03-01 16:33:03.565337,gujarati,શયનખંડ એર પ્યુરિફાયર 1 માં ટર્બો મોડ ચાલુ કરો અને બજ્ઝર નિયંત્રણ બંધ કરો।,ElevenLabs,0.12834763526916504,"{""detail"":{""status"":""needs_authorization"",""message"":""Neither authorization header nor xi-api-key received, please provide one.""}}",../outputs/elevenlabs/gujarati/gujarati_6.mp3
2026-03-01 16:33:03.565337,gujarati,શયનખંડ એર પ્યુરિફાયર 1 માં ટર્બો મોડ ચાલુ કરો અને બજ્ઝર નિયંત્રણ બંધ કરો।,Sarvam,0.14185690879821777,"{""error"":{""message"":""Invalid or missing authentication credentials"",""code"":""invalid_api_key_error"",""request_id"":""20260301_186fbb77-8b9f-4144-b61d-985151fe8d27""}}",../outputs/sarvam/gujarati/gujarati_6.wav
2026-03-01 16:33:03.837689,gujarati,શયનખંડ એર પ્યુરિફાયર 1 માં 720 મિનિટનો સ્વિચ ઓફ ટાઈમર સેટ કરો।,ElevenLabs,0.13298797607421875,"{""detail"":{""status"":""needs_authorization"",""message"":""Neither authorization header nor xi-api-key received, please provide one.""}}",../outputs/elevenlabs/gujarati/gujarati_7.mp3
2026-03-01 16:33:03.837689,gujarati,શયનખંડ એર પ્યુરિફાયર 1 માં 720 મિનિટનો સ્વિચ ઓફ ટાઈમર સેટ કરો।,Sarvam,0.16013216972351074,"{""error"":{""message"":""Invalid or missing authentication credentials"",""code"":""invalid_api_key_error"",""request_id"":""20260301_8bc0ddbd-b858-4418-a9df-61b1b32994a9""}}",../outputs/sarvam/gujarati/gujarati_7.wav
2026-03-01 16:33:04.132805,gujarati,ડાઈનિંગ રૂમમાં એર પ્યુરિફાયર ચાલુ કરો।,ElevenLabs,0.12463569641113281,"{""detail"":{""status"":""needs_authorization"",""message"":""Neither authorization header nor xi-api-key received, please provide one.""}}",../outputs/elevenlabs/gujarati/gujarati_8.mp3
2026-03-01 16:33:04.132805,gujarati,ડાઈનિંગ રૂમમાં એર પ્યુરિફાયર ચાલુ કરો।,Sarvam,0.14996862411499023,"{""error"":{""message"":""Invalid or missing authentication credentials"",""code"":""invalid_api_key_error"",""request_id"":""20260301_d7045600-12e7-4017-9b50-f4bf75633e5b""}}",../outputs/sarvam/gujarati/gujarati_8.wav
2026-03-01 16:33:04.408420,gujarati,મારા શયનખંડ એર પ્યુરિફાયર 1 ની સ્થિતિ શું છે?,ElevenLabs,0.13430404663085938,"{""detail"":{""status"":""needs_authorization"",""message"":""Neither authorization header nor xi-api-key received, please provide one.""}}",../outputs/elevenlabs/gujarati/gujarati_9.mp3
2026-03-01 16:33:04.408420,gujarati,મારા શયનખંડ એર પ્યુરિફાયર 1 ની સ્થિતિ શું છે?,Sarvam,0.14983034133911133,"{""error"":{""message"":""Invalid or missing authentication credentials"",""code"":""invalid_api_key_error"",""request_id"":""20260301_3fa6bae5-45c7-48fc-9d29-7ae832d0d67c""}}",../outputs/sarvam/gujarati/gujarati_9.wav
2026-03-01 16:33:04.692554,gujarati,ડાઈનિંગ રૂમ એર પ્યુરિફાયર 1 ચાલુ કરો।,ElevenLabs,0.12935256958007812,"{""detail"":{""status"":""needs_authorization"",""message"":""Neither authorization header nor xi-api-key received, please provide one.""}}",../outputs/elevenlabs/gujarati/gujarati_10.mp3
2026-03-01 16:33:04.692554,gujarati,ડાઈનિંગ રૂમ એર પ્યુરિફાયર 1 ચાલુ કરો।,Sarvam,0.13847780227661133,"{""error"":{""message"":""Invalid or missing authentication credentials"",""code"":""invalid_api_key_error"",""request_id"":""20260301_ce44849f-0fb1-47ab-b0ac-c082da5bd3f0""}}",../outputs/sarvam/gujarati/gujarati_10.wav
2026-03-01 16:33:04.961408,gujarati,ડાઈનિંગ રૂમ એર પ્યુરિફાયર 1 માં રિંગ એલઈડી બ્રાઇટનેસ 70 સેટ કરો।,ElevenLabs,0.13050580024719238,"{""detail"":{""status"":""needs_authorization"",""message"":""Neither authorization header nor xi-api-key received, please provide one.""}}",../outputs/elevenlabs/gujarati/gujarati_11.mp3
2026-03-01 16:33:04.961408,gujarati,ડાઈનિંગ રૂમ એર પ્યુરિફાયર 1 માં રિંગ એલઈડી બ્રાઇટનેસ 70 સેટ કરો।,Sarvam,0.17502784729003906,"{""error"":{""message"":""Invalid or missing authentication credentials"",""code"":""invalid_api_key_error"",""request_id"":""20260301_8f7159be-0b3b-45b2-89d6-d66376b4932a""}}",../outputs/sarvam/gujarati/gujarati_11.wav
2026-03-01 16:33:05.267512,gujarati,ડાઈનિંગ રૂમ એર પ્યુરિફાયર 1 માં હીટર પાવર ચાલુ કરો।,ElevenLabs,0.13268589973449707,"{""detail"":{""status"":""needs_authorization"",""message"":""Neither authorization header nor xi-api-key received, please provide one.""}}",../outputs/elevenlabs/gujarati/gujarati_12.mp3
2026-03-01 16:33:05.267512,gujarati,ડાઈનિંગ રૂમ એર પ્યુરિફાયર 1 માં હીટર પાવર ચાલુ કરો।,Sarvam,0.14181256294250488,"{""error"":{""message"":""Invalid or missing authentication credentials"",""code"":""invalid_api_key_error"",""request_id"":""20260301_20b3c7aa-e43b-4d59-a73a-5de3f8c6512b""}}",../outputs/sarvam/gujarati/gujarati_12.wav
2026-03-01 16:33:05.543519,gujarati,ડાઈનિંગ રૂમ એર પ્યુરિફાયર 1 માં નાઈટ મોડ સેટ કરો।,ElevenLabs,0.12251448631286621,"{""detail"":{""status"":""needs_authorization"",""message"":""Neither authorization header nor xi-api-key received, please provide one.""}}",../outputs/elevenlabs/gujarati/gujarati_13.mp3
2026-03-01 16:33:05.543519,gujarati,ડાઈનિંગ રૂમ એર પ્યુરિફાયર 1 માં નાઈટ મોડ સેટ કરો।,Sarvam,0.14127564430236816,"{""error"":{""message"":""Invalid or missing authentication credentials"",""code"":""invalid_api_key_error"",""request_id"":""20260301_661cd957-00c0-4fef-99f5-8554960488d9""}}",../outputs/sarvam/gujarati/gujarati_13.wav
2026-03-01 16:33:05.808493,gujarati,ડાઈનિંગ રૂમ એર પ્યુરિફાયર 1 માં 180 મિનિટનો સ્વિચ ઓફ ટાઈમર સેટ કરો।,ElevenLabs,0.13075757026672363,"{""detail"":{""status"":""needs_authorization"",""message"":""Neither authorization header nor xi-api-key received, please provide one.""}}",../outputs/elevenlabs/gujarati/gujarati_14.mp3
2026-03-01 16:33:05.808493,gujarati,ડાઈનિંગ રૂમ એર પ્યુરિફાયર 1 માં 180 મિનિટનો સ્વિચ ઓફ ટાઈમર સેટ કરો।,Sarvam,0.14281964302062988,"{""error"":{""message"":""Invalid or missing authentication credentials"",""code"":""invalid_api_key_error"",""request_id"":""20260301_a7c6db7d-de17-455f-a3ad-50d49583be0d""}}",../outputs/sarvam/gujarati/gujarati_14.wav
2026-03-01 16:33:06.083706,gujarati,ડાઈનિંગ રૂમ એર પ્યુરિફાયર 1 માં બજ્ઝર નિયંત્રણ ચાલુ કરો।,ElevenLabs,0.1260533332824707,"{""detail"":{""status"":""needs_authorization"",""message"":""Neither authorization header nor xi-api-key received, please provide one.""}}",../outputs/elevenlabs/gujarati/gujarati_15.mp3
2026-03-01 16:33:06.083706,gujarati,ડાઈનિંગ રૂમ એર પ્યુરિફાયર 1 માં બજ્ઝર નિયંત્રણ ચાલુ કરો।,Sarvam,0.17497587203979492,"{""error"":{""message"":""Invalid or missing authentication credentials"",""code"":""invalid_api_key_error"",""request_id"":""20260301_9f32bffa-6306-435a-89ea-bc1b511a0c2c""}}",../outputs/sarvam/gujarati/gujarati_15.wav
2026-03-01 16:33:06.386259,gujarati,ડાઈનિંગ રૂમ એર પ્યુરિફાયર 1 માં ફેન ઝડપ 3 સેટ કરો।,ElevenLabs,0.12783241271972656,"{""detail"":{""status"":""needs_authorization"",""message"":""Neither authorization header nor xi-api-key received, please provide one.""}}",../outputs/elevenlabs/gujarati/gujarati_16.mp3
2026-03-01 16:33:06.386259,gujarati,ડાઈનિંગ રૂમ એર પ્યુરિફાયર 1 માં ફેન ઝડપ 3 સેટ કરો।,Sarvam,0.1856527328491211,"{""error"":{""message"":""Invalid or missing authentication credentials"",""code"":""invalid_api_key_error"",""request_id"":""20260301_87b8334d-4c67-4de8-8620-cc8f243a2a3b""}}",../outputs/sarvam/gujarati/gujarati_16.wav
2026-03-01 16:33:06.700746,gujarati,ડાઈનિંગ રૂમ એર પ્યુરિફાયર 1 ચાલુ કરો।,ElevenLabs,0.1209559440612793,"{""detail"":{""status"":""needs_authorization"",""message"":""Neither authorization header nor xi-api-key received, please provide one.""}}",../outputs/elevenlabs/gujarati/gujarati_17.mp3
2026-03-01 16:33:06.700746,gujarati,ડાઈનિંગ રૂમ એર પ્યુરિફાયર 1 ચાલુ કરો।,Sarvam,0.17171287536621094,"{""error"":{""message"":""Invalid or missing authentication credentials"",""code"":""invalid_api_key_error"",""request_id"":""20260301_57d2ce0b-c610-4f11-9713-7eaba6acc4e4""}}",../outputs/sarvam/gujarati/gujarati_17.wav
2026-03-01 16:33:06.995928,gujarati,ડાઈનિંગ રૂમ એર પ્યુરિફાયર 1 માં રિંગ એલઈડી બ્રાઇટનેસ 200 સેટ કરો।,ElevenLabs,0.12807083129882812,"{""detail"":{""status"":""needs_authorization"",""message"":""Neither authorization header nor xi-api-key received, please provide one.""}}",../outputs/elevenlabs/gujarati/gujarati_18.mp3
2026-03-01 16:33:06.995928,gujarati,ડાઈનિંગ રૂમ એર પ્યુરિફાયર 1 માં રિંગ એલઈડી બ્રાઇટનેસ 200 સેટ કરો।,Sarvam,0.15760064125061035,"{""error"":{""message"":""Invalid or missing authentication credentials"",""code"":""invalid_api_key_error"",""request_id"":""20260301_0db80324-86e3-4f4d-a5be-89fb85255da3""}}",../outputs/sarvam/gujarati/gujarati_18.wav
2026-03-01 16:33:07.283597,gujarati,ડાઈનિંગ રૂમ એર પ્યુરિફાયર 100 માં 180 મિનિટનો સ્વિચ ઓફ ટાઈમર સેટ કરો।,ElevenLabs,0.12568116188049316,"{""detail"":{""status"":""needs_authorization"",""message"":""Neither authorization header nor xi-api-key received, please provide one.""}}",../outputs/elevenlabs/gujarati/gujarati_19.mp3
2026-03-01 16:33:07.283597,gujarati,ડાઈનિંગ રૂમ એર પ્યુરિફાયર 100 માં 180 મિનિટનો સ્વિચ ઓફ ટાઈમર સેટ કરો।,Sarvam,0.13971900939941406,"{""error"":{""message"":""Invalid or missing authentication credentials"",""code"":""invalid_api_key_error"",""request_id"":""20260301_55a51790-7143-4787-a9fe-cabf8dca5a8f""}}",../outputs/sarvam/gujarati/gujarati_19.wav
2026-03-01 16:33:07.551004,gujarati,લિવિંગ રૂમ એર પ્યુરિફાયર 1 ચાલુ કરો।,ElevenLabs,0.16321468353271484,"{""detail"":{""status"":""needs_authorization"",""message"":""Neither authorization header nor xi-api-key received, please provide one.""}}",../outputs/elevenlabs/gujarati/gujarati_20.mp3
2026-03-01 16:33:07.551004,gujarati,લિવિંગ રૂમ એર પ્યુરિફાયર 1 ચાલુ કરો।,Sarvam,0.15489435195922852,"{""error"":{""message"":""Invalid or missing authentication credentials"",""code"":""invalid_api_key_error"",""request_id"":""20260301_25c805e9-a546-4c1f-844c-28ef9ed37791""}}",../outputs/sarvam/gujarati/gujarati_20.wav
2026-03-01 16:33:07.870122,gujarati,લિવિંગ રૂમ એર પ્યુરિફાયર 1 માં 60 મિનિટનો સ્વિચ ઓફ ટાઈમર સેટ કરો।,ElevenLabs,0.12965154647827148,"{""detail"":{""status"":""needs_authorization"",""message"":""Neither authorization header nor xi-api-key received, please provide one.""}}",../outputs/elevenlabs/gujarati/gujarati_21.mp3
2026-03-01 16:33:07.870122,gujarati,લિવિંગ રૂમ એર પ્યુરિફાયર 1 માં 60 મિનિટનો સ્વિચ ઓફ ટાઈમર સેટ કરો।,Sarvam,0.13678431510925293,"{""error"":{""message"":""Invalid or missing authentication credentials"",""code"":""invalid_api_key_error"",""request_id"":""20260301_b99d3879-b179-4a2d-a949-5246cb59eb0a""}}",../outputs/sarvam/gujarati/gujarati_21.wav
2026-03-01 16:33:08.137582,gujarati,લિવિંગ રૂમ એર પ્યુરિફાયર 1 માં નાઈટ મોડ ચાલુ કરો।,ElevenLabs,0.12413620948791504,"{""detail"":{""status"":""needs_authorization"",""message"":""Neither authorization header nor xi-api-key received, please provide one.""}}",../outputs/elevenlabs/gujarati/gujarati_22.mp3
2026-03-01 16:33:08.137582,gujarati,લિવિંગ રૂમ એર પ્યુરિફાયર 1 માં નાઈટ મોડ ચાલુ કરો।,Sarvam,0.14779281616210938,"{""error"":{""message"":""Invalid or missing authentication credentials"",""code"":""invalid_api_key_error"",""request_id"":""20260301_52055940-79b9-4320-8272-a66d303fc711""}}",../outputs/sarvam/gujarati/gujarati_22.wav
2026-03-01 16:33:08.410503,gujarati,લિવિંગ રૂમ એર પ્યુરિફાયર 1 ની ફેન પાવર બંધ કરો।,ElevenLabs,0.1331624984741211,"{""detail"":{""status"":""needs_authorization"",""message"":""Neither authorization header nor xi-api-key received, please provide one.""}}",../outputs/elevenlabs/gujarati/gujarati_23.mp3
2026-03-01 16:33:08.410503,gujarati,લિવિંગ રૂમ એર પ્યુરિફાયર 1 ની ફેન પાવર બંધ કરો।,Sarvam,0.16667842864990234,"{""error"":{""message"":""Invalid or missing authentication credentials"",""code"":""invalid_api_key_error"",""request_id"":""20260301_893daed8-43a4-484a-a280-d9d41e5bfa59""}}",../outputs/sarvam/gujarati/gujarati_23.wav
2026-03-01 16:33:08.711362,gujarati,લિવિંગ રૂમ એર પ્યુરિફાયર 1 માં ફેન પાવર ચાલુ કરી ફેન ઝડપ 4 સેટ કરો।,ElevenLabs,0.13992929458618164,"{""detail"":{""status"":""needs_authorization"",""message"":""Neither authorization header nor xi-api-key received, please provide one.""}}",../outputs/elevenlabs/gujarati/gujarati_24.mp3
2026-03-01 16:33:08.711362,gujarati,લિવિંગ રૂમ એર પ્યુરિફાયર 1 માં ફેન પાવર ચાલુ કરી ફેન ઝડપ 4 સેટ કરો।,Sarvam,0.13128924369812012,"{""error"":{""message"":""Invalid or missing authentication credentials"",""code"":""invalid_api_key_error"",""request_id"":""20260301_de2b1017-e5c2-4f6c-b3c0-143de0087063""}}",../outputs/sarvam/gujarati/gujarati_24.wav
2026-03-01 16:33:08.984590,gujarati,લિવિંગ રૂમ એર પ્યુરિફાયર 1 માં ફેન ઝડપ 8 સેટ કરો।,ElevenLabs,0.12081146240234375,"{""detail"":{""status"":""needs_authorization"",""message"":""Neither authorization header nor xi-api-key received, please provide one.""}}",../outputs/elevenlabs/gujarati/gujarati_25.mp3
2026-03-01 16:33:08.984590,gujarati,લિવિંગ રૂમ એર પ્યુરિફાયર 1 માં ફેન ઝડપ 8 સેટ કરો।,Sarvam,0.1403498649597168,"{""error"":{""message"":""Invalid or missing authentication credentials"",""code"":""invalid_api_key_error"",""request_id"":""20260301_5daf5809-1e2f-4597-9dad-d508279182bd""}}",../outputs/sarvam/gujarati/gujarati_25.wav
2026-03-01 16:33:09.247369,gujarati,લિવિંગ રૂમ એર પ્યુરિફાયર 1 બંધ કરો।,ElevenLabs,0.13955402374267578,"{""detail"":{""status"":""needs_authorization"",""message"":""Neither authorization header nor xi-api-key received, please provide one.""}}",../outputs/elevenlabs/gujarati/gujarati_26.mp3
2026-03-01 16:33:09.247369,gujarati,લિવિંગ રૂમ એર પ્યુરિફાયર 1 બંધ કરો।,Sarvam,0.13774633407592773,"{""error"":{""message"":""Invalid or missing authentication credentials"",""code"":""invalid_api_key_error"",""request_id"":""20260301_1ee95400-5351-4598-8445-a9f46d349895""}}",../outputs/sarvam/gujarati/gujarati_26.wav
2026-03-01 16:33:09.526229,gujarati,લિવિંગ રૂમ એર પ્યુરિફાયર 1 બંધ કરો।,ElevenLabs,0.12420320510864258,"{""detail"":{""status"":""needs_authorization"",""message"":""Neither authorization header nor xi-api-key received, please provide one.""}}",../outputs/elevenlabs/gujarati/gujarati_27.mp3
2026-03-01 16:33:09.526229,gujarati,લિવિંગ રૂમ એર પ્યુરિફાયર 1 બંધ કરો।,Sarvam,0.14294838905334473,"{""error"":{""message"":""Invalid or missing authentication credentials"",""code"":""invalid_api_key_error"",""request_id"":""20260301_0cffc50e-af84-423d-a260-768841d8a847""}}",../outputs/sarvam/gujarati/gujarati_27.wav
2026-03-01 16:33:09.795120,gujarati,લિવિંગ રૂમ એર પ્યુરિફાયર 1 માં ફેન ઝડપ 2 સેટ કરો।,ElevenLabs,0.11824512481689453,"{""detail"":{""status"":""needs_authorization"",""message"":""Neither authorization header nor xi-api-key received, please provide one.""}}",../outputs/elevenlabs/gujarati/gujarati_28.mp3
2026-03-01 16:33:09.795120,gujarati,લિવિંગ રૂમ એર પ્યુરિફાયર 1 માં ફેન ઝડપ 2 સેટ કરો।,Sarvam,0.14883995056152344,"{""error"":{""message"":""Invalid or missing authentication credentials"",""code"":""invalid_api_key_error"",""request_id"":""20260301_475a50ab-2502-4034-9587-d6c1e707b484""}}",../outputs/sarvam/gujarati/gujarati_28.wav
2026-03-01 16:33:10.063734,gujarati,મારા શયનખંડમાં કયા ઉપકરણો છે?,ElevenLabs,0.12398290634155273,"{""detail"":{""status"":""needs_authorization"",""message"":""Neither authorization header nor xi-api-key received, please provide one.""}}",../outputs/elevenlabs/gujarati/gujarati_29.mp3
2026-03-01 16:33:10.063734,gujarati,મારા શયનખંડમાં કયા ઉપકરણો છે?,Sarvam,0.13694095611572266,"{""error"":{""message"":""Invalid or missing authentication credentials"",""code"":""invalid_api_key_error"",""request_id"":""20260301_f0b3f625-96dd-4000-a10a-b8caa30716fe""}}",../outputs/sarvam/gujarati/gujarati_29.wav
2026-03-01 16:33:10.326285,gujarati,શયનખંડમાં AC ચાલુ કરો।,ElevenLabs,0.11962509155273438,"{""detail"":{""status"":""needs_authorization"",""message"":""Neither authorization header nor xi-api-key received, please provide one.""}}",../outputs/elevenlabs/gujarati/gujarati_30.mp3
2026-03-01 16:33:10.326285,gujarati,શયનખંડમાં AC ચાલુ કરો।,Sarvam,0.14046430587768555,"{""error"":{""message"":""Invalid or missing authentication credentials"",""code"":""invalid_api_key_error"",""request_id"":""20260301_520418bc-ead5-42d0-90f6-1c733f152b0e""}}",../outputs/sarvam/gujarati/gujarati_30.wav
2026-03-01 16:33:10.587373,gujarati,શયનખંડના AC માં તાપમાન 18 ડિગ્રી સેટ કરો।,ElevenLabs,0.12521839141845703,"{""detail"":{""status"":""needs_authorization"",""message"":""Neither authorization header nor xi-api-key received, please provide one.""}}",../outputs/elevenlabs/gujarati/gujarati_31.mp3
2026-03-01 16:33:10.587373,gujarati,શયનખંડના AC માં તાપમાન 18 ડિગ્રી સેટ કરો।,Sarvam,0.15395855903625488,"{""error"":{""message"":""Invalid or missing authentication credentials"",""code"":""invalid_api_key_error"",""request_id"":""20260301_489c2a6b-418c-41f4-8346-6651eddb732f""}}",../outputs/sarvam/gujarati/gujarati_31.wav
2026-03-01 16:33:10.869087,gujarati,શયનખંડના AC માં ડિસ્પ્લે મોડ ચાલુ કરો।,ElevenLabs,0.12155818939208984,"{""detail"":{""status"":""needs_authorization"",""message"":""Neither authorization header nor xi-api-key received, please provide one.""}}",../outputs/elevenlabs/gujarati/gujarati_32.mp3
2026-03-01 16:33:10.869087,gujarati,શયનખંડના AC માં ડિસ્પ્લે મોડ ચાલુ કરો।,Sarvam,0.14310526847839355,"{""error"":{""message"":""Invalid or missing authentication credentials"",""code"":""invalid_api_key_error"",""request_id"":""20260301_a0110107-5bdf-47fa-a11d-d2f073b1f159""}}",../outputs/sarvam/gujarati/gujarati_32.wav
2026-03-01 16:33:11.134751,gujarati,ડાઈનિંગ રૂમમાં AC ચાલુ કરો।,ElevenLabs,0.1288437843322754,"{""detail"":{""status"":""needs_authorization"",""message"":""Neither authorization header nor xi-api-key received, please provide one.""}}",../outputs/elevenlabs/gujarati/gujarati_33.mp3
2026-03-01 16:33:11.134751,gujarati,ડાઈનિંગ રૂમમાં AC ચાલુ કરો।,Sarvam,0.13204669952392578,"{""error"":{""message"":""Invalid or missing authentication credentials"",""code"":""invalid_api_key_error"",""request_id"":""20260301_68a1b6fd-504b-47c6-be04-8cabe97da634""}}",../outputs/sarvam/gujarati/gujarati_33.wav
2026-03-01 16:33:11.396628,gujarati,ઓફિસ AC 2 ચાલુ કરો।,ElevenLabs,0.12204599380493164,"{""detail"":{""status"":""needs_authorization"",""message"":""Neither authorization header nor xi-api-key received, please provide one.""}}",../outputs/elevenlabs/gujarati/gujarati_34.mp3
2026-03-01 16:33:11.396628,gujarati,ઓફિસ AC 2 ચાલુ કરો।,Sarvam,0.14760351181030273,"{""error"":{""message"":""Invalid or missing authentication credentials"",""code"":""invalid_api_key_error"",""request_id"":""20260301_01fecc27-8613-4cac-b3d6-e685b72c0860""}}",../outputs/sarvam/gujarati/gujarati_34.wav
2026-03-01 16:33:11.667263,gujarati,શયનખંડના AC માં ડ્રાય મોડ સેટ કરો।,ElevenLabs,0.14989328384399414,"{""detail"":{""status"":""needs_authorization"",""message"":""Neither authorization header nor xi-api-key received, please provide one.""}}",../outputs/elevenlabs/gujarati/gujarati_35.mp3
2026-03-01 16:33:11.667263,gujarati,શયનખંડના AC માં ડ્રાય મોડ સેટ કરો।,Sarvam,0.1418449878692627,"{""error"":{""message"":""Invalid or missing authentication credentials"",""code"":""invalid_api_key_error"",""request_id"":""20260301_a4055b47-f228-4c78-925f-5d00a1e179eb""}}",../outputs/sarvam/gujarati/gujarati_35.wav
2026-03-01 16:33:11.961551,gujarati,શયનખંડના AC માં સ્લીપ મોડ ચાલુ કરો।,ElevenLabs,0.1198427677154541,"{""detail"":{""status"":""needs_authorization"",""message"":""Neither authorization header nor xi-api-key received, please provide one.""}}",../outputs/elevenlabs/gujarati/gujarati_36.mp3
2026-03-01 16:33:11.961551,gujarati,શયનખંડના AC માં સ્લીપ મોડ ચાલુ કરો।,Sarvam,0.14587116241455078,"{""error"":{""message"":""Invalid or missing authentication credentials"",""code"":""invalid_api_key_error"",""request_id"":""20260301_19224701-e15c-4ace-8316-7059b66d834e""}}",../outputs/sarvam/gujarati/gujarati_36.wav
2026-03-01 16:33:12.228283,gujarati,શયનખંડના AC માં વર્ટિકલ સ્વિંગ સ્થિતિ 5 પર સેટ કરો।,ElevenLabs,0.12235331535339355,"{""detail"":{""status"":""needs_authorization"",""message"":""Neither authorization header nor xi-api-key received, please provide one.""}}",../outputs/elevenlabs/gujarati/gujarati_37.mp3
2026-03-01 16:33:12.228283,gujarati,શયનખંડના AC માં વર્ટિકલ સ્વિંગ સ્થિતિ 5 પર સેટ કરો।,Sarvam,0.13495302200317383,"{""error"":{""message"":""Invalid or missing authentication credentials"",""code"":""invalid_api_key_error"",""request_id"":""20260301_c4a1d728-a900-406b-b5d7-0c0158176bb6""}}",../outputs/sarvam/gujarati/gujarati_37.wav
2026-03-01 16:33:12.486606,gujarati,શયનખંડના AC માં સ્કાય હાઈ કલર ચાલુ કરો।,ElevenLabs,0.12172222137451172,"{""detail"":{""status"":""needs_authorization"",""message"":""Neither authorization header nor xi-api-key received, please provide one.""}}",../outputs/elevenlabs/gujarati/gujarati_38.mp3
2026-03-01 16:33:12.486606,gujarati,શયનખંડના AC માં સ્કાય હાઈ કલર ચાલુ કરો।,Sarvam,0.13708138465881348,"{""error"":{""message"":""Invalid or missing authentication credentials"",""code"":""invalid_api_key_error"",""request_id"":""20260301_cdfb8eb4-b897-49d2-8421-f13973842a3a""}}",../outputs/sarvam/gujarati/gujarati_38.wav
2026-03-01 16:33:12.746423,gujarati,લિવિંગ રૂમ AC 2 ચાલુ કરીને તેનું હોરિઝોન્ટલ સ્વિંગ સ્થિતિ 2 પર સેટ કરો।,ElevenLabs,0.12831687927246094,"{""detail"":{""status"":""needs_authorization"",""message"":""Neither authorization header nor xi-api-key received, please provide one.""}}",../outputs/elevenlabs/gujarati/gujarati_39.mp3
2026-03-01 16:33:12.746423,gujarati,લિવિંગ રૂમ AC 2 ચાલુ કરીને તેનું હોરિઝોન્ટલ સ્વિંગ સ્થિતિ 2 પર સેટ કરો।,Sarvam,0.13147616386413574,"{""error"":{""message"":""Invalid or missing authentication credentials"",""code"":""invalid_api_key_error"",""request_id"":""20260301_ee057a02-b02d-47b3-961d-f82cd5b51d38""}}",../outputs/sarvam/gujarati/gujarati_39.wav
2026-03-01 16:33:13.007216,gujarati,લિવિંગ રૂમ AC 2 માં ટર્બો મોડ ચાલુ કરો।,ElevenLabs,0.118377685546875,"{""detail"":{""status"":""needs_authorization"",""message"":""Neither authorization header nor xi-api-key received, please provide one.""}}",../outputs/elevenlabs/gujarati/gujarati_40.mp3
2026-03-01 16:33:13.007216,gujarati,લિવિંગ રૂમ AC 2 માં ટર્બો મોડ ચાલુ કરો।,Sarvam,0.12792205810546875,"{""error"":{""message"":""Invalid or missing authentication credentials"",""code"":""invalid_api_key_error"",""request_id"":""20260301_b6355ec2-ed2c-44ef-9aaf-e1f603c69d47""}}",../outputs/sarvam/gujarati/gujarati_40.wav
2026-03-01 16:33:13.255020,gujarati,શયનખંડના AC માં ચાઇલ્ડ લોક ચાલુ કરો।,ElevenLabs,0.11990737915039062,"{""detail"":{""status"":""needs_authorization"",""message"":""Neither authorization header nor xi-api-key received, please provide one.""}}",../outputs/elevenlabs/gujarati/gujarati_41.mp3
2026-03-01 16:33:13.255020,gujarati,શયનખંડના AC માં ચાઇલ્ડ લોક ચાલુ કરો।,Sarvam,0.13375091552734375,"{""error"":{""message"":""Invalid or missing authentication credentials"",""code"":""invalid_api_key_error"",""request_id"":""20260301_cca28795-5e30-4a35-bd1e-2f8007c2ef37""}}",../outputs/sarvam/gujarati/gujarati_41.wav
2026-03-01 16:33:13.508678,gujarati,ઓફિસ AC 2 માં ફેન ઝડપ હાઈ સેટ કરો।,ElevenLabs,0.1261005401611328,"{""detail"":{""status"":""needs_authorization"",""message"":""Neither authorization header nor xi-api-key received, please provide one.""}}",../outputs/elevenlabs/gujarati/gujarati_42.mp3
2026-03-01 16:33:13.508678,gujarati,ઓફિસ AC 2 માં ફેન ઝડપ હાઈ સેટ કરો।,Sarvam,0.15497779846191406,"{""error"":{""message"":""Invalid or missing authentication credentials"",""code"":""invalid_api_key_error"",""request_id"":""20260301_806429c0-01ee-4388-9589-dcfb71e2babf""}}",../outputs/sarvam/gujarati/gujarati_42.wav
2026-03-01 16:33:13.790762,gujarati,શયનખંડના AC માં હોરિઝોન્ટલ સ્વિંગ ઓટો પર સેટ કરો।,ElevenLabs,0.12544727325439453,"{""detail"":{""status"":""needs_authorization"",""message"":""Neither authorization header nor xi-api-key received, please provide one.""}}",../outputs/elevenlabs/gujarati/gujarati_43.mp3
2026-03-01 16:33:13.790762,gujarati,શયનખંડના AC માં હોરિઝોન્ટલ સ્વિંગ ઓટો પર સેટ કરો।,Sarvam,0.14423274993896484,"{""error"":{""message"":""Invalid or missing authentication credentials"",""code"":""invalid_api_key_error"",""request_id"":""20260301_a08dccea-91a6-4630-806b-880b2cce0c63""}}",../outputs/sarvam/gujarati/gujarati_43.wav
2026-03-01 16:33:14.061426,gujarati,લિવિંગ રૂમ AC 2 માં તાપમાન 30 ડિગ્રી સેટ કરો।,ElevenLabs,0.12775397300720215,"{""detail"":{""status"":""needs_authorization"",""message"":""Neither authorization header nor xi-api-key received, please provide one.""}}",../outputs/elevenlabs/gujarati/gujarati_44.mp3
2026-03-01 16:33:14.061426,gujarati,લિવિંગ રૂમ AC 2 માં તાપમાન 30 ડિગ્રી સેટ કરો।,Sarvam,0.17453384399414062,"{""error"":{""message"":""Invalid or missing authentication credentials"",""code"":""invalid_api_key_error"",""request_id"":""20260301_968594db-4393-4b82-9feb-7b0326140d63""}}",../outputs/sarvam/gujarati/gujarati_44.wav
2026-03-01 16:33:14.364729,gujarati,યોગ રૂમ AC 1 ચાલુ કરીને તેનો સ્વિચ ઓફ ટાઈમર 20 મિનિટ પર સેટ કરો।,ElevenLabs,0.12417364120483398,"{""detail"":{""status"":""needs_authorization"",""message"":""Neither authorization header nor xi-api-key received, please provide one.""}}",../outputs/elevenlabs/gujarati/gujarati_45.mp3
2026-03-01 16:33:14.364729,gujarati,યોગ રૂમ AC 1 ચાલુ કરીને તેનો સ્વિચ ઓફ ટાઈમર 20 મિનિટ પર સેટ કરો।,Sarvam,0.19128680229187012,"{""error"":{""message"":""Invalid or missing authentication credentials"",""code"":""invalid_api_key_error"",""request_id"":""20260301_882e20e7-10aa-4170-ac2a-50e55ae9f867""}}",../outputs/sarvam/gujarati/gujarati_45.wav
2026-03-01 16:33:14.681188,gujarati,યોગ રૂમ AC 1 માં હ્યુમિકોન મોડ ચાલુ કરો।,ElevenLabs,0.12815451622009277,"{""detail"":{""status"":""needs_authorization"",""message"":""Neither authorization header nor xi-api-key received, please provide one.""}}",../outputs/elevenlabs/gujarati/gujarati_46.mp3
2026-03-01 16:33:14.681188,gujarati,યોગ રૂમ AC 1 માં હ્યુમિકોન મોડ ચાલુ કરો।,Sarvam,0.14725399017333984,"{""error"":{""message"":""Invalid or missing authentication credentials"",""code"":""invalid_api_key_error"",""request_id"":""20260301_4f5ae218-c4e8-4c9b-bcf4-ade416b4c20f""}}",../outputs/sarvam/gujarati/gujarati_46.wav
2026-03-01 16:33:14.959630,gujarati,શયનખંડના AC માં ચાઇલ્ડ લોક મોડ બંધ કરો।,ElevenLabs,0.13537049293518066,"{""detail"":{""status"":""needs_authorization"",""message"":""Neither authorization header nor xi-api-key received, please provide one.""}}",../outputs/elevenlabs/gujarati/gujarati_47.mp3
2026-03-01 16:33:14.959630,gujarati,શયનખંડના AC માં ચાઇલ્ડ લોક મોડ બંધ કરો।,Sarvam,0.1482372283935547,"{""error"":{""message"":""Invalid or missing authentication credentials"",""code"":""invalid_api_key_error"",""request_id"":""20260301_dd6063af-035f-430f-90fb-0b27f259278f""}}",../outputs/sarvam/gujarati/gujarati_47.wav
2026-03-01 16:33:15.244230,gujarati,શયનખંડના AC માં ઇકો મોડ ચાલુ કરો।,ElevenLabs,0.12392902374267578,"{""detail"":{""status"":""needs_authorization"",""message"":""Neither authorization header nor xi-api-key received, please provide one.""}}",../outputs/elevenlabs/gujarati/gujarati_48.mp3
2026-03-01 16:33:15.244230,gujarati,શયનખંડના AC માં ઇકો મોડ ચાલુ કરો।,Sarvam,0.13148927688598633,"{""error"":{""message"":""Invalid or missing authentication credentials"",""code"":""invalid_api_key_error"",""request_id"":""20260301_079b1f9a-ee55-4d25-8747-16e903b99350""}}",../outputs/sarvam/gujarati/gujarati_48.wav
2026-03-01 16:33:15.501668,gujarati,શયનખંડના AC માં લાઈટ ઇન્ટેન્સિટી લો સેટ કરો।,ElevenLabs,0.12813496589660645,"{""detail"":{""status"":""needs_authorization"",""message"":""Neither authorization header nor xi-api-key received, please provide one.""}}",../outputs/elevenlabs/gujarati/gujarati_49.mp3
2026-03-01 16:33:15.501668,gujarati,શયનખંડના AC માં લાઈટ ઇન્ટેન્સિટી લો સેટ કરો।,Sarvam,0.15487980842590332,"{""error"":{""message"":""Invalid or missing authentication credentials"",""code"":""invalid_api_key_error"",""request_id"":""20260301_166936ad-ddf9-4067-9494-0e16ec32dbf0""}}",../outputs/sarvam/gujarati/gujarati_49.wav
